<?xml version="1.0" encoding="UTF-8"?>
<osm version="0.6" generator="Overpass API 0.7.62.4 2390de5a">
<note>The data included in this document is from www.openstreetmap.org. The data is made available under ODbL.</note>
<meta osm_base="2024-12-04T18:53:30Z"/>

  <bounds minlat="51.5191416" minlon="-0.1336545" maxlat="51.5196690" maxlon="-0.1312351"/>

  <node id="9791484" lat="51.5187680" lon="-0.1324341" version="9" timestamp="2023-02-16T14:28:08Z" changeset="132632236" uid="251221" user="spiregrain"/>
  <node id="11863146" lat="51.5192531" lon="-0.1329274" version="12" timestamp="2023-02-16T14:28:08Z" changeset="132632236" uid="251221" user="spiregrain"/>
  <node id="25472045" lat="51.5194276" lon="-0.1324941" version="8" timestamp="2022-02-21T01:27:59Z" changeset="117659529" uid="322039" user="MacLondon"/>
  <node id="25472049" lat="51.5193887" lon="-0.1324095" version="5" timestamp="2022-09-04T01:25:50Z" changeset="125757345" uid="322039" user="MacLondon"/>
  <node id="25472050" lat="51.5193621" lon="-0.1322923" version="4" timestamp="2016-06-03T00:28:29Z" changeset="39767955" uid="82783" user="Paul The Archivist"/>
  <node id="25472051" lat="51.5193632" lon="-0.1322253" version="4" timestamp="2016-06-03T00:28:29Z" changeset="39767955" uid="82783" user="Paul The Archivist"/>
  <node id="25472052" lat="51.5193723" lon="-0.1321139" version="5" timestamp="2018-03-25T01:57:45Z" changeset="57499041" uid="7637564" user="rusefkuma"/>
  <node id="25472053" lat="51.5193997" lon="-0.1320281" version="4" timestamp="2016-06-03T00:28:29Z" changeset="39767955" uid="82783" user="Paul The Archivist"/>
  <node id="25472054" lat="51.5194546" lon="-0.1319305" version="5" timestamp="2016-06-03T00:28:29Z" changeset="39767955" uid="82783" user="Paul The Archivist"/>
  <node id="25472055" lat="51.5194989" lon="-0.1318921" version="5" timestamp="2016-06-03T00:28:29Z" changeset="39767955" uid="82783" user="Paul The Archivist"/>
  <node id="25472056" lat="51.5196114" lon="-0.1318788" version="5" timestamp="2018-03-25T01:57:45Z" changeset="57499041" uid="7637564" user="rusefkuma"/>
  <node id="25472057" lat="51.5196692" lon="-0.1319236" version="7" timestamp="2018-03-25T01:57:45Z" changeset="57499041" uid="7637564" user="rusefkuma"/>
  <node id="288157888" lat="51.5196540" lon="-0.1316969" version="5" timestamp="2012-07-15T19:54:12Z" changeset="12235105" uid="722137" user="OSMF Redaction Account">
    <tag k="wheelchair" v="limited"/>
  </node>
  <node id="305579006" lat="51.5190411" lon="-0.1330312" version="12" timestamp="2024-11-24T19:34:19Z" changeset="159546949" uid="20218801" user="Perry Lorier">
    <tag k="amenity" v="atm"/>
    <tag k="brand" v="NatWest"/>
    <tag k="brand:wikidata" v="Q2740021"/>
    <tag k="cash_in" v="no"/>
    <tag k="check_date" v="2024-07-08"/>
    <tag k="fee" v="no"/>
    <tag k="indoor" v="no"/>
    <tag k="opening_hours" v="24/7"/>
    <tag k="operator" v="NatWest"/>
    <tag k="operator:wikidata" v="Q2740021"/>
  </node>
  <node id="317291386" lat="51.5195455" lon="-0.1325118" version="7" timestamp="2024-07-08T17:26:45Z" changeset="153713123" uid="7096975" user="Peter Newman">
    <tag k="addr:city" v="London"/>
    <tag k="addr:housenumber" v="22"/>
    <tag k="addr:postcode" v="WC1E 7DF"/>
    <tag k="addr:street" v="Store Street"/>
    <tag k="amenity" v="restaurant"/>
    <tag k="fhrs:id" v="425017"/>
    <tag k="indoor_seating" v="yes"/>
    <tag k="name" v="Busaba Eathai"/>
    <tag k="outdoor_seating" v="yes"/>
    <tag k="source:addr" v="FHRS Open Data"/>
    <tag k="wheelchair" v="no"/>
  </node>
  <node id="317291389" lat="51.5196423" lon="-0.1336008" version="22" timestamp="2024-07-22T20:44:47Z" changeset="154280304" uid="21425661" user="CjMalone">
    <tag k="addr:city" v="London"/>
    <tag k="addr:housenumber" v="55"/>
    <tag k="addr:postcode" v="W1T 2EQ"/>
    <tag k="addr:street" v="Tottenham Court Road"/>
    <tag k="brand" v="M&amp;S Foodhall"/>
    <tag k="brand:wikidata" v="Q714491"/>
    <tag k="brand:wikipedia" v="en:Marks &amp; Spencer"/>
    <tag k="check_date" v="2024-07-21"/>
    <tag k="check_date:opening_hours" v="2024-07-21"/>
    <tag k="contact:website" v="https://www.marksandspencer.com/stores/tottenham-court-rd-simply-food-4750"/>
    <tag k="internet_access" v="no"/>
    <tag k="name" v="M&amp;S Foodhall"/>
    <tag k="opening_hours" v="Mo-Fr 07:30-21:00; Sa 08:00-21:00; Su 12:00-18:00"/>
    <tag k="payment:american_express" v="yes"/>
    <tag k="shop" v="supermarket"/>
    <tag k="wheelchair" v="yes"/>
    <tag k="wheelchair:description" v="This is not just access, this is M"/>
  </node>
  <node id="332040899" lat="51.5189538" lon="-0.1335166" version="6" timestamp="2016-06-17T23:01:09Z" changeset="40106720" uid="82783" user="Paul The Archivist"/>
  <node id="333670393" lat="51.5205781" lon="-0.1334090" version="9" timestamp="2023-03-04T10:58:11Z" changeset="133284839" uid="251688" user="Molko"/>
  <node id="333670394" lat="51.5195344" lon="-0.1322358" version="9" timestamp="2023-03-04T10:58:11Z" changeset="133284839" uid="251688" user="Molko"/>
  <node id="333670399" lat="51.5193542" lon="-0.1333152" version="4" timestamp="2017-10-05T20:09:19Z" changeset="52665479" uid="251221" user="spiregrain"/>
  <node id="333670403" lat="51.5190771" lon="-0.1330675" version="3" timestamp="2016-06-16T20:02:51Z" changeset="40076341" uid="82783" user="Paul The Archivist"/>
  <node id="333719180" lat="51.5193009" lon="-0.1328159" version="15" timestamp="2024-11-25T15:22:04Z" changeset="159578271" uid="18774200" user="conordoremus">
    <tag k="crossing" v="unmarked"/>
    <tag k="crossing:island" v="no"/>
    <tag k="crossing:markings" v="no"/>
    <tag k="highway" v="crossing"/>
    <tag k="tactile_paving" v="yes"/>
  </node>
  <node id="464800453" lat="51.5191917" lon="-0.1333636" version="4" timestamp="2016-06-17T23:01:09Z" changeset="40106720" uid="82783" user="Paul The Archivist"/>
  <node id="464800454" lat="51.5191406" lon="-0.1332061" version="5" timestamp="2018-08-15T11:33:36Z" changeset="61682753" uid="251221" user="spiregrain"/>
  <node id="464800456" lat="51.5192617" lon="-0.1333262" version="5" timestamp="2019-03-05T13:29:28Z" changeset="67804765" uid="251221" user="spiregrain"/>
  <node id="464800458" lat="51.5200535" lon="-0.1338328" version="4" timestamp="2015-09-05T13:42:49Z" changeset="33814997" uid="2414126" user="Weasel-Wiesel"/>
  <node id="464800460" lat="51.5198453" lon="-0.1338751" version="3" timestamp="2012-01-02T23:11:41Z" changeset="10277369" uid="145231" user="woodpeck_repair"/>
  <node id="464800466" lat="51.5203236" lon="-0.1338799" version="5" timestamp="2018-09-27T23:03:57Z" changeset="62992494" uid="322039" user="MacLondon"/>
  <node id="464800467" lat="51.5204672" lon="-0.1335510" version="4" timestamp="2015-09-05T13:42:49Z" changeset="33814997" uid="2414126" user="Weasel-Wiesel"/>
  <node id="464800468" lat="51.5187719" lon="-0.1318707" version="2" timestamp="2017-05-18T02:31:21Z" changeset="48776900" uid="322039" user="MacLondon"/>
  <node id="493350706" lat="51.5192228" lon="-0.1309023" version="5" timestamp="2016-06-03T22:36:26Z" changeset="39789075" uid="82783" user="Paul The Archivist"/>
  <node id="493350718" lat="51.5193517" lon="-0.1306044" version="4" timestamp="2016-06-03T22:36:26Z" changeset="39789075" uid="82783" user="Paul The Archivist"/>
  <node id="493350738" lat="51.5197226" lon="-0.1316300" version="3" timestamp="2016-06-03T00:28:30Z" changeset="39767955" uid="82783" user="Paul The Archivist"/>
  <node id="493350750" lat="51.5200679" lon="-0.1308471" version="4" timestamp="2016-06-03T00:28:30Z" changeset="39767955" uid="82783" user="Paul The Archivist"/>
  <node id="494923273" lat="51.5198839" lon="-0.1323404" version="3" timestamp="2016-06-03T00:28:31Z" changeset="39767955" uid="82783" user="Paul The Archivist"/>
  <node id="494923275" lat="51.5199677" lon="-0.1324310" version="3" timestamp="2018-03-25T01:57:45Z" changeset="57499041" uid="7637564" user="rusefkuma"/>
  <node id="494923279" lat="51.5197797" lon="-0.1322331" version="2" timestamp="2016-06-03T00:28:31Z" changeset="39767955" uid="82783" user="Paul The Archivist"/>
  <node id="494923281" lat="51.5196860" lon="-0.1321262" version="2" timestamp="2016-06-03T00:28:31Z" changeset="39767955" uid="82783" user="Paul The Archivist"/>
  <node id="494923283" lat="51.5196383" lon="-0.1314006" version="2" timestamp="2016-06-03T00:28:31Z" changeset="39767955" uid="82783" user="Paul The Archivist"/>
  <node id="494923289" lat="51.5197029" lon="-0.1312520" version="2" timestamp="2016-06-03T00:28:31Z" changeset="39767955" uid="82783" user="Paul The Archivist"/>
  <node id="494923291" lat="51.5196449" lon="-0.1311870" version="3" timestamp="2016-06-03T00:28:31Z" changeset="39767955" uid="82783" user="Paul The Archivist"/>
  <node id="494923294" lat="51.5197925" lon="-0.1310455" version="2" timestamp="2016-06-03T00:28:31Z" changeset="39767955" uid="82783" user="Paul The Archivist"/>
  <node id="494923300" lat="51.5198885" lon="-0.1308246" version="2" timestamp="2016-06-03T00:28:31Z" changeset="39767955" uid="82783" user="Paul The Archivist"/>
  <node id="494923305" lat="51.5199700" lon="-0.1306368" version="2" timestamp="2016-06-03T00:28:31Z" changeset="39767955" uid="82783" user="Paul The Archivist"/>
  <node id="494923310" lat="51.5200539" lon="-0.1304438" version="2" timestamp="2016-06-03T00:28:31Z" changeset="39767955" uid="82783" user="Paul The Archivist"/>
  <node id="494923345" lat="51.5188105" lon="-0.1323209" version="2" timestamp="2014-07-27T08:31:54Z" changeset="24379660" uid="82783" user="Paul The Archivist"/>
  <node id="494923351" lat="51.5192455" lon="-0.1327370" version="2" timestamp="2014-07-27T08:31:55Z" changeset="24379660" uid="82783" user="Paul The Archivist"/>
  <node id="494923353" lat="51.5193406" lon="-0.1324988" version="2" timestamp="2016-06-03T00:28:31Z" changeset="39767955" uid="82783" user="Paul The Archivist"/>
  <node id="494928744" lat="51.5198830" lon="-0.1327529" version="4" timestamp="2019-12-07T22:52:19Z" changeset="78098259" uid="251221" user="spiregrain"/>
  <node id="494928746" lat="51.5195598" lon="-0.1324032" version="3" timestamp="2016-06-03T00:28:31Z" changeset="39767955" uid="82783" user="Paul The Archivist"/>
  <node id="494928748" lat="51.5193781" lon="-0.1328551" version="4" timestamp="2016-06-03T00:28:31Z" changeset="39767955" uid="82783" user="Paul The Archivist"/>
  <node id="494928750" lat="51.5197026" lon="-0.1332031" version="5" timestamp="2019-12-07T22:52:19Z" changeset="78098259" uid="251221" user="spiregrain"/>
  <node id="494928763" lat="51.5204812" lon="-0.1333937" version="4" timestamp="2016-06-03T00:28:31Z" changeset="39767955" uid="82783" user="Paul The Archivist"/>
  <node id="524584465" lat="51.5194762" lon="-0.1313479" version="3" timestamp="2016-06-03T22:36:26Z" changeset="39789075" uid="82783" user="Paul The Archivist"/>
  <node id="524584468" lat="51.5193265" lon="-0.1316477" version="2" timestamp="2016-06-03T00:28:32Z" changeset="39767955" uid="82783" user="Paul The Archivist"/>
  <node id="524584476" lat="51.5190260" lon="-0.1320241" version="2" timestamp="2016-06-03T00:28:32Z" changeset="39767955" uid="82783" user="Paul The Archivist"/>
  <node id="524584478" lat="51.5191213" lon="-0.1321111" version="2" timestamp="2016-06-03T00:28:32Z" changeset="39767955" uid="82783" user="Paul The Archivist"/>
  <node id="524584479" lat="51.5191528" lon="-0.1322266" version="2" timestamp="2016-06-03T00:28:32Z" changeset="39767955" uid="82783" user="Paul The Archivist"/>
  <node id="524584487" lat="51.5193457" lon="-0.1324795" version="2" timestamp="2016-06-03T00:28:32Z" changeset="39767955" uid="82783" user="Paul The Archivist"/>
  <node id="524584489" lat="51.5193174" lon="-0.1323860" version="2" timestamp="2016-06-03T00:28:32Z" changeset="39767955" uid="82783" user="Paul The Archivist"/>
  <node id="524584491" lat="51.5192978" lon="-0.1321959" version="2" timestamp="2016-06-03T00:28:32Z" changeset="39767955" uid="82783" user="Paul The Archivist"/>
  <node id="524584493" lat="51.5193109" lon="-0.1320786" version="2" timestamp="2016-06-03T00:28:32Z" changeset="39767955" uid="82783" user="Paul The Archivist"/>
  <node id="524584494" lat="51.5193432" lon="-0.1319813" version="2" timestamp="2016-06-03T00:28:32Z" changeset="39767955" uid="82783" user="Paul The Archivist">
    <tag k="entrance" v="main"/>
  </node>
  <node id="524584500" lat="51.5193976" lon="-0.1318726" version="2" timestamp="2016-06-03T00:28:32Z" changeset="39767955" uid="82783" user="Paul The Archivist">
    <tag k="entrance" v="yes"/>
  </node>
  <node id="524584502" lat="51.5194820" lon="-0.1317882" version="2" timestamp="2016-06-03T00:28:32Z" changeset="39767955" uid="82783" user="Paul The Archivist"/>
  <node id="524584504" lat="51.5195905" lon="-0.1317579" version="2" timestamp="2016-06-03T00:28:32Z" changeset="39767955" uid="82783" user="Paul The Archivist"/>
  <node id="524584505" lat="51.5196571" lon="-0.1317799" version="2" timestamp="2016-06-03T00:28:32Z" changeset="39767955" uid="82783" user="Paul The Archivist"/>
  <node id="524584516" lat="51.5201790" lon="-0.1326586" version="2" timestamp="2018-03-25T01:57:45Z" changeset="57499041" uid="7637564" user="rusefkuma"/>
  <node id="524584518" lat="51.5206043" lon="-0.1331089" version="3" timestamp="2019-11-22T14:13:55Z" changeset="77431379" uid="251221" user="spiregrain"/>
  <node id="524584526" lat="51.5201472" lon="-0.1326323" version="2" timestamp="2018-03-25T01:57:45Z" changeset="57499041" uid="7637564" user="rusefkuma"/>
  <node id="699729408" lat="51.5196370" lon="-0.1333170" version="7" timestamp="2023-02-16T14:28:08Z" changeset="132632236" uid="251221" user="spiregrain"/>
  <node id="699729426" lat="51.5194586" lon="-0.1337724" version="4" timestamp="2019-03-05T13:29:28Z" changeset="67804765" uid="251221" user="spiregrain"/>
  <node id="735149050" lat="51.5187379" lon="-0.1327251" version="4" timestamp="2016-06-16T20:02:52Z" changeset="40076341" uid="82783" user="Paul The Archivist"/>
  <node id="881889759" lat="51.5200955" lon="-0.1300357" version="5" timestamp="2020-10-24T21:41:07Z" changeset="93001137" uid="11653181" user="acres1nvented"/>
  <node id="881889762" lat="51.5195739" lon="-0.1312574" version="2" timestamp="2016-06-03T22:36:26Z" changeset="39789075" uid="82783" user="Paul The Archivist"/>
  <node id="1043546978" lat="51.5195813" lon="-0.1320508" version="19" timestamp="2022-10-28T18:36:48Z" changeset="128186959" uid="13666626" user="RedAuburn">
    <tag k="amenity" v="bicycle_rental"/>
    <tag k="bicycle_rental" v="docking_station"/>
    <tag k="brand" v="Santander Cycles"/>
    <tag k="brand:wikidata" v="Q807961"/>
    <tag k="capacity" v="32"/>
    <tag k="local" v="Bloomsbury"/>
    <tag k="name" v="Store Street"/>
    <tag k="network" v="tfl_cycle_hire"/>
    <tag k="official_name" v="Store Street, Bloomsbury"/>
    <tag k="official_ref" v="364"/>
    <tag k="operator" v="Serco"/>
    <tag k="operator:wikidata" v="Q499104"/>
  </node>
  <node id="1448835614" lat="51.5195419" lon="-0.1318736" version="4" timestamp="2016-06-03T00:28:28Z" changeset="39767955" uid="82783" user="Paul The Archivist"/>
  <node id="1448835615" lat="51.5193686" lon="-0.1323350" version="4" timestamp="2016-06-03T00:28:28Z" changeset="39767955" uid="82783" user="Paul The Archivist"/>
  <node id="1448875774" lat="51.5190609" lon="-0.1322094" version="2" timestamp="2014-07-27T09:08:04Z" changeset="24380253" uid="82783" user="Paul The Archivist"/>
  <node id="1448877185" lat="51.5190348" lon="-0.1325328" version="5" timestamp="2014-07-27T09:08:04Z" changeset="24380253" uid="82783" user="Paul The Archivist"/>
  <node id="1448877629" lat="51.5191099" lon="-0.1326073" version="5" timestamp="2014-07-27T09:08:04Z" changeset="24380253" uid="82783" user="Paul The Archivist"/>
  <node id="1448880901" lat="51.5192691" lon="-0.1327837" version="7" timestamp="2022-02-21T00:49:49Z" changeset="117659040" uid="322039" user="MacLondon">
    <tag k="barrier" v="kerb"/>
    <tag k="kerb" v="lowered"/>
    <tag k="tactile_paving" v="yes"/>
  </node>
  <node id="1448883250" lat="51.5194878" lon="-0.1329755" version="5" timestamp="2016-06-03T00:28:28Z" changeset="39767955" uid="82783" user="Paul The Archivist"/>
  <node id="1448896143" lat="51.5205514" lon="-0.1333783" version="11" timestamp="2024-11-25T15:04:37Z" changeset="159577563" uid="18774200" user="conordoremus"/>
  <node id="2013001017" lat="51.5196598" lon="-0.1324631" version="3" timestamp="2019-11-19T22:56:15Z" changeset="77294466" uid="322039" user="MacLondon">
    <tag k="amenity" v="bicycle_parking"/>
    <tag k="bicycle_parking" v="stands"/>
    <tag k="capacity" v="18"/>
    <tag k="covered" v="no"/>
  </node>
  <node id="2728633668" lat="51.5200425" lon="-0.1309055" version="4" timestamp="2016-06-03T00:28:29Z" changeset="39767955" uid="82783" user="Paul The Archivist"/>
  <node id="2982330120" lat="51.5188667" lon="-0.1321631" version="1" timestamp="2014-07-27T08:31:49Z" changeset="24379660" uid="82783" user="Paul The Archivist"/>
  <node id="2982330122" lat="51.5189132" lon="-0.1320519" version="1" timestamp="2014-07-27T08:31:49Z" changeset="24379660" uid="82783" user="Paul The Archivist"/>
  <node id="2982381964" lat="51.5188602" lon="-0.1321814" version="1" timestamp="2014-07-27T09:08:01Z" changeset="24380253" uid="82783" user="Paul The Archivist"/>
  <node id="2982381965" lat="51.5188581" lon="-0.1317421" version="2" timestamp="2016-06-03T22:36:25Z" changeset="39789075" uid="82783" user="Paul The Archivist"/>
  <node id="2982381966" lat="51.5189479" lon="-0.1319778" version="2" timestamp="2016-06-03T22:36:25Z" changeset="39789075" uid="82783" user="Paul The Archivist"/>
  <node id="2982381967" lat="51.5189613" lon="-0.1324651" version="1" timestamp="2014-07-27T09:08:01Z" changeset="24380253" uid="82783" user="Paul The Archivist"/>
  <node id="2982381968" lat="51.5189955" lon="-0.1318798" version="2" timestamp="2016-06-03T22:36:25Z" changeset="39789075" uid="82783" user="Paul The Archivist"/>
  <node id="2982381969" lat="51.5191323" lon="-0.1322855" version="1" timestamp="2014-07-27T09:08:01Z" changeset="24380253" uid="82783" user="Paul The Archivist"/>
  <node id="2982381970" lat="51.5192094" lon="-0.1323632" version="1" timestamp="2014-07-27T09:08:01Z" changeset="24380253" uid="82783" user="Paul The Archivist"/>
  <node id="2982381971" lat="51.5193804" lon="-0.1328343" version="2" timestamp="2016-06-03T00:28:29Z" changeset="39767955" uid="82783" user="Paul The Archivist"/>
  <node id="2982381972" lat="51.5193857" lon="-0.1328710" version="2" timestamp="2016-06-03T00:28:29Z" changeset="39767955" uid="82783" user="Paul The Archivist"/>
  <node id="2982381973" lat="51.5194589" lon="-0.1326414" version="2" timestamp="2016-06-03T00:28:29Z" changeset="39767955" uid="82783" user="Paul The Archivist"/>
  <node id="2982381974" lat="51.5195715" lon="-0.1327538" version="2" timestamp="2016-06-03T00:28:29Z" changeset="39767955" uid="82783" user="Paul The Archivist"/>
  <node id="2982381978" lat="51.5197864" lon="-0.1329941" version="3" timestamp="2019-12-07T22:52:19Z" changeset="78098259" uid="251221" user="spiregrain"/>
  <node id="2982381982" lat="51.5204944" lon="-0.1334431" version="2" timestamp="2016-06-03T00:28:29Z" changeset="39767955" uid="82783" user="Paul The Archivist"/>
  <node id="3079334290" lat="51.5194129" lon="-0.1323274" version="2" timestamp="2016-06-03T00:28:29Z" changeset="39767955" uid="82783" user="Paul The Archivist">
    <tag k="natural" v="tree"/>
  </node>
  <node id="3079334292" lat="51.5194494" lon="-0.1322350" version="2" timestamp="2016-06-03T00:28:30Z" changeset="39767955" uid="82783" user="Paul The Archivist">
    <tag k="natural" v="tree"/>
  </node>
  <node id="3079334293" lat="51.5194373" lon="-0.1325592" version="1" timestamp="2014-09-15T22:47:52Z" changeset="25468210" uid="2262383" user="addavies">
    <tag k="natural" v="tree"/>
  </node>
  <node id="3079334299" lat="51.5195521" lon="-0.1319600" version="2" timestamp="2016-06-03T00:28:30Z" changeset="39767955" uid="82783" user="Paul The Archivist">
    <tag k="natural" v="tree"/>
  </node>
  <node id="3079334303" lat="51.5196295" lon="-0.1317963" version="1" timestamp="2014-09-15T22:47:52Z" changeset="25468210" uid="2262383" user="addavies">
    <tag k="natural" v="tree"/>
  </node>
  <node id="3548899637" lat="51.5194211" lon="-0.1340556" version="3" timestamp="2016-06-19T12:06:39Z" changeset="40134353" uid="82783" user="Paul The Archivist"/>
  <node id="3548899638" lat="51.5194694" lon="-0.1338059" version="2" timestamp="2016-06-19T12:06:39Z" changeset="40134353" uid="82783" user="Paul The Archivist"/>
  <node id="3548899642" lat="51.5195070" lon="-0.1338465" version="2" timestamp="2016-06-19T12:06:39Z" changeset="40134353" uid="82783" user="Paul The Archivist"/>
  <node id="3548899644" lat="51.5195431" lon="-0.1341858" version="3" timestamp="2016-06-19T12:06:39Z" changeset="40134353" uid="82783" user="Paul The Archivist"/>
  <node id="3548899646" lat="51.5195291" lon="-0.1336341" version="2" timestamp="2016-06-19T12:06:39Z" changeset="40134353" uid="82783" user="Paul The Archivist"/>
  <node id="3548899648" lat="51.5195403" lon="-0.1336429" version="2" timestamp="2016-06-19T12:06:39Z" changeset="40134353" uid="82783" user="Paul The Archivist"/>
  <node id="3548899651" lat="51.5196004" lon="-0.1334627" version="2" timestamp="2016-06-19T12:06:39Z" changeset="40134353" uid="82783" user="Paul The Archivist"/>
  <node id="3548899655" lat="51.5196283" lon="-0.1342829" version="2" timestamp="2016-06-19T12:06:39Z" changeset="40134353" uid="82783" user="Paul The Archivist"/>
  <node id="3548899657" lat="51.5196514" lon="-0.1339763" version="2" timestamp="2016-06-19T12:06:40Z" changeset="40134353" uid="82783" user="Paul The Archivist"/>
  <node id="3548899669" lat="51.5197193" lon="-0.1340543" version="2" timestamp="2016-06-19T12:06:40Z" changeset="40134353" uid="82783" user="Paul The Archivist"/>
  <node id="3548899682" lat="51.5197852" lon="-0.1336576" version="2" timestamp="2016-06-19T12:06:40Z" changeset="40134353" uid="82783" user="Paul The Archivist"/>
  <node id="3551974480" lat="51.5196816" lon="-0.1343635" version="2" timestamp="2015-09-05T13:42:49Z" changeset="33814997" uid="2414126" user="Weasel-Wiesel"/>
  <node id="3551974482" lat="51.5197962" lon="-0.1344723" version="2" timestamp="2015-09-05T13:42:49Z" changeset="33814997" uid="2414126" user="Weasel-Wiesel"/>
  <node id="3649694416" lat="51.5194248" lon="-0.1318397" version="2" timestamp="2016-06-03T00:28:30Z" changeset="39767955" uid="82783" user="Paul The Archivist"/>
  <node id="3958619712" lat="51.5202234" lon="-0.1304890" version="2" timestamp="2016-06-03T00:28:30Z" changeset="39767955" uid="82783" user="Paul The Archivist"/>
  <node id="3958619717" lat="51.5194803" lon="-0.1321923" version="4" timestamp="2022-10-28T18:36:48Z" changeset="128186959" uid="13666626" user="RedAuburn">
    <tag k="amenity" v="telephone"/>
    <tag k="booth" v="KXPlus"/>
    <tag k="operator" v="BT"/>
    <tag k="operator:wikidata" v="Q593786"/>
  </node>
  <node id="3958619718" lat="51.5201811" lon="-0.1305865" version="2" timestamp="2016-06-03T00:28:30Z" changeset="39767955" uid="82783" user="Paul The Archivist"/>
  <node id="3958619719" lat="51.5201161" lon="-0.1305136" version="2" timestamp="2016-06-03T00:28:30Z" changeset="39767955" uid="82783" user="Paul The Archivist"/>
  <node id="3958619721" lat="51.5201528" lon="-0.1306516" version="2" timestamp="2016-06-03T00:28:30Z" changeset="39767955" uid="82783" user="Paul The Archivist"/>
  <node id="3958619722" lat="51.5201264" lon="-0.1307124" version="2" timestamp="2016-06-03T00:28:30Z" changeset="39767955" uid="82783" user="Paul The Archivist"/>
  <node id="3958619723" lat="51.5199992" lon="-0.1305697" version="2" timestamp="2016-06-03T00:28:30Z" changeset="39767955" uid="82783" user="Paul The Archivist"/>
  <node id="3958619724" lat="51.5200972" lon="-0.1307795" version="2" timestamp="2016-06-03T00:28:30Z" changeset="39767955" uid="82783" user="Paul The Archivist"/>
  <node id="3958619726" lat="51.5199407" lon="-0.1307044" version="2" timestamp="2016-06-03T00:28:30Z" changeset="39767955" uid="82783" user="Paul The Archivist"/>
  <node id="4222961716" lat="51.5191096" lon="-0.1321483" version="1" timestamp="2016-06-03T00:28:04Z" changeset="39767955" uid="82783" user="Paul The Archivist"/>
  <node id="4222961717" lat="51.5191113" lon="-0.1332833" version="2" timestamp="2016-06-17T23:01:09Z" changeset="40106720" uid="82783" user="Paul The Archivist"/>
  <node id="4222961718" lat="51.5191970" lon="-0.1327663" version="1" timestamp="2016-06-03T00:28:04Z" changeset="39767955" uid="82783" user="Paul The Archivist"/>
  <node id="4222961719" lat="51.5191980" lon="-0.1332607" version="4" timestamp="2019-03-05T13:29:28Z" changeset="67804765" uid="251221" user="spiregrain"/>
  <node id="4222961721" lat="51.5192281" lon="-0.1327963" version="1" timestamp="2016-06-03T00:28:04Z" changeset="39767955" uid="82783" user="Paul The Archivist"/>
  <node id="4222961722" lat="51.5192308" lon="-0.1322046" version="1" timestamp="2016-06-03T00:28:04Z" changeset="39767955" uid="82783" user="Paul The Archivist"/>
  <node id="4222961724" lat="51.5192370" lon="-0.1327999" version="1" timestamp="2016-06-03T00:28:04Z" changeset="39767955" uid="82783" user="Paul The Archivist"/>
  <node id="4222961725" lat="51.5192439" lon="-0.1328279" version="2" timestamp="2022-02-21T00:49:49Z" changeset="117659040" uid="322039" user="MacLondon"/>
  <node id="4222961726" lat="51.5192558" lon="-0.1328175" version="2" timestamp="2022-02-21T00:49:49Z" changeset="117659040" uid="322039" user="MacLondon"/>
  <node id="4222961727" lat="51.5193027" lon="-0.1322859" version="1" timestamp="2016-06-03T00:28:04Z" changeset="39767955" uid="82783" user="Paul The Archivist"/>
  <node id="4222961728" lat="51.5193098" lon="-0.1321946" version="1" timestamp="2016-06-03T00:28:05Z" changeset="39767955" uid="82783" user="Paul The Archivist"/>
  <node id="4222961729" lat="51.5193155" lon="-0.1321461" version="1" timestamp="2016-06-03T00:28:05Z" changeset="39767955" uid="82783" user="Paul The Archivist"/>
  <node id="4222961730" lat="51.5193200" lon="-0.1321133" version="1" timestamp="2016-06-03T00:28:05Z" changeset="39767955" uid="82783" user="Paul The Archivist"/>
  <node id="4222961731" lat="51.5193248" lon="-0.1320827" version="1" timestamp="2016-06-03T00:28:05Z" changeset="39767955" uid="82783" user="Paul The Archivist"/>
  <node id="4222961732" lat="51.5193182" lon="-0.1328746" version="2" timestamp="2022-02-21T00:49:49Z" changeset="117659040" uid="322039" user="MacLondon"/>
  <node id="4222961733" lat="51.5193284" lon="-0.1322225" version="1" timestamp="2016-06-03T00:28:05Z" changeset="39767955" uid="82783" user="Paul The Archivist"/>
  <node id="4222961734" lat="51.5193324" lon="-0.1324464" version="1" timestamp="2016-06-03T00:28:05Z" changeset="39767955" uid="82783" user="Paul The Archivist"/>
  <node id="4222961735" lat="51.5193328" lon="-0.1323016" version="1" timestamp="2016-06-03T00:28:05Z" changeset="39767955" uid="82783" user="Paul The Archivist"/>
  <node id="4222961736" lat="51.5193338" lon="-0.1320050" version="1" timestamp="2016-06-03T00:28:05Z" changeset="39767955" uid="82783" user="Paul The Archivist"/>
  <node id="4222961737" lat="51.5193359" lon="-0.1320448" version="1" timestamp="2016-06-03T00:28:05Z" changeset="39767955" uid="82783" user="Paul The Archivist"/>
  <node id="4222961738" lat="51.5193359" lon="-0.1321454" version="1" timestamp="2016-06-03T00:28:05Z" changeset="39767955" uid="82783" user="Paul The Archivist"/>
  <node id="4222961739" lat="51.5193444" lon="-0.1320192" version="1" timestamp="2016-06-03T00:28:05Z" changeset="39767955" uid="82783" user="Paul The Archivist"/>
  <node id="4222961740" lat="51.5193457" lon="-0.1323837" version="1" timestamp="2016-06-03T00:28:05Z" changeset="39767955" uid="82783" user="Paul The Archivist"/>
  <node id="4222961741" lat="51.5193484" lon="-0.1320670" version="1" timestamp="2016-06-03T00:28:05Z" changeset="39767955" uid="82783" user="Paul The Archivist"/>
  <node id="4222961742" lat="51.5193535" lon="-0.1319611" version="1" timestamp="2016-06-03T00:28:05Z" changeset="39767955" uid="82783" user="Paul The Archivist"/>
  <node id="4222961743" lat="51.5193626" lon="-0.1319757" version="1" timestamp="2016-06-03T00:28:05Z" changeset="39767955" uid="82783" user="Paul The Archivist"/>
  <node id="4222961744" lat="51.5193729" lon="-0.1324734" version="2" timestamp="2024-11-25T15:04:37Z" changeset="159577563" uid="18774200" user="conordoremus">
    <tag k="barrier" v="kerb"/>
    <tag k="kerb" v="lowered"/>
  </node>
  <node id="4222961745" lat="51.5193759" lon="-0.1319942" version="1" timestamp="2016-06-03T00:28:05Z" changeset="39767955" uid="82783" user="Paul The Archivist"/>
  <node id="4222961746" lat="51.5193786" lon="-0.1324978" version="1" timestamp="2016-06-03T00:28:05Z" changeset="39767955" uid="82783" user="Paul The Archivist"/>
  <node id="4222961747" lat="51.5193870" lon="-0.1317360" version="1" timestamp="2016-06-03T00:28:05Z" changeset="39767955" uid="82783" user="Paul The Archivist"/>
  <node id="4222961748" lat="51.5193893" lon="-0.1318889" version="1" timestamp="2016-06-03T00:28:05Z" changeset="39767955" uid="82783" user="Paul The Archivist"/>
  <node id="4222961749" lat="51.5193976" lon="-0.1319050" version="1" timestamp="2016-06-03T00:28:05Z" changeset="39767955" uid="82783" user="Paul The Archivist"/>
  <node id="4222961750" lat="51.5194049" lon="-0.1323594" version="1" timestamp="2016-06-03T00:28:05Z" changeset="39767955" uid="82783" user="Paul The Archivist"/>
  <node id="4222961751" lat="51.5194061" lon="-0.1319257" version="1" timestamp="2016-06-03T00:28:05Z" changeset="39767955" uid="82783" user="Paul The Archivist"/>
  <node id="4222961752" lat="51.5194068" lon="-0.1318616" version="1" timestamp="2016-06-03T00:28:05Z" changeset="39767955" uid="82783" user="Paul The Archivist"/>
  <node id="4222961753" lat="51.5194149" lon="-0.1318751" version="1" timestamp="2016-06-03T00:28:05Z" changeset="39767955" uid="82783" user="Paul The Archivist"/>
  <node id="4222961754" lat="51.5194214" lon="-0.1323778" version="1" timestamp="2016-06-03T00:28:05Z" changeset="39767955" uid="82783" user="Paul The Archivist"/>
  <node id="4222961755" lat="51.5194244" lon="-0.1319734" version="1" timestamp="2016-06-03T00:28:05Z" changeset="39767955" uid="82783" user="Paul The Archivist"/>
  <node id="4222961756" lat="51.5194299" lon="-0.1323751" version="1" timestamp="2016-06-03T00:28:05Z" changeset="39767955" uid="82783" user="Paul The Archivist"/>
  <node id="4222961757" lat="51.5194300" lon="-0.1318544" version="1" timestamp="2016-06-03T00:28:05Z" changeset="39767955" uid="82783" user="Paul The Archivist"/>
  <node id="4222961758" lat="51.5194416" lon="-0.1318815" version="1" timestamp="2016-06-03T00:28:05Z" changeset="39767955" uid="82783" user="Paul The Archivist"/>
  <node id="4222961759" lat="51.5194815" lon="-0.1318516" version="1" timestamp="2016-06-03T00:28:05Z" changeset="39767955" uid="82783" user="Paul The Archivist"/>
  <node id="4222961761" lat="51.5195383" lon="-0.1318259" version="1" timestamp="2016-06-03T00:28:05Z" changeset="39767955" uid="82783" user="Paul The Archivist"/>
  <node id="4222961762" lat="51.5195468" lon="-0.1317574" version="1" timestamp="2016-06-03T00:28:05Z" changeset="39767955" uid="82783" user="Paul The Archivist"/>
  <node id="4222961763" lat="51.5195445" lon="-0.1314243" version="2" timestamp="2016-06-03T22:36:25Z" changeset="39789075" uid="82783" user="Paul The Archivist"/>
  <node id="4222961764" lat="51.5195522" lon="-0.1323136" version="2" timestamp="2021-05-31T02:36:47Z" changeset="105590565" uid="322039" user="MacLondon"/>
  <node id="4222961768" lat="51.5195804" lon="-0.1313356" version="1" timestamp="2016-06-03T00:28:05Z" changeset="39767955" uid="82783" user="Paul The Archivist"/>
  <node id="4222961769" lat="51.5195825" lon="-0.1325707" version="1" timestamp="2016-06-03T00:28:05Z" changeset="39767955" uid="82783" user="Paul The Archivist"/>
  <node id="4222961771" lat="51.5195934" lon="-0.1318273" version="1" timestamp="2016-06-03T00:28:05Z" changeset="39767955" uid="82783" user="Paul The Archivist"/>
  <node id="4222961772" lat="51.5195941" lon="-0.1319200" version="1" timestamp="2016-06-03T00:28:05Z" changeset="39767955" uid="82783" user="Paul The Archivist"/>
  <node id="4222961773" lat="51.5196033" lon="-0.1319288" version="2" timestamp="2024-11-25T15:04:37Z" changeset="159577563" uid="18774200" user="conordoremus">
    <tag k="barrier" v="kerb"/>
    <tag k="kerb" v="lowered"/>
  </node>
  <node id="4222961774" lat="51.5195823" lon="-0.1322470" version="3" timestamp="2023-03-04T10:58:11Z" changeset="133284839" uid="251688" user="Molko"/>
  <node id="4222961775" lat="51.5196098" lon="-0.1319607" version="1" timestamp="2016-06-03T00:28:05Z" changeset="39767955" uid="82783" user="Paul The Archivist"/>
  <node id="4222961776" lat="51.5196101" lon="-0.1319391" version="1" timestamp="2016-06-03T00:28:05Z" changeset="39767955" uid="82783" user="Paul The Archivist"/>
  <node id="4222961779" lat="51.5196249" lon="-0.1317638" version="1" timestamp="2016-06-03T00:28:05Z" changeset="39767955" uid="82783" user="Paul The Archivist"/>
  <node id="4222962138" lat="51.5196107" lon="-0.1322736" version="3" timestamp="2023-03-04T10:58:11Z" changeset="133284839" uid="251688" user="Molko"/>
  <node id="4222962140" lat="51.5196267" lon="-0.1324796" version="1" timestamp="2016-06-03T00:28:06Z" changeset="39767955" uid="82783" user="Paul The Archivist"/>
  <node id="4222962144" lat="51.5196431" lon="-0.1318388" version="2" timestamp="2024-11-25T15:04:37Z" changeset="159577563" uid="18774200" user="conordoremus">
    <tag k="barrier" v="kerb"/>
    <tag k="kerb" v="lowered"/>
  </node>
  <node id="4222962145" lat="51.5196384" lon="-0.1326311" version="1" timestamp="2016-06-03T00:28:06Z" changeset="39767955" uid="82783" user="Paul The Archivist"/>
  <node id="4222962146" lat="51.5196468" lon="-0.1313810" version="1" timestamp="2016-06-03T00:28:06Z" changeset="39767955" uid="82783" user="Paul The Archivist"/>
  <node id="4222962149" lat="51.5196646" lon="-0.1318390" version="1" timestamp="2016-06-03T00:28:06Z" changeset="39767955" uid="82783" user="Paul The Archivist"/>
  <node id="4222962152" lat="51.5196701" lon="-0.1313273" version="1" timestamp="2016-06-03T00:28:06Z" changeset="39767955" uid="82783" user="Paul The Archivist"/>
  <node id="4222962156" lat="51.5196813" lon="-0.1325364" version="1" timestamp="2016-06-03T00:28:06Z" changeset="39767955" uid="82783" user="Paul The Archivist"/>
  <node id="4222962157" lat="51.5196896" lon="-0.1312825" version="1" timestamp="2016-06-03T00:28:06Z" changeset="39767955" uid="82783" user="Paul The Archivist"/>
  <node id="4222962158" lat="51.5196934" lon="-0.1314624" version="1" timestamp="2016-06-03T00:28:06Z" changeset="39767955" uid="82783" user="Paul The Archivist"/>
  <node id="4222962160" lat="51.5196993" lon="-0.1312603" version="1" timestamp="2016-06-03T00:28:06Z" changeset="39767955" uid="82783" user="Paul The Archivist"/>
  <node id="4222962161" lat="51.5197019" lon="-0.1314429" version="1" timestamp="2016-06-03T00:28:06Z" changeset="39767955" uid="82783" user="Paul The Archivist"/>
  <node id="4222962165" lat="51.5197287" lon="-0.1311924" version="1" timestamp="2016-06-03T00:28:06Z" changeset="39767955" uid="82783" user="Paul The Archivist"/>
  <node id="4222962175" lat="51.5197547" lon="-0.1311326" version="1" timestamp="2016-06-03T00:28:06Z" changeset="39767955" uid="82783" user="Paul The Archivist"/>
  <node id="4222962176" lat="51.5197631" lon="-0.1315405" version="1" timestamp="2016-06-03T00:28:06Z" changeset="39767955" uid="82783" user="Paul The Archivist"/>
  <node id="4222962177" lat="51.5197655" lon="-0.1315433" version="1" timestamp="2016-06-03T00:28:06Z" changeset="39767955" uid="82783" user="Paul The Archivist"/>
  <node id="4222962178" lat="51.5197724" lon="-0.1315275" version="1" timestamp="2016-06-03T00:28:06Z" changeset="39767955" uid="82783" user="Paul The Archivist">
    <tag k="entrance" v="main"/>
  </node>
  <node id="4222962180" lat="51.5197820" lon="-0.1310698" version="1" timestamp="2016-06-03T00:28:06Z" changeset="39767955" uid="82783" user="Paul The Archivist"/>
  <node id="4222962182" lat="51.5197912" lon="-0.1314842" version="1" timestamp="2016-06-03T00:28:06Z" changeset="39767955" uid="82783" user="Paul The Archivist">
    <tag k="entrance" v="yes"/>
  </node>
  <node id="4222962183" lat="51.5197973" lon="-0.1314700" version="1" timestamp="2016-06-03T00:28:06Z" changeset="39767955" uid="82783" user="Paul The Archivist"/>
  <node id="4222962185" lat="51.5197999" lon="-0.1316280" version="1" timestamp="2016-06-03T00:28:06Z" changeset="39767955" uid="82783" user="Paul The Archivist"/>
  <node id="4222962188" lat="51.5198048" lon="-0.1314528" version="1" timestamp="2016-06-03T00:28:06Z" changeset="39767955" uid="82783" user="Paul The Archivist">
    <tag k="entrance" v="main"/>
  </node>
  <node id="4222962189" lat="51.5198069" lon="-0.1310124" version="1" timestamp="2016-06-03T00:28:06Z" changeset="39767955" uid="82783" user="Paul The Archivist"/>
  <node id="4222962193" lat="51.5198206" lon="-0.1317066" version="1" timestamp="2016-06-03T00:28:07Z" changeset="39767955" uid="82783" user="Paul The Archivist"/>
  <node id="4222962195" lat="51.5198213" lon="-0.1314149" version="1" timestamp="2016-06-03T00:28:07Z" changeset="39767955" uid="82783" user="Paul The Archivist">
    <tag k="entrance" v="yes"/>
  </node>
  <node id="4222962198" lat="51.5198265" lon="-0.1314030" version="1" timestamp="2016-06-03T00:28:07Z" changeset="39767955" uid="82783" user="Paul The Archivist"/>
  <node id="4222962199" lat="51.5198286" lon="-0.1317050" version="1" timestamp="2016-06-03T00:28:07Z" changeset="39767955" uid="82783" user="Paul The Archivist"/>
  <node id="4222962202" lat="51.5198323" lon="-0.1313895" version="1" timestamp="2016-06-03T00:28:07Z" changeset="39767955" uid="82783" user="Paul The Archivist">
    <tag k="entrance" v="main"/>
  </node>
  <node id="4222962206" lat="51.5198359" lon="-0.1309457" version="1" timestamp="2016-06-03T00:28:07Z" changeset="39767955" uid="82783" user="Paul The Archivist"/>
  <node id="4222962209" lat="51.5198502" lon="-0.1313484" version="1" timestamp="2016-06-03T00:28:07Z" changeset="39767955" uid="82783" user="Paul The Archivist">
    <tag k="entrance" v="yes"/>
  </node>
  <node id="4222962212" lat="51.5198559" lon="-0.1313351" version="1" timestamp="2016-06-03T00:28:07Z" changeset="39767955" uid="82783" user="Paul The Archivist"/>
  <node id="4222962216" lat="51.5198621" lon="-0.1313210" version="1" timestamp="2016-06-03T00:28:07Z" changeset="39767955" uid="82783" user="Paul The Archivist">
    <tag k="entrance" v="main"/>
  </node>
  <node id="4222962218" lat="51.5198635" lon="-0.1308821" version="1" timestamp="2016-06-03T00:28:07Z" changeset="39767955" uid="82783" user="Paul The Archivist"/>
  <node id="4222962225" lat="51.5198759" lon="-0.1312890" version="1" timestamp="2016-06-03T00:28:07Z" changeset="39767955" uid="82783" user="Paul The Archivist">
    <tag k="entrance" v="yes"/>
  </node>
  <node id="4222962226" lat="51.5198819" lon="-0.1312753" version="1" timestamp="2016-06-03T00:28:07Z" changeset="39767955" uid="82783" user="Paul The Archivist"/>
  <node id="4222962229" lat="51.5198893" lon="-0.1312583" version="1" timestamp="2016-06-03T00:28:07Z" changeset="39767955" uid="82783" user="Paul The Archivist">
    <tag k="entrance" v="main"/>
  </node>
  <node id="4222962232" lat="51.5199031" lon="-0.1312264" version="1" timestamp="2016-06-03T00:28:08Z" changeset="39767955" uid="82783" user="Paul The Archivist">
    <tag k="entrance" v="yes"/>
  </node>
  <node id="4222962236" lat="51.5199092" lon="-0.1312124" version="1" timestamp="2016-06-03T00:28:08Z" changeset="39767955" uid="82783" user="Paul The Archivist"/>
  <node id="4222962239" lat="51.5199152" lon="-0.1311987" version="1" timestamp="2016-06-03T00:28:08Z" changeset="39767955" uid="82783" user="Paul The Archivist">
    <tag k="entrance" v="main"/>
  </node>
  <node id="4222962240" lat="51.5199153" lon="-0.1307629" version="1" timestamp="2016-06-03T00:28:08Z" changeset="39767955" uid="82783" user="Paul The Archivist"/>
  <node id="4222962249" lat="51.5199293" lon="-0.1311661" version="1" timestamp="2016-06-03T00:28:08Z" changeset="39767955" uid="82783" user="Paul The Archivist">
    <tag k="entrance" v="yes"/>
  </node>
  <node id="4222962251" lat="51.5199341" lon="-0.1311551" version="1" timestamp="2016-06-03T00:28:08Z" changeset="39767955" uid="82783" user="Paul The Archivist"/>
  <node id="4222962252" lat="51.5199399" lon="-0.1311418" version="1" timestamp="2016-06-03T00:28:08Z" changeset="39767955" uid="82783" user="Paul The Archivist">
    <tag k="entrance" v="main"/>
  </node>
  <node id="4222962256" lat="51.5199569" lon="-0.1311027" version="1" timestamp="2016-06-03T00:28:08Z" changeset="39767955" uid="82783" user="Paul The Archivist">
    <tag k="entrance" v="yes"/>
  </node>
  <node id="4222962259" lat="51.5199631" lon="-0.1310884" version="1" timestamp="2016-06-03T00:28:08Z" changeset="39767955" uid="82783" user="Paul The Archivist"/>
  <node id="4222962262" lat="51.5199686" lon="-0.1310757" version="1" timestamp="2016-06-03T00:28:08Z" changeset="39767955" uid="82783" user="Paul The Archivist">
    <tag k="entrance" v="yes"/>
  </node>
  <node id="4222962272" lat="51.5199855" lon="-0.1310368" version="1" timestamp="2016-06-03T00:28:08Z" changeset="39767955" uid="82783" user="Paul The Archivist">
    <tag k="entrance" v="main"/>
  </node>
  <node id="4222962289" lat="51.5199907" lon="-0.1310248" version="1" timestamp="2016-06-03T00:28:09Z" changeset="39767955" uid="82783" user="Paul The Archivist"/>
  <node id="4222962291" lat="51.5199969" lon="-0.1310105" version="1" timestamp="2016-06-03T00:28:09Z" changeset="39767955" uid="82783" user="Paul The Archivist">
    <tag k="entrance" v="main"/>
  </node>
  <node id="4222962295" lat="51.5200113" lon="-0.1309774" version="1" timestamp="2016-06-03T00:28:09Z" changeset="39767955" uid="82783" user="Paul The Archivist">
    <tag k="entrance" v="yes"/>
  </node>
  <node id="4222962297" lat="51.5200157" lon="-0.1309673" version="1" timestamp="2016-06-03T00:28:09Z" changeset="39767955" uid="82783" user="Paul The Archivist"/>
  <node id="4222962303" lat="51.5200218" lon="-0.1309531" version="1" timestamp="2016-06-03T00:28:09Z" changeset="39767955" uid="82783" user="Paul The Archivist">
    <tag k="entrance" v="main"/>
  </node>
  <node id="4222962307" lat="51.5200256" lon="-0.1305089" version="1" timestamp="2016-06-03T00:28:09Z" changeset="39767955" uid="82783" user="Paul The Archivist"/>
  <node id="4222962312" lat="51.5200372" lon="-0.1309178" version="1" timestamp="2016-06-03T00:28:09Z" changeset="39767955" uid="82783" user="Paul The Archivist">
    <tag k="entrance" v="yes"/>
  </node>
  <node id="4222962315" lat="51.5200486" lon="-0.1308914" version="1" timestamp="2016-06-03T00:28:09Z" changeset="39767955" uid="82783" user="Paul The Archivist">
    <tag k="entrance" v="main"/>
  </node>
  <node id="4222962323" lat="51.5200625" lon="-0.1308595" version="1" timestamp="2016-06-03T00:28:09Z" changeset="39767955" uid="82783" user="Paul The Archivist">
    <tag k="entrance" v="yes"/>
  </node>
  <node id="4222962329" lat="51.5200739" lon="-0.1308332" version="1" timestamp="2016-06-03T00:28:09Z" changeset="39767955" uid="82783" user="Paul The Archivist">
    <tag k="entrance" v="main"/>
  </node>
  <node id="4222962332" lat="51.5200765" lon="-0.1304692" version="1" timestamp="2016-06-03T00:28:10Z" changeset="39767955" uid="82783" user="Paul The Archivist"/>
  <node id="4222962337" lat="51.5200824" lon="-0.1304758" version="1" timestamp="2016-06-03T00:28:10Z" changeset="39767955" uid="82783" user="Paul The Archivist"/>
  <node id="4222962339" lat="51.5200849" lon="-0.1304786" version="1" timestamp="2016-06-03T00:28:10Z" changeset="39767955" uid="82783" user="Paul The Archivist"/>
  <node id="4222962342" lat="51.5200925" lon="-0.1307903" version="1" timestamp="2016-06-03T00:28:10Z" changeset="39767955" uid="82783" user="Paul The Archivist">
    <tag k="entrance" v="yes"/>
  </node>
  <node id="4222962346" lat="51.5201036" lon="-0.1307649" version="1" timestamp="2016-06-03T00:28:10Z" changeset="39767955" uid="82783" user="Paul The Archivist">
    <tag k="entrance" v="main"/>
  </node>
  <node id="4222962358" lat="51.5201212" lon="-0.1307243" version="1" timestamp="2016-06-03T00:28:10Z" changeset="39767955" uid="82783" user="Paul The Archivist">
    <tag k="entrance" v="yes"/>
  </node>
  <node id="4222962397" lat="51.5201315" lon="-0.1307006" version="1" timestamp="2016-06-03T00:28:11Z" changeset="39767955" uid="82783" user="Paul The Archivist">
    <tag k="entrance" v="main"/>
  </node>
  <node id="4222962400" lat="51.5201467" lon="-0.1306656" version="1" timestamp="2016-06-03T00:28:11Z" changeset="39767955" uid="82783" user="Paul The Archivist">
    <tag k="entrance" v="yes"/>
  </node>
  <node id="4222962404" lat="51.5201584" lon="-0.1304161" version="1" timestamp="2016-06-03T00:28:11Z" changeset="39767955" uid="82783" user="Paul The Archivist"/>
  <node id="4222962406" lat="51.5201587" lon="-0.1306380" version="1" timestamp="2016-06-03T00:28:11Z" changeset="39767955" uid="82783" user="Paul The Archivist">
    <tag k="entrance" v="main"/>
  </node>
  <node id="4222962419" lat="51.5201757" lon="-0.1305988" version="1" timestamp="2016-06-03T00:28:11Z" changeset="39767955" uid="82783" user="Paul The Archivist">
    <tag k="entrance" v="yes"/>
  </node>
  <node id="4222962424" lat="51.5201870" lon="-0.1305728" version="1" timestamp="2016-06-03T00:28:11Z" changeset="39767955" uid="82783" user="Paul The Archivist">
    <tag k="entrance" v="yes"/>
  </node>
  <node id="4222962434" lat="51.5202038" lon="-0.1305341" version="1" timestamp="2016-06-03T00:28:11Z" changeset="39767955" uid="82783" user="Paul The Archivist">
    <tag k="entrance" v="main"/>
  </node>
  <node id="4222962507" lat="51.5203045" lon="-0.1303969" version="1" timestamp="2016-06-03T00:28:13Z" changeset="39767955" uid="82783" user="Paul The Archivist"/>
  <node id="4224527977" lat="51.5194687" lon="-0.1311771" version="1" timestamp="2016-06-03T22:36:11Z" changeset="39789075" uid="82783" user="Paul The Archivist"/>
  <node id="4224527979" lat="51.5194823" lon="-0.1318069" version="1" timestamp="2016-06-03T22:36:11Z" changeset="39789075" uid="82783" user="Paul The Archivist"/>
  <node id="4224527986" lat="51.5195103" lon="-0.1312691" version="1" timestamp="2016-06-03T22:36:11Z" changeset="39789075" uid="82783" user="Paul The Archivist"/>
  <node id="4224527987" lat="51.5195132" lon="-0.1310744" version="1" timestamp="2016-06-03T22:36:11Z" changeset="39789075" uid="82783" user="Paul The Archivist"/>
  <node id="4224527988" lat="51.5195236" lon="-0.1312384" version="1" timestamp="2016-06-03T22:36:11Z" changeset="39789075" uid="82783" user="Paul The Archivist"/>
  <node id="4224533907" lat="51.5188490" lon="-0.1317306" version="1" timestamp="2016-06-03T22:36:07Z" changeset="39789075" uid="82783" user="Paul The Archivist"/>
  <node id="4224533909" lat="51.5188723" lon="-0.1316761" version="1" timestamp="2016-06-03T22:36:07Z" changeset="39789075" uid="82783" user="Paul The Archivist"/>
  <node id="4224533911" lat="51.5188827" lon="-0.1316520" version="1" timestamp="2016-06-03T22:36:07Z" changeset="39789075" uid="82783" user="Paul The Archivist"/>
  <node id="4224533914" lat="51.5189038" lon="-0.1320743" version="1" timestamp="2016-06-03T22:36:08Z" changeset="39789075" uid="82783" user="Paul The Archivist"/>
  <node id="4224533915" lat="51.5189043" lon="-0.1316015" version="1" timestamp="2016-06-03T22:36:08Z" changeset="39789075" uid="82783" user="Paul The Archivist"/>
  <node id="4224533916" lat="51.5189136" lon="-0.1315798" version="1" timestamp="2016-06-03T22:36:08Z" changeset="39789075" uid="82783" user="Paul The Archivist"/>
  <node id="4224533920" lat="51.5189348" lon="-0.1315303" version="1" timestamp="2016-06-03T22:36:08Z" changeset="39789075" uid="82783" user="Paul The Archivist"/>
  <node id="4224533921" lat="51.5189451" lon="-0.1315062" version="1" timestamp="2016-06-03T22:36:08Z" changeset="39789075" uid="82783" user="Paul The Archivist"/>
  <node id="4224533925" lat="51.5189681" lon="-0.1314525" version="1" timestamp="2016-06-03T22:36:08Z" changeset="39789075" uid="82783" user="Paul The Archivist"/>
  <node id="4224533926" lat="51.5189788" lon="-0.1314276" version="1" timestamp="2016-06-03T22:36:08Z" changeset="39789075" uid="82783" user="Paul The Archivist"/>
  <node id="4224533931" lat="51.5189911" lon="-0.1314408" version="1" timestamp="2016-06-03T22:36:08Z" changeset="39789075" uid="82783" user="Paul The Archivist"/>
  <node id="4224533932" lat="51.5189991" lon="-0.1313801" version="1" timestamp="2016-06-03T22:36:08Z" changeset="39789075" uid="82783" user="Paul The Archivist"/>
  <node id="4224533934" lat="51.5190028" lon="-0.1313487" version="1" timestamp="2016-06-03T22:36:08Z" changeset="39789075" uid="82783" user="Paul The Archivist"/>
  <node id="4224533935" lat="51.5190091" lon="-0.1313561" version="1" timestamp="2016-06-03T22:36:08Z" changeset="39789075" uid="82783" user="Paul The Archivist"/>
  <node id="4224533936" lat="51.5190110" lon="-0.1313951" version="1" timestamp="2016-06-03T22:36:08Z" changeset="39789075" uid="82783" user="Paul The Archivist"/>
  <node id="4224533939" lat="51.5190162" lon="-0.1313832" version="1" timestamp="2016-06-03T22:36:08Z" changeset="39789075" uid="82783" user="Paul The Archivist">
    <tag k="entrance" v="main"/>
    <tag k="wheelchair" v="no"/>
  </node>
  <node id="4224533940" lat="51.5190217" lon="-0.1313707" version="1" timestamp="2016-06-03T22:36:08Z" changeset="39789075" uid="82783" user="Paul The Archivist"/>
  <node id="4224533942" lat="51.5190262" lon="-0.1312943" version="1" timestamp="2016-06-03T22:36:08Z" changeset="39789075" uid="82783" user="Paul The Archivist"/>
  <node id="4224533944" lat="51.5190366" lon="-0.1312702" version="1" timestamp="2016-06-03T22:36:08Z" changeset="39789075" uid="82783" user="Paul The Archivist"/>
  <node id="4224533947" lat="51.5190450" lon="-0.1313176" version="1" timestamp="2016-06-03T22:36:08Z" changeset="39789075" uid="82783" user="Paul The Archivist"/>
  <node id="4224533948" lat="51.5190497" lon="-0.1313069" version="1" timestamp="2016-06-03T22:36:08Z" changeset="39789075" uid="82783" user="Paul The Archivist">
    <tag k="entrance" v="main"/>
    <tag k="wheelchair" v="no"/>
  </node>
  <node id="4224533949" lat="51.5190507" lon="-0.1317739" version="1" timestamp="2016-06-03T22:36:08Z" changeset="39789075" uid="82783" user="Paul The Archivist"/>
  <node id="4224533950" lat="51.5190556" lon="-0.1312934" version="1" timestamp="2016-06-03T22:36:08Z" changeset="39789075" uid="82783" user="Paul The Archivist"/>
  <node id="4224533952" lat="51.5190608" lon="-0.1312141" version="1" timestamp="2016-06-03T22:36:08Z" changeset="39789075" uid="82783" user="Paul The Archivist"/>
  <node id="4224533953" lat="51.5190678" lon="-0.1317413" version="1" timestamp="2016-06-03T22:36:08Z" changeset="39789075" uid="82783" user="Paul The Archivist"/>
  <node id="4224533954" lat="51.5190708" lon="-0.1311908" version="1" timestamp="2016-06-03T22:36:08Z" changeset="39789075" uid="82783" user="Paul The Archivist"/>
  <node id="4224533955" lat="51.5190802" lon="-0.1312365" version="1" timestamp="2016-06-03T22:36:08Z" changeset="39789075" uid="82783" user="Paul The Archivist"/>
  <node id="4224533957" lat="51.5190846" lon="-0.1312263" version="1" timestamp="2016-06-03T22:36:08Z" changeset="39789075" uid="82783" user="Paul The Archivist">
    <tag k="entrance" v="main"/>
    <tag k="wheelchair" v="no"/>
  </node>
  <node id="4224533958" lat="51.5190898" lon="-0.1312142" version="1" timestamp="2016-06-03T22:36:08Z" changeset="39789075" uid="82783" user="Paul The Archivist"/>
  <node id="4224533959" lat="51.5191022" lon="-0.1316750" version="1" timestamp="2016-06-03T22:36:08Z" changeset="39789075" uid="82783" user="Paul The Archivist"/>
  <node id="4224533960" lat="51.5191024" lon="-0.1311176" version="1" timestamp="2016-06-03T22:36:08Z" changeset="39789075" uid="82783" user="Paul The Archivist"/>
  <node id="4224533961" lat="51.5191105" lon="-0.1318342" version="1" timestamp="2016-06-03T22:36:08Z" changeset="39789075" uid="82783" user="Paul The Archivist"/>
  <node id="4224533962" lat="51.5191146" lon="-0.1310892" version="1" timestamp="2016-06-03T22:36:08Z" changeset="39789075" uid="82783" user="Paul The Archivist"/>
  <node id="4224533963" lat="51.5191219" lon="-0.1311410" version="1" timestamp="2016-06-03T22:36:08Z" changeset="39789075" uid="82783" user="Paul The Archivist"/>
  <node id="4224533964" lat="51.5191277" lon="-0.1311278" version="1" timestamp="2016-06-03T22:36:08Z" changeset="39789075" uid="82783" user="Paul The Archivist">
    <tag k="entrance" v="main"/>
    <tag k="wheelchair" v="no"/>
  </node>
  <node id="4224533965" lat="51.5191346" lon="-0.1311120" version="1" timestamp="2016-06-03T22:36:08Z" changeset="39789075" uid="82783" user="Paul The Archivist"/>
  <node id="4224533966" lat="51.5191377" lon="-0.1316064" version="1" timestamp="2016-06-03T22:36:08Z" changeset="39789075" uid="82783" user="Paul The Archivist"/>
  <node id="4224533967" lat="51.5191441" lon="-0.1310207" version="1" timestamp="2016-06-03T22:36:09Z" changeset="39789075" uid="82783" user="Paul The Archivist"/>
  <node id="4224533968" lat="51.5191550" lon="-0.1309954" version="1" timestamp="2016-06-03T22:36:09Z" changeset="39789075" uid="82783" user="Paul The Archivist"/>
  <node id="4224533969" lat="51.5191626" lon="-0.1310431" version="1" timestamp="2016-06-03T22:36:09Z" changeset="39789075" uid="82783" user="Paul The Archivist"/>
  <node id="4224533970" lat="51.5191684" lon="-0.1310289" version="1" timestamp="2016-06-03T22:36:09Z" changeset="39789075" uid="82783" user="Paul The Archivist">
    <tag k="entrance" v="main"/>
    <tag k="wheelchair" v="no"/>
  </node>
  <node id="4224533971" lat="51.5191735" lon="-0.1310164" version="1" timestamp="2016-06-03T22:36:09Z" changeset="39789075" uid="82783" user="Paul The Archivist"/>
  <node id="4224533972" lat="51.5191757" lon="-0.1315331" version="1" timestamp="2016-06-03T22:36:09Z" changeset="39789075" uid="82783" user="Paul The Archivist"/>
  <node id="4224534652" lat="51.5191873" lon="-0.1309206" version="1" timestamp="2016-06-03T22:36:09Z" changeset="39789075" uid="82783" user="Paul The Archivist"/>
  <node id="4224534653" lat="51.5191890" lon="-0.1313250" version="1" timestamp="2016-06-03T22:36:09Z" changeset="39789075" uid="82783" user="Paul The Archivist"/>
  <node id="4224534654" lat="51.5191952" lon="-0.1314954" version="1" timestamp="2016-06-03T22:36:09Z" changeset="39789075" uid="82783" user="Paul The Archivist"/>
  <node id="4224534655" lat="51.5192000" lon="-0.1313184" version="1" timestamp="2016-06-03T22:36:09Z" changeset="39789075" uid="82783" user="Paul The Archivist"/>
  <node id="4224534656" lat="51.5192048" lon="-0.1308799" version="1" timestamp="2016-06-03T22:36:09Z" changeset="39789075" uid="82783" user="Paul The Archivist"/>
  <node id="4224534657" lat="51.5192052" lon="-0.1309430" version="1" timestamp="2016-06-03T22:36:09Z" changeset="39789075" uid="82783" user="Paul The Archivist"/>
  <node id="4224534658" lat="51.5192075" lon="-0.1313019" version="1" timestamp="2016-06-03T22:36:09Z" changeset="39789075" uid="82783" user="Paul The Archivist"/>
  <node id="4224534659" lat="51.5192103" lon="-0.1314664" version="1" timestamp="2016-06-03T22:36:09Z" changeset="39789075" uid="82783" user="Paul The Archivist"/>
  <node id="4224534660" lat="51.5192126" lon="-0.1309260" version="1" timestamp="2016-06-03T22:36:09Z" changeset="39789075" uid="82783" user="Paul The Archivist">
    <tag k="entrance" v="main"/>
    <tag k="wheelchair" v="no"/>
  </node>
  <node id="4224534661" lat="51.5192135" lon="-0.1312808" version="1" timestamp="2016-06-03T22:36:09Z" changeset="39789075" uid="82783" user="Paul The Archivist"/>
  <node id="4224534662" lat="51.5192145" lon="-0.1314710" version="1" timestamp="2016-06-03T22:36:09Z" changeset="39789075" uid="82783" user="Paul The Archivist"/>
  <node id="4224534663" lat="51.5192149" lon="-0.1312706" version="1" timestamp="2016-06-03T22:36:09Z" changeset="39789075" uid="82783" user="Paul The Archivist"/>
  <node id="4224534664" lat="51.5192286" lon="-0.1312193" version="1" timestamp="2016-06-03T22:36:09Z" changeset="39789075" uid="82783" user="Paul The Archivist"/>
  <node id="4224534665" lat="51.5192301" lon="-0.1313709" version="1" timestamp="2016-06-03T22:36:09Z" changeset="39789075" uid="82783" user="Paul The Archivist"/>
  <node id="4224534666" lat="51.5192337" lon="-0.1308129" version="1" timestamp="2016-06-03T22:36:09Z" changeset="39789075" uid="82783" user="Paul The Archivist"/>
  <node id="4224534667" lat="51.5192379" lon="-0.1312154" version="1" timestamp="2016-06-03T22:36:09Z" changeset="39789075" uid="82783" user="Paul The Archivist"/>
  <node id="4224534668" lat="51.5192487" lon="-0.1307779" version="1" timestamp="2016-06-03T22:36:09Z" changeset="39789075" uid="82783" user="Paul The Archivist"/>
  <node id="4224534669" lat="51.5192488" lon="-0.1313918" version="1" timestamp="2016-06-03T22:36:09Z" changeset="39789075" uid="82783" user="Paul The Archivist"/>
  <node id="4224534671" lat="51.5192528" lon="-0.1311887" version="1" timestamp="2016-06-03T22:36:09Z" changeset="39789075" uid="82783" user="Paul The Archivist"/>
  <node id="4224534672" lat="51.5192531" lon="-0.1311699" version="1" timestamp="2016-06-03T22:36:09Z" changeset="39789075" uid="82783" user="Paul The Archivist"/>
  <node id="4224534673" lat="51.5192538" lon="-0.1313150" version="1" timestamp="2016-06-03T22:36:09Z" changeset="39789075" uid="82783" user="Paul The Archivist"/>
  <node id="4224534675" lat="51.5192657" lon="-0.1312618" version="1" timestamp="2016-06-03T22:36:09Z" changeset="39789075" uid="82783" user="Paul The Archivist"/>
  <node id="4224534677" lat="51.5192752" lon="-0.1311300" version="1" timestamp="2016-06-03T22:36:09Z" changeset="39789075" uid="82783" user="Paul The Archivist"/>
  <node id="4224534678" lat="51.5192764" lon="-0.1307137" version="1" timestamp="2016-06-03T22:36:09Z" changeset="39789075" uid="82783" user="Paul The Archivist"/>
  <node id="4224534679" lat="51.5192878" lon="-0.1312126" version="1" timestamp="2016-06-03T22:36:09Z" changeset="39789075" uid="82783" user="Paul The Archivist"/>
  <node id="4224534680" lat="51.5192909" lon="-0.1306802" version="1" timestamp="2016-06-03T22:36:09Z" changeset="39789075" uid="82783" user="Paul The Archivist"/>
  <node id="4224534681" lat="51.5192919" lon="-0.1310914" version="1" timestamp="2016-06-03T22:36:09Z" changeset="39789075" uid="82783" user="Paul The Archivist"/>
  <node id="4224534682" lat="51.5192938" lon="-0.1312939" version="1" timestamp="2016-06-03T22:36:09Z" changeset="39789075" uid="82783" user="Paul The Archivist"/>
  <node id="4224534685" lat="51.5193051" lon="-0.1311607" version="1" timestamp="2016-06-03T22:36:10Z" changeset="39789075" uid="82783" user="Paul The Archivist"/>
  <node id="4224534687" lat="51.5193120" lon="-0.1322767" version="1" timestamp="2016-06-03T22:36:10Z" changeset="39789075" uid="82783" user="Paul The Archivist"/>
  <node id="4224534688" lat="51.5193185" lon="-0.1306161" version="1" timestamp="2016-06-03T22:36:10Z" changeset="39789075" uid="82783" user="Paul The Archivist"/>
  <node id="4224535989" lat="51.5193213" lon="-0.1311242" version="1" timestamp="2016-06-03T22:36:10Z" changeset="39789075" uid="82783" user="Paul The Archivist"/>
  <node id="4224535990" lat="51.5193262" lon="-0.1323803" version="1" timestamp="2016-06-03T22:36:10Z" changeset="39789075" uid="82783" user="Paul The Archivist"/>
  <node id="4224535991" lat="51.5193329" lon="-0.1305827" version="1" timestamp="2016-06-03T22:36:10Z" changeset="39789075" uid="82783" user="Paul The Archivist"/>
  <node id="4224535993" lat="51.5193396" lon="-0.1324417" version="1" timestamp="2016-06-03T22:36:10Z" changeset="39789075" uid="82783" user="Paul The Archivist"/>
  <node id="4224535994" lat="51.5193397" lon="-0.1311954" version="1" timestamp="2016-06-03T22:36:10Z" changeset="39789075" uid="82783" user="Paul The Archivist"/>
  <node id="4224535996" lat="51.5193503" lon="-0.1324690" version="1" timestamp="2016-06-03T22:36:10Z" changeset="39789075" uid="82783" user="Paul The Archivist"/>
  <node id="4224536013" lat="51.5194391" lon="-0.1318433" version="1" timestamp="2016-06-03T22:36:10Z" changeset="39789075" uid="82783" user="Paul The Archivist"/>
  <node id="4224536189" lat="51.5195244" lon="-0.1307973" version="1" timestamp="2016-06-03T22:36:11Z" changeset="39789075" uid="82783" user="Paul The Archivist"/>
  <node id="4224536190" lat="51.5195247" lon="-0.1317848" version="1" timestamp="2016-06-03T22:36:11Z" changeset="39789075" uid="82783" user="Paul The Archivist"/>
  <node id="4224536197" lat="51.5195513" lon="-0.1317711" version="1" timestamp="2016-06-03T22:36:11Z" changeset="39789075" uid="82783" user="Paul The Archivist"/>
  <node id="4224536198" lat="51.5195522" lon="-0.1308284" version="1" timestamp="2016-06-03T22:36:11Z" changeset="39789075" uid="82783" user="Paul The Archivist"/>
  <node id="4224536202" lat="51.5195587" lon="-0.1309691" version="1" timestamp="2016-06-03T22:36:11Z" changeset="39789075" uid="82783" user="Paul The Archivist"/>
  <node id="4224536203" lat="51.5195680" lon="-0.1311357" version="1" timestamp="2016-06-03T22:36:11Z" changeset="39789075" uid="82783" user="Paul The Archivist"/>
  <node id="4224536207" lat="51.5195787" lon="-0.1313454" version="1" timestamp="2016-06-03T22:36:11Z" changeset="39789075" uid="82783" user="Paul The Archivist"/>
  <node id="4224536210" lat="51.5195838" lon="-0.1317700" version="1" timestamp="2016-06-03T22:36:11Z" changeset="39789075" uid="82783" user="Paul The Archivist"/>
  <node id="4224536213" lat="51.5195976" lon="-0.1308791" version="1" timestamp="2016-06-03T22:36:11Z" changeset="39789075" uid="82783" user="Paul The Archivist"/>
  <node id="4224536217" lat="51.5196093" lon="-0.1317751" version="1" timestamp="2016-06-03T22:36:11Z" changeset="39789075" uid="82783" user="Paul The Archivist"/>
  <node id="4224536226" lat="51.5196263" lon="-0.1317802" version="1" timestamp="2016-06-03T22:36:12Z" changeset="39789075" uid="82783" user="Paul The Archivist"/>
  <node id="4224536240" lat="51.5196560" lon="-0.1317967" version="1" timestamp="2016-06-03T22:36:12Z" changeset="39789075" uid="82783" user="Paul The Archivist"/>
  <node id="4238456905" lat="51.5194688" lon="-0.1317326" version="1" timestamp="2016-06-11T23:18:39Z" changeset="39962449" uid="82783" user="Paul The Archivist">
    <tag k="amenity" v="cafe"/>
    <tag k="name" v="26 Food &amp; Drink"/>
    <tag k="note" v="In the Building Centre"/>
  </node>
  <node id="4247304447" lat="51.5187403" lon="-0.1325984" version="1" timestamp="2016-06-16T20:02:42Z" changeset="40076341" uid="82783" user="Paul The Archivist"/>
  <node id="4247304448" lat="51.5187557" lon="-0.1325599" version="2" timestamp="2024-11-28T11:48:41Z" changeset="159698111" uid="18774200" user="conordoremus">
    <tag k="barrier" v="kerb"/>
  </node>
  <node id="4247304449" lat="51.5187591" lon="-0.1325513" version="1" timestamp="2016-06-16T20:02:42Z" changeset="40076341" uid="82783" user="Paul The Archivist"/>
  <node id="4247304450" lat="51.5187701" lon="-0.1325475" version="1" timestamp="2016-06-16T20:02:42Z" changeset="40076341" uid="82783" user="Paul The Archivist"/>
  <node id="4247304451" lat="51.5187851" lon="-0.1325501" version="1" timestamp="2016-06-16T20:02:42Z" changeset="40076341" uid="82783" user="Paul The Archivist"/>
  <node id="4247304461" lat="51.5189483" lon="-0.1334667" version="2" timestamp="2016-06-17T23:01:09Z" changeset="40106720" uid="82783" user="Paul The Archivist"/>
  <node id="4247304462" lat="51.5191497" lon="-0.1329151" version="1" timestamp="2016-06-16T20:02:43Z" changeset="40076341" uid="82783" user="Paul The Archivist"/>
  <node id="4247304463" lat="51.5191560" lon="-0.1329246" version="4" timestamp="2024-11-25T15:22:04Z" changeset="159578271" uid="18774200" user="conordoremus"/>
  <node id="4247304464" lat="51.5191562" lon="-0.1329297" version="4" timestamp="2024-11-25T15:22:04Z" changeset="159578271" uid="18774200" user="conordoremus"/>
  <node id="4249404123" lat="51.5192297" lon="-0.1334041" version="1" timestamp="2016-06-17T23:00:51Z" changeset="40106720" uid="82783" user="Paul The Archivist"/>
  <node id="4249404124" lat="51.5192466" lon="-0.1333627" version="1" timestamp="2016-06-17T23:00:51Z" changeset="40106720" uid="82783" user="Paul The Archivist"/>
  <node id="4249404126" lat="51.5192707" lon="-0.1339014" version="2" timestamp="2016-06-19T12:06:42Z" changeset="40134353" uid="82783" user="Paul The Archivist"/>
  <node id="4249404127" lat="51.5192875" lon="-0.1335279" version="1" timestamp="2016-06-17T23:00:51Z" changeset="40106720" uid="82783" user="Paul The Archivist"/>
  <node id="4249404128" lat="51.5193035" lon="-0.1334395" version="2" timestamp="2019-03-05T13:29:28Z" changeset="67804765" uid="251221" user="spiregrain"/>
  <node id="4249404130" lat="51.5193169" lon="-0.1334533" version="2" timestamp="2019-03-05T13:29:28Z" changeset="67804765" uid="251221" user="spiregrain"/>
  <node id="4249404131" lat="51.5193236" lon="-0.1333888" version="2" timestamp="2019-03-05T13:29:28Z" changeset="67804765" uid="251221" user="spiregrain"/>
  <node id="4249404132" lat="51.5193508" lon="-0.1335917" version="1" timestamp="2016-06-17T23:00:51Z" changeset="40106720" uid="82783" user="Paul The Archivist"/>
  <node id="4249404133" lat="51.5193583" lon="-0.1335751" version="1" timestamp="2016-06-17T23:00:51Z" changeset="40106720" uid="82783" user="Paul The Archivist"/>
  <node id="4249404134" lat="51.5193882" lon="-0.1336010" version="1" timestamp="2016-06-17T23:00:51Z" changeset="40106720" uid="82783" user="Paul The Archivist"/>
  <node id="4249404312" lat="51.5189381" lon="-0.1334725" version="1" timestamp="2016-06-17T23:00:50Z" changeset="40106720" uid="82783" user="Paul The Archivist"/>
  <node id="4249404317" lat="51.5189530" lon="-0.1335611" version="1" timestamp="2016-06-17T23:00:50Z" changeset="40106720" uid="82783" user="Paul The Archivist"/>
  <node id="4249404320" lat="51.5189591" lon="-0.1335589" version="1" timestamp="2016-06-17T23:00:51Z" changeset="40106720" uid="82783" user="Paul The Archivist"/>
  <node id="4249404322" lat="51.5189700" lon="-0.1335478" version="1" timestamp="2016-06-17T23:00:51Z" changeset="40106720" uid="82783" user="Paul The Archivist"/>
  <node id="4249404323" lat="51.5189794" lon="-0.1336132" version="2" timestamp="2016-06-19T12:06:42Z" changeset="40134353" uid="82783" user="Paul The Archivist"/>
  <node id="4249404328" lat="51.5190163" lon="-0.1335352" version="2" timestamp="2017-08-29T11:04:00Z" changeset="51536695" uid="37791" user="Fradeve11"/>
  <node id="4249404329" lat="51.5190341" lon="-0.1334720" version="1" timestamp="2016-06-17T23:00:51Z" changeset="40106720" uid="82783" user="Paul The Archivist"/>
  <node id="4249404330" lat="51.5190388" lon="-0.1334778" version="2" timestamp="2017-08-29T11:04:00Z" changeset="51536695" uid="37791" user="Fradeve11"/>
  <node id="4249404331" lat="51.5190601" lon="-0.1334199" version="1" timestamp="2016-06-17T23:00:51Z" changeset="40106720" uid="82783" user="Paul The Archivist"/>
  <node id="4249404334" lat="51.5190932" lon="-0.1336128" version="2" timestamp="2017-08-29T11:04:00Z" changeset="51536695" uid="37791" user="Fradeve11"/>
  <node id="4249404336" lat="51.5191063" lon="-0.1332798" version="1" timestamp="2016-06-17T23:00:51Z" changeset="40106720" uid="82783" user="Paul The Archivist"/>
  <node id="4249404337" lat="51.5191097" lon="-0.1336294" version="2" timestamp="2017-08-29T11:04:00Z" changeset="51536695" uid="37791" user="Fradeve11"/>
  <node id="4249404338" lat="51.5191306" lon="-0.1337554" version="3" timestamp="2017-08-29T11:04:00Z" changeset="51536695" uid="37791" user="Fradeve11"/>
  <node id="4249404339" lat="51.5191321" lon="-0.1335721" version="2" timestamp="2017-08-29T11:04:00Z" changeset="51536695" uid="37791" user="Fradeve11"/>
  <node id="4249404340" lat="51.5191552" lon="-0.1335141" version="1" timestamp="2016-06-17T23:00:51Z" changeset="40106720" uid="82783" user="Paul The Archivist"/>
  <node id="4249404341" lat="51.5191600" lon="-0.1336801" version="2" timestamp="2017-08-29T11:04:00Z" changeset="51536695" uid="37791" user="Fradeve11"/>
  <node id="4249404342" lat="51.5191650" lon="-0.1335621" version="1" timestamp="2016-06-17T23:00:51Z" changeset="40106720" uid="82783" user="Paul The Archivist"/>
  <node id="4249404343" lat="51.5191742" lon="-0.1330163" version="1" timestamp="2016-06-17T23:00:51Z" changeset="40106720" uid="82783" user="Paul The Archivist"/>
  <node id="4249404344" lat="51.5191760" lon="-0.1335354" version="1" timestamp="2016-06-17T23:00:51Z" changeset="40106720" uid="82783" user="Paul The Archivist"/>
  <node id="4249404345" lat="51.5191955" lon="-0.1335917" version="1" timestamp="2016-06-17T23:00:51Z" changeset="40106720" uid="82783" user="Paul The Archivist"/>
  <node id="4249404346" lat="51.5192085" lon="-0.1330115" version="2" timestamp="2017-10-12T18:44:28Z" changeset="52868846" uid="251221" user="spiregrain"/>
  <node id="4249404347" lat="51.5192093" lon="-0.1333209" version="1" timestamp="2016-06-17T23:00:51Z" changeset="40106720" uid="82783" user="Paul The Archivist"/>
  <node id="4252662764" lat="51.5191263" lon="-0.1337654" version="1" timestamp="2016-06-19T12:06:30Z" changeset="40134353" uid="82783" user="Paul The Archivist"/>
  <node id="4252662768" lat="51.5191820" lon="-0.1336254" version="1" timestamp="2016-06-19T12:06:30Z" changeset="40134353" uid="82783" user="Paul The Archivist"/>
  <node id="4252662775" lat="51.5192837" lon="-0.1339147" version="1" timestamp="2016-06-19T12:06:30Z" changeset="40134353" uid="82783" user="Paul The Archivist"/>
  <node id="4252662778" lat="51.5193107" lon="-0.1334690" version="1" timestamp="2016-06-19T12:06:30Z" changeset="40134353" uid="82783" user="Paul The Archivist"/>
  <node id="4252662779" lat="51.5193152" lon="-0.1339471" version="1" timestamp="2016-06-19T12:06:30Z" changeset="40134353" uid="82783" user="Paul The Archivist"/>
  <node id="4252662780" lat="51.5193507" lon="-0.1336967" version="1" timestamp="2016-06-19T12:06:31Z" changeset="40134353" uid="82783" user="Paul The Archivist"/>
  <node id="4252662781" lat="51.5193855" lon="-0.1337302" version="1" timestamp="2016-06-19T12:06:31Z" changeset="40134353" uid="82783" user="Paul The Archivist"/>
  <node id="4252662784" lat="51.5194173" lon="-0.1340660" version="1" timestamp="2016-06-19T12:06:31Z" changeset="40134353" uid="82783" user="Paul The Archivist"/>
  <node id="4252662785" lat="51.5194356" lon="-0.1337675" version="1" timestamp="2016-06-19T12:06:31Z" changeset="40134353" uid="82783" user="Paul The Archivist"/>
  <node id="4252662786" lat="51.5194379" lon="-0.1336038" version="1" timestamp="2016-06-19T12:06:31Z" changeset="40134353" uid="82783" user="Paul The Archivist"/>
  <node id="4252662787" lat="51.5194566" lon="-0.1336508" version="1" timestamp="2016-06-19T12:06:31Z" changeset="40134353" uid="82783" user="Paul The Archivist"/>
  <node id="4252662788" lat="51.5194641" lon="-0.1336267" version="1" timestamp="2016-06-19T12:06:31Z" changeset="40134353" uid="82783" user="Paul The Archivist"/>
  <node id="4252666489" lat="51.5194716" lon="-0.1336676" version="1" timestamp="2016-06-19T12:06:31Z" changeset="40134353" uid="82783" user="Paul The Archivist"/>
  <node id="4252666490" lat="51.5194809" lon="-0.1336478" version="1" timestamp="2016-06-19T12:06:31Z" changeset="40134353" uid="82783" user="Paul The Archivist"/>
  <node id="4252666496" lat="51.5195540" lon="-0.1341985" version="1" timestamp="2016-06-19T12:06:31Z" changeset="40134353" uid="82783" user="Paul The Archivist"/>
  <node id="4252666500" lat="51.5195727" lon="-0.1342203" version="1" timestamp="2016-06-19T12:06:31Z" changeset="40134353" uid="82783" user="Paul The Archivist">
    <tag k="entrance" v="service"/>
    <tag k="vehicle" v="private"/>
  </node>
  <node id="4252666504" lat="51.5195914" lon="-0.1340763" version="1" timestamp="2016-06-19T12:06:31Z" changeset="40134353" uid="82783" user="Paul The Archivist"/>
  <node id="4252666506" lat="51.5196009" lon="-0.1342532" version="1" timestamp="2016-06-19T12:06:31Z" changeset="40134353" uid="82783" user="Paul The Archivist">
    <tag k="entrance" v="service"/>
    <tag k="vehicle" v="private"/>
  </node>
  <node id="4252666507" lat="51.5196012" lon="-0.1340907" version="1" timestamp="2016-06-19T12:06:31Z" changeset="40134353" uid="82783" user="Paul The Archivist"/>
  <node id="4252666510" lat="51.5196167" lon="-0.1342716" version="1" timestamp="2016-06-19T12:06:31Z" changeset="40134353" uid="82783" user="Paul The Archivist"/>
  <node id="4252666513" lat="51.5197153" lon="-0.1338240" version="1" timestamp="2016-06-19T12:06:31Z" changeset="40134353" uid="82783" user="Paul The Archivist"/>
  <node id="4252666514" lat="51.5197262" lon="-0.1340371" version="1" timestamp="2016-06-19T12:06:31Z" changeset="40134353" uid="82783" user="Paul The Archivist"/>
  <node id="4252666516" lat="51.5197363" lon="-0.1340576" version="1" timestamp="2016-06-19T12:06:31Z" changeset="40134353" uid="82783" user="Paul The Archivist"/>
  <node id="4252666517" lat="51.5197970" lon="-0.1339108" version="1" timestamp="2016-06-19T12:06:31Z" changeset="40134353" uid="82783" user="Paul The Archivist"/>
  <node id="4519038134" lat="51.5194305" lon="-0.1331047" version="5" timestamp="2023-02-16T14:28:08Z" changeset="132632236" uid="251221" user="spiregrain"/>
  <node id="4860880476" lat="51.5186533" lon="-0.1321942" version="1" timestamp="2017-05-18T02:31:20Z" changeset="48776900" uid="322039" user="MacLondon"/>
  <node id="4984531705" lat="51.5190624" lon="-0.1330527" version="2" timestamp="2022-07-28T18:01:18Z" changeset="124197618" uid="7096975" user="Peter Newman">
    <tag k="camera:mount" v="wall"/>
    <tag k="camera:type" v="fixed"/>
    <tag k="check_date" v="2022-07-28"/>
    <tag k="man_made" v="surveillance"/>
    <tag k="surveillance" v="outdoor"/>
    <tag k="surveillance:type" v="camera"/>
    <tag k="surveillance:zone" v="bank"/>
  </node>
  <node id="5011854559" lat="51.5194101" lon="-0.1327614" version="3" timestamp="2024-07-08T17:26:45Z" changeset="153713111" uid="7096975" user="Peter Newman">
    <tag k="camera:mount" v="wall"/>
    <tag k="camera:type" v="dome"/>
    <tag k="check_date" v="2024-07-08"/>
    <tag k="man_made" v="surveillance"/>
    <tag k="surveillance" v="outdoor"/>
    <tag k="surveillance:type" v="camera"/>
    <tag k="surveillance:zone" v="building"/>
  </node>
  <node id="5011854560" lat="51.5195943" lon="-0.1324426" version="2" timestamp="2022-09-09T15:07:39Z" changeset="125985510" uid="1777661" user="wlcx">
    <tag k="camera:mount" v="wall"/>
    <tag k="camera:type" v="dome"/>
    <tag k="check_date" v="2022-09-09"/>
    <tag k="man_made" v="surveillance"/>
    <tag k="surveillance" v="outdoor"/>
    <tag k="surveillance:type" v="camera"/>
    <tag k="surveillance:zone" v="building"/>
  </node>
  <node id="5066147678" lat="51.5190558" lon="-0.1334316" version="2" timestamp="2022-07-28T18:01:19Z" changeset="124197618" uid="7096975" user="Peter Newman">
    <tag k="camera:mount" v="wall"/>
    <tag k="camera:type" v="fixed"/>
    <tag k="check_date" v="2022-07-28"/>
    <tag k="man_made" v="surveillance"/>
    <tag k="surveillance" v="outdoor"/>
    <tag k="surveillance:type" v="camera"/>
    <tag k="surveillance:zone" v="shop"/>
  </node>
  <node id="5068735979" lat="51.5190226" lon="-0.1335193" version="1" timestamp="2017-08-30T10:14:46Z" changeset="51571207" uid="37791" user="Fradeve11">
    <tag k="entrance" v="yes"/>
  </node>
  <node id="5068735981" lat="51.5190930" lon="-0.1333322" version="1" timestamp="2017-08-30T10:14:46Z" changeset="51571207" uid="37791" user="Fradeve11"/>
  <node id="5068735982" lat="51.5192113" lon="-0.1334491" version="1" timestamp="2017-08-30T10:14:47Z" changeset="51571207" uid="37791" user="Fradeve11"/>
  <node id="5150471736" lat="51.5195636" lon="-0.1334148" version="2" timestamp="2019-03-05T13:29:28Z" changeset="67804765" uid="251221" user="spiregrain"/>
  <node id="5150471737" lat="51.5194990" lon="-0.1335804" version="2" timestamp="2019-03-05T13:29:28Z" changeset="67804765" uid="251221" user="spiregrain"/>
  <node id="5150471738" lat="51.5194187" lon="-0.1334995" version="1" timestamp="2017-10-05T20:09:18Z" changeset="52665479" uid="251221" user="spiregrain"/>
  <node id="5150471739" lat="51.5194833" lon="-0.1333340" version="2" timestamp="2019-03-05T13:29:28Z" changeset="67804765" uid="251221" user="spiregrain"/>
  <node id="5150471740" lat="51.5193765" lon="-0.1334558" version="1" timestamp="2017-10-05T20:09:18Z" changeset="52665479" uid="251221" user="spiregrain"/>
  <node id="5150471741" lat="51.5194384" lon="-0.1332878" version="2" timestamp="2019-03-05T13:29:28Z" changeset="67804765" uid="251221" user="spiregrain"/>
  <node id="5150471742" lat="51.5192982" lon="-0.1331393" version="3" timestamp="2019-03-05T13:29:28Z" changeset="67804765" uid="251221" user="spiregrain"/>
  <node id="5150471743" lat="51.5192348" lon="-0.1332988" version="3" timestamp="2019-03-05T13:29:28Z" changeset="67804765" uid="251221" user="spiregrain"/>
  <node id="5150471744" lat="51.5193345" lon="-0.1331777" version="2" timestamp="2019-03-05T13:29:28Z" changeset="67804765" uid="251221" user="spiregrain"/>
  <node id="5150471745" lat="51.5192710" lon="-0.1333356" version="2" timestamp="2019-03-05T13:29:28Z" changeset="67804765" uid="251221" user="spiregrain"/>
  <node id="5150471746" lat="51.5193749" lon="-0.1332210" version="2" timestamp="2019-03-05T13:29:28Z" changeset="67804765" uid="251221" user="spiregrain"/>
  <node id="5150471747" lat="51.5193129" lon="-0.1333795" version="3" timestamp="2023-04-27T07:55:20Z" changeset="135415028" uid="251221" user="spiregrain"/>
  <node id="5150471748" lat="51.5193948" lon="-0.1332423" version="2" timestamp="2019-03-05T13:29:28Z" changeset="67804765" uid="251221" user="spiregrain"/>
  <node id="5150471749" lat="51.5193326" lon="-0.1334160" version="1" timestamp="2017-10-05T20:09:18Z" changeset="52665479" uid="251221" user="spiregrain"/>
  <node id="5150471750" lat="51.5193848" lon="-0.1332317" version="2" timestamp="2019-03-05T13:29:28Z" changeset="67804765" uid="251221" user="spiregrain">
    <tag k="barrier" v="gate"/>
  </node>
  <node id="5163695405" lat="51.5192048" lon="-0.1330379" version="2" timestamp="2018-08-15T11:33:36Z" changeset="61682753" uid="251221" user="spiregrain"/>
  <node id="5163695407" lat="51.5192618" lon="-0.1331017" version="3" timestamp="2019-03-05T13:29:28Z" changeset="67804765" uid="251221" user="spiregrain"/>
  <node id="5239556145" lat="51.5192785" lon="-0.1328682" version="4" timestamp="2022-02-21T00:49:49Z" changeset="117659040" uid="322039" user="MacLondon">
    <tag k="direction" v="backward"/>
    <tag k="highway" v="give_way"/>
  </node>
  <node id="5239556146" lat="51.5191774" lon="-0.1329648" version="9" timestamp="2024-11-25T15:22:04Z" changeset="159578271" uid="18774200" user="conordoremus">
    <tag k="crossing" v="unmarked"/>
    <tag k="crossing:island" v="no"/>
    <tag k="crossing:markings" v="no"/>
    <tag k="highway" v="crossing"/>
    <tag k="kerb" v="flush"/>
    <tag k="tactile_paving" v="yes"/>
  </node>
  <node id="5239556147" lat="51.5191677" lon="-0.1329850" version="2" timestamp="2021-02-28T23:16:58Z" changeset="100160118" uid="322039" user="MacLondon"/>
  <node id="5612180570" lat="51.5200062" lon="-0.1336878" version="5" timestamp="2024-04-09T08:40:44Z" changeset="149765163" uid="3951648" user="rskedgell">
    <tag k="crossing" v="no"/>
    <tag k="highway" v="traffic_signals"/>
    <tag k="traffic_signals" v="traffic_lights"/>
    <tag k="traffic_signals:direction" v="forward"/>
  </node>
  <node id="5630569620" lat="51.5187050" lon="-0.1326869" version="1" timestamp="2018-05-20T13:56:42Z" changeset="59123644" uid="322039" user="MacLondon"/>
  <node id="5630569823" lat="51.5190959" lon="-0.1330855" version="1" timestamp="2018-05-20T13:56:42Z" changeset="59123644" uid="322039" user="MacLondon"/>
  <node id="5811143789" lat="51.5200856" lon="-0.1337726" version="13" timestamp="2024-04-09T08:40:44Z" changeset="149765163" uid="3951648" user="rskedgell">
    <tag k="button_operated" v="yes"/>
    <tag k="crossing" v="traffic_signals"/>
    <tag k="crossing:island" v="no"/>
    <tag k="crossing:markings" v="dots"/>
    <tag k="crossing:signals" v="yes"/>
    <tag k="crossing_ref" v="pelican"/>
    <tag k="highway" v="crossing"/>
    <tag k="kerb" v="lowered"/>
    <tag k="tactile_paving" v="yes"/>
    <tag k="traffic_signals:sound" v="no"/>
    <tag k="traffic_signals:vibration" v="yes"/>
  </node>
  <node id="5935732734" lat="51.5193603" lon="-0.1328601" version="2" timestamp="2018-09-27T23:04:06Z" changeset="62992494" uid="322039" user="MacLondon"/>
  <node id="5935732735" lat="51.5193276" lon="-0.1328429" version="5" timestamp="2022-02-21T00:49:49Z" changeset="117659040" uid="322039" user="MacLondon">
    <tag k="barrier" v="kerb"/>
    <tag k="kerb" v="lowered"/>
    <tag k="tactile_paving" v="yes"/>
  </node>
  <node id="5935732736" lat="51.5192413" lon="-0.1327579" version="1" timestamp="2018-09-27T23:03:57Z" changeset="62992494" uid="322039" user="MacLondon"/>
  <node id="5935732737" lat="51.5193394" lon="-0.1325022" version="1" timestamp="2018-09-27T23:03:57Z" changeset="62992494" uid="322039" user="MacLondon"/>
  <node id="5935732738" lat="51.5194756" lon="-0.1325682" version="1" timestamp="2018-09-27T23:03:57Z" changeset="62992494" uid="322039" user="MacLondon"/>
  <node id="6318235132" lat="51.5197364" lon="-0.1337738" version="1" timestamp="2019-03-05T13:29:27Z" changeset="67804765" uid="251221" user="spiregrain"/>
  <node id="6318235134" lat="51.5194844" lon="-0.1336186" version="1" timestamp="2019-03-05T13:29:27Z" changeset="67804765" uid="251221" user="spiregrain"/>
  <node id="6355365934" lat="51.5193955" lon="-0.1325131" version="1" timestamp="2019-03-22T20:55:39Z" changeset="68427595" uid="322039" user="MacLondon"/>
  <node id="6355365946" lat="51.5194183" lon="-0.1325449" version="2" timestamp="2022-02-21T01:27:59Z" changeset="117659529" uid="322039" user="MacLondon"/>
  <node id="6384523734" lat="51.5190007" lon="-0.1326682" version="8" timestamp="2023-02-16T14:28:08Z" changeset="132632236" uid="251221" user="spiregrain">
    <tag k="highway" v="traffic_signals"/>
    <tag k="traffic_signals:direction" v="backward"/>
  </node>
  <node id="6384523735" lat="51.5193792" lon="-0.1327142" version="3" timestamp="2019-10-29T17:39:41Z" changeset="76358308" uid="251221" user="spiregrain">
    <tag k="amenity" v="motorcycle_parking"/>
    <tag k="capacity" v="10"/>
    <tag k="covered" v="no"/>
  </node>
  <node id="6384523736" lat="51.5189231" lon="-0.1325884" version="6" timestamp="2023-02-16T14:28:08Z" changeset="132632236" uid="251221" user="spiregrain">
    <tag k="highway" v="traffic_signals"/>
    <tag k="traffic_signals:direction" v="forward"/>
  </node>
  <node id="6384523737" lat="51.5189664" lon="-0.1326333" version="14" timestamp="2024-11-29T12:58:42Z" changeset="159740887" uid="3951648" user="rskedgell">
    <tag k="button_operated" v="yes"/>
    <tag k="crossing" v="marked"/>
    <tag k="crossing:island" v="no"/>
    <tag k="crossing:markings" v="dots"/>
    <tag k="crossing_ref" v="pelican"/>
    <tag k="fixme" v="Check crossing #surveyme"/>
    <tag k="highway" v="crossing"/>
    <tag k="kerb" v="flush"/>
    <tag k="tactile_paving" v="yes"/>
    <tag k="traffic_signals:sound" v="yes"/>
    <tag k="traffic_signals:vibration" v="yes"/>
  </node>
  <node id="6387498576" lat="51.5196309" lon="-0.1316718" version="1" timestamp="2019-04-06T12:06:11Z" changeset="68950306" uid="1878856" user="yourealwaysbe">
    <tag k="name" v="Forest of Fabrication"/>
    <tag k="shop" v="furniture"/>
  </node>
  <node id="6387828805" lat="51.5194025" lon="-0.1326138" version="2" timestamp="2023-07-17T07:56:47Z" changeset="138608681" uid="11471297" user="Palgrave Peter">
    <tag k="amenity" v="bicycle_parking"/>
    <tag k="bicycle_parking" v="stands"/>
    <tag k="capacity" v="2"/>
    <tag k="check_date:capacity" v="2023-07-17"/>
    <tag k="covered" v="no"/>
  </node>
  <node id="8253476912" lat="51.5198712" lon="-0.1323267" version="3" timestamp="2022-03-14T03:08:26Z" changeset="118451705" uid="322039" user="MacLondon">
    <tag k="barrier" v="gate"/>
  </node>
  <node id="8253496117" lat="51.5197883" lon="-0.1325311" version="4" timestamp="2023-03-04T10:58:11Z" changeset="133284839" uid="251688" user="Molko"/>
  <node id="8253496133" lat="51.5198078" lon="-0.1325669" version="2" timestamp="2023-03-04T10:58:11Z" changeset="133284839" uid="251688" user="Molko"/>
  <node id="8370058766" lat="51.5194759" lon="-0.1322085" version="2" timestamp="2023-07-16T19:28:00Z" changeset="138592586" uid="7096975" user="Peter Newman">
    <tag k="amenity" v="telephone"/>
    <tag k="booth" v="KXPlus"/>
    <tag k="check_date" v="2023-07-16"/>
    <tag k="covered" v="booth"/>
  </node>
  <node id="8473911117" lat="51.5192119" lon="-0.1328862" version="2" timestamp="2023-02-16T14:28:08Z" changeset="132632236" uid="251221" user="spiregrain"/>
  <node id="8474252671" lat="51.5200447" lon="-0.1337267" version="2" timestamp="2023-02-16T14:28:08Z" changeset="132632236" uid="251221" user="spiregrain">
    <tag k="cycleway" v="asl"/>
    <tag k="direction" v="forward"/>
  </node>
  <node id="8784081139" lat="51.5197955" lon="-0.1324679" version="4" timestamp="2023-03-04T10:58:11Z" changeset="133284839" uid="251688" user="Molko"/>
  <node id="8784081140" lat="51.5198328" lon="-0.1323913" version="4" timestamp="2023-03-04T10:58:11Z" changeset="133284839" uid="251688" user="Molko"/>
  <node id="8784081141" lat="51.5196173" lon="-0.1322569" version="4" timestamp="2023-03-04T10:58:11Z" changeset="133284839" uid="251688" user="Molko"/>
  <node id="9287298986" lat="51.5195376" lon="-0.1323492" version="1" timestamp="2021-11-27T03:29:42Z" changeset="114283236" uid="322039" user="MacLondon"/>
  <node id="9523025797" lat="51.5193005" lon="-0.1327486" version="1" timestamp="2022-02-21T00:49:49Z" changeset="117659040" uid="322039" user="MacLondon"/>
  <node id="9523025798" lat="51.5193286" lon="-0.1327694" version="1" timestamp="2022-02-21T00:49:49Z" changeset="117659040" uid="322039" user="MacLondon"/>
  <node id="9523048180" lat="51.5196391" lon="-0.1321197" version="5" timestamp="2024-11-25T15:04:37Z" changeset="159577563" uid="18774200" user="conordoremus"/>
  <node id="9523048184" lat="51.5197066" lon="-0.1319685" version="1" timestamp="2022-02-21T01:27:59Z" changeset="117659529" uid="322039" user="MacLondon"/>
  <node id="9523048185" lat="51.5194539" lon="-0.1324325" version="1" timestamp="2022-02-21T01:27:59Z" changeset="117659529" uid="322039" user="MacLondon"/>
  <node id="9523048186" lat="51.5194156" lon="-0.1323714" version="3" timestamp="2023-07-16T19:28:01Z" changeset="138592321" uid="7096975" user="Peter Newman">
    <tag k="barrier" v="kerb"/>
    <tag k="kerb" v="lowered"/>
    <tag k="tactile_paving" v="yes"/>
  </node>
  <node id="9523048187" lat="51.5193940" lon="-0.1324229" version="2" timestamp="2024-11-25T15:04:37Z" changeset="159577563" uid="18774200" user="conordoremus">
    <tag k="crossing" v="unmarked"/>
    <tag k="crossing:markings" v="no"/>
    <tag k="highway" v="crossing"/>
  </node>
  <node id="9523048188" lat="51.5196216" lon="-0.1318873" version="2" timestamp="2024-11-25T15:04:37Z" changeset="159577563" uid="18774200" user="conordoremus">
    <tag k="crossing" v="unmarked"/>
    <tag k="crossing:markings" v="no"/>
    <tag k="highway" v="crossing"/>
  </node>
  <node id="9523048190" lat="51.5196446" lon="-0.1319818" version="1" timestamp="2022-02-21T01:27:59Z" changeset="117659529" uid="322039" user="MacLondon"/>
  <node id="9576778626" lat="51.5196008" lon="-0.1320804" version="1" timestamp="2022-03-14T03:08:26Z" changeset="118451705" uid="322039" user="MacLondon"/>
  <node id="9576778627" lat="51.5206641" lon="-0.1332037" version="2" timestamp="2022-11-14T15:31:17Z" changeset="128897773" uid="11653181" user="acres1nvented"/>
  <node id="9576778629" lat="51.5196493" lon="-0.1321311" version="2" timestamp="2024-11-25T15:04:37Z" changeset="159577563" uid="18774200" user="conordoremus"/>
  <node id="9979256812" lat="51.5188273" lon="-0.1328154" version="5" timestamp="2024-10-30T12:58:51Z" changeset="158540484" uid="118262" user="Wynndale">
    <tag k="amenity" v="atm"/>
    <tag k="brand" v="HSBC UK"/>
    <tag k="brand:wikidata" v="Q64767453"/>
    <tag k="cash_in" v="no"/>
    <tag k="check_date" v="2024-07-08"/>
    <tag k="fee" v="no"/>
    <tag k="indoor" v="no"/>
    <tag k="opening_hours" v="24/7"/>
    <tag k="operator" v="HSBC UK"/>
    <tag k="operator:wikidata" v="Q64767453"/>
  </node>
  <node id="10709137579" lat="51.5197703" lon="-0.1324924" version="1" timestamp="2023-03-04T10:58:11Z" changeset="133284839" uid="251688" user="Molko"/>
  <node id="10709137584" lat="51.5198097" lon="-0.1324495" version="1" timestamp="2023-03-04T10:58:11Z" changeset="133284839" uid="251688" user="Molko"/>
  <node id="10709137585" lat="51.5198046" lon="-0.1324605" version="1" timestamp="2023-03-04T10:58:11Z" changeset="133284839" uid="251688" user="Molko"/>
  <node id="10709137586" lat="51.5197791" lon="-0.1324596" version="1" timestamp="2023-03-04T10:58:11Z" changeset="133284839" uid="251688" user="Molko"/>
  <node id="10709137587" lat="51.5197862" lon="-0.1324655" version="1" timestamp="2023-03-04T10:58:11Z" changeset="133284839" uid="251688" user="Molko"/>
  <node id="10709137588" lat="51.5196743" lon="-0.1322744" version="1" timestamp="2023-03-04T10:58:11Z" changeset="133284839" uid="251688" user="Molko"/>
  <node id="10709137589" lat="51.5197472" lon="-0.1323140" version="1" timestamp="2023-03-04T10:58:11Z" changeset="133284839" uid="251688" user="Molko"/>
  <node id="10709137590" lat="51.5197998" lon="-0.1323525" version="1" timestamp="2023-03-04T10:58:11Z" changeset="133284839" uid="251688" user="Molko"/>
  <node id="10709137591" lat="51.5198607" lon="-0.1323545" version="1" timestamp="2023-03-04T10:58:11Z" changeset="133284839" uid="251688" user="Molko">
    <tag k="highway" v="crossing"/>
  </node>
  <node id="10709137592" lat="51.5198321" lon="-0.1323951" version="1" timestamp="2023-03-04T10:58:11Z" changeset="133284839" uid="251688" user="Molko"/>
  <node id="10709137593" lat="51.5198303" lon="-0.1323840" version="1" timestamp="2023-03-04T10:58:11Z" changeset="133284839" uid="251688" user="Molko"/>
  <node id="10709137594" lat="51.5198325" lon="-0.1323875" version="1" timestamp="2023-03-04T10:58:11Z" changeset="133284839" uid="251688" user="Molko"/>
  <node id="10709137595" lat="51.5195973" lon="-0.1323386" version="1" timestamp="2023-03-04T10:58:11Z" changeset="133284839" uid="251688" user="Molko"/>
  <node id="10709137596" lat="51.5196646" lon="-0.1324107" version="1" timestamp="2023-03-04T10:58:11Z" changeset="133284839" uid="251688" user="Molko"/>
  <node id="10709137597" lat="51.5196537" lon="-0.1324370" version="1" timestamp="2023-03-04T10:58:11Z" changeset="133284839" uid="251688" user="Molko"/>
  <node id="10709137598" lat="51.5195864" lon="-0.1323649" version="1" timestamp="2023-03-04T10:58:11Z" changeset="133284839" uid="251688" user="Molko"/>
  <node id="10709137599" lat="51.5196419" lon="-0.1324235" version="1" timestamp="2023-03-04T10:58:11Z" changeset="133284839" uid="251688" user="Molko"/>
  <node id="10709137600" lat="51.5196000" lon="-0.1323780" version="1" timestamp="2023-03-04T10:58:11Z" changeset="133284839" uid="251688" user="Molko"/>
  <node id="10709137601" lat="51.5196149" lon="-0.1323813" version="1" timestamp="2023-03-04T10:58:11Z" changeset="133284839" uid="251688" user="Molko"/>
  <node id="10709137602" lat="51.5196339" lon="-0.1324014" version="1" timestamp="2023-03-04T10:58:11Z" changeset="133284839" uid="251688" user="Molko"/>
  <node id="10709137603" lat="51.5195965" lon="-0.1323756" version="1" timestamp="2023-03-04T10:58:11Z" changeset="133284839" uid="251688" user="Molko"/>
  <node id="10709137604" lat="51.5196042" lon="-0.1323791" version="1" timestamp="2023-03-04T10:58:11Z" changeset="133284839" uid="251688" user="Molko"/>
  <node id="10709137605" lat="51.5196116" lon="-0.1323801" version="1" timestamp="2023-03-04T10:58:11Z" changeset="133284839" uid="251688" user="Molko"/>
  <node id="10709137606" lat="51.5196185" lon="-0.1323843" version="1" timestamp="2023-03-04T10:58:11Z" changeset="133284839" uid="251688" user="Molko"/>
  <node id="10709137607" lat="51.5196314" lon="-0.1323974" version="1" timestamp="2023-03-04T10:58:11Z" changeset="133284839" uid="251688" user="Molko"/>
  <node id="10709137608" lat="51.5196358" lon="-0.1324059" version="1" timestamp="2023-03-04T10:58:11Z" changeset="133284839" uid="251688" user="Molko"/>
  <node id="10709137609" lat="51.5196401" lon="-0.1324193" version="1" timestamp="2023-03-04T10:58:11Z" changeset="133284839" uid="251688" user="Molko"/>
  <node id="10709137610" lat="51.5196445" lon="-0.1324271" version="1" timestamp="2023-03-04T10:58:11Z" changeset="133284839" uid="251688" user="Molko"/>
  <node id="10709137617" lat="51.5197353" lon="-0.1321825" version="1" timestamp="2023-03-04T10:58:11Z" changeset="133284839" uid="251688" user="Molko"/>
  <node id="10709137618" lat="51.5197292" lon="-0.1321980" version="1" timestamp="2023-03-04T10:58:11Z" changeset="133284839" uid="251688" user="Molko"/>
  <node id="10709137619" lat="51.5197539" lon="-0.1322231" version="1" timestamp="2023-03-04T10:58:11Z" changeset="133284839" uid="251688" user="Molko"/>
  <node id="10709137620" lat="51.5197589" lon="-0.1322094" version="1" timestamp="2023-03-04T10:58:11Z" changeset="133284839" uid="251688" user="Molko"/>
  <node id="10709137621" lat="51.5198032" lon="-0.1322572" version="1" timestamp="2023-03-04T10:58:11Z" changeset="133284839" uid="251688" user="Molko"/>
  <node id="10709137622" lat="51.5197982" lon="-0.1322709" version="1" timestamp="2023-03-04T10:58:11Z" changeset="133284839" uid="251688" user="Molko"/>
  <node id="10709137623" lat="51.5198516" lon="-0.1323284" version="1" timestamp="2023-03-04T10:58:11Z" changeset="133284839" uid="251688" user="Molko"/>
  <node id="10709137624" lat="51.5198578" lon="-0.1323130" version="1" timestamp="2023-03-04T10:58:11Z" changeset="133284839" uid="251688" user="Molko"/>
  <node id="10709137625" lat="51.5206456" lon="-0.1331542" version="1" timestamp="2023-03-04T10:58:11Z" changeset="133284839" uid="251688" user="Molko"/>
  <node id="10709137626" lat="51.5205156" lon="-0.1334652" version="1" timestamp="2023-03-04T10:58:11Z" changeset="133284839" uid="251688" user="Molko"/>
  <node id="10709137627" lat="51.5204884" lon="-0.1333769" version="1" timestamp="2023-03-04T10:58:11Z" changeset="133284839" uid="251688" user="Molko"/>
  <node id="10709137628" lat="51.5195715" lon="-0.1323794" version="1" timestamp="2023-03-04T10:58:11Z" changeset="133284839" uid="251688" user="Molko"/>
  <node id="10709137629" lat="51.5195287" lon="-0.1323702" version="1" timestamp="2023-03-04T10:58:11Z" changeset="133284839" uid="251688" user="Molko"/>
  <node id="10709137630" lat="51.5196526" lon="-0.1320896" version="1" timestamp="2023-03-04T10:58:11Z" changeset="133284839" uid="251688" user="Molko"/>
  <node id="10709137632" lat="51.5195702" lon="-0.1322747" version="1" timestamp="2023-03-04T10:58:11Z" changeset="133284839" uid="251688" user="Molko"/>
  <node id="10709137633" lat="51.5206369" lon="-0.1331750" version="1" timestamp="2023-03-04T10:58:11Z" changeset="133284839" uid="251688" user="Molko"/>
  <node id="10845640242" lat="51.5201019" lon="-0.1309356" version="1" timestamp="2023-04-27T07:55:20Z" changeset="135415028" uid="251221" user="spiregrain"/>
  <node id="10996695461" lat="51.5203322" lon="-0.1334172" version="1" timestamp="2023-06-22T07:57:17Z" changeset="137634701" uid="251221" user="spiregrain"/>
  <node id="10996695462" lat="51.5202262" lon="-0.1333119" version="1" timestamp="2023-06-22T07:57:17Z" changeset="137634701" uid="251221" user="spiregrain"/>
  <node id="11395664705" lat="51.5195130" lon="-0.1333639" version="2" timestamp="2024-02-09T14:07:49Z" changeset="147258600" uid="251221" user="spiregrain"/>
  <node id="11787268886" lat="51.5201169" lon="-0.1336921" version="1" timestamp="2024-04-04T16:07:32Z" changeset="149577471" uid="2111087" user="asturksever"/>
  <node id="12373825053" lat="51.5193329" lon="-0.1328828" version="1" timestamp="2024-11-25T15:04:37Z" changeset="159577563" uid="18774200" user="conordoremus"/>
  <node id="12373825054" lat="51.5195433" lon="-0.1323857" version="1" timestamp="2024-11-25T15:04:37Z" changeset="159577563" uid="18774200" user="conordoremus"/>
  <node id="12373825055" lat="51.5195614" lon="-0.1323424" version="1" timestamp="2024-11-25T15:04:37Z" changeset="159577563" uid="18774200" user="conordoremus">
    <tag k="barrier" v="kerb"/>
    <tag k="kerb" v="lowered"/>
  </node>
  <node id="12373825056" lat="51.5205229" lon="-0.1334147" version="1" timestamp="2024-11-25T15:04:37Z" changeset="159577563" uid="18774200" user="conordoremus"/>
  <node id="12373825058" lat="51.5205067" lon="-0.1334559" version="1" timestamp="2024-11-25T15:04:37Z" changeset="159577563" uid="18774200" user="conordoremus"/>
  <node id="12373825060" lat="51.5206292" lon="-0.1331669" version="1" timestamp="2024-11-25T15:04:37Z" changeset="159577563" uid="18774200" user="conordoremus"/>
  <node id="12373825062" lat="51.5205426" lon="-0.1333687" version="1" timestamp="2024-11-25T15:04:37Z" changeset="159577563" uid="18774200" user="conordoremus">
    <tag k="crossing" v="unmarked"/>
    <tag k="crossing:markings" v="no"/>
    <tag k="highway" v="crossing"/>
  </node>
  <node id="12373825063" lat="51.5196448" lon="-0.1321414" version="1" timestamp="2024-11-25T15:04:37Z" changeset="159577563" uid="18774200" user="conordoremus">
    <tag k="barrier" v="kerb"/>
    <tag k="kerb" v="lowered"/>
  </node>
  <node id="12373825064" lat="51.5198342" lon="-0.1317120" version="2" timestamp="2024-11-25T16:13:59Z" changeset="159580347" uid="18774200" user="conordoremus">
    <tag k="barrier" v="kerb"/>
    <tag k="kerb" v="lowered"/>
  </node>
  <node id="12373825065" lat="51.5195835" lon="-0.1322892" version="1" timestamp="2024-11-25T15:04:37Z" changeset="159577563" uid="18774200" user="conordoremus">
    <tag k="crossing" v="unmarked"/>
    <tag k="crossing:markings" v="no"/>
    <tag k="highway" v="crossing"/>
  </node>
  <node id="12373825067" lat="51.5192533" lon="-0.1327902" version="1" timestamp="2024-11-25T15:04:37Z" changeset="159577563" uid="18774200" user="conordoremus"/>
  <node id="12373825068" lat="51.5193615" lon="-0.1325005" version="1" timestamp="2024-11-25T15:04:37Z" changeset="159577563" uid="18774200" user="conordoremus"/>
  <node id="12373825069" lat="51.5193423" lon="-0.1324181" version="1" timestamp="2024-11-25T15:04:37Z" changeset="159577563" uid="18774200" user="conordoremus"/>
  <node id="12373825070" lat="51.5193179" lon="-0.1322822" version="1" timestamp="2024-11-25T15:04:37Z" changeset="159577563" uid="18774200" user="conordoremus"/>
  <node id="12373825071" lat="51.5193231" lon="-0.1321657" version="1" timestamp="2024-11-25T15:04:37Z" changeset="159577563" uid="18774200" user="conordoremus"/>
  <node id="12373825072" lat="51.5193452" lon="-0.1320449" version="1" timestamp="2024-11-25T15:04:37Z" changeset="159577563" uid="18774200" user="conordoremus"/>
  <node id="12373825073" lat="51.5193989" lon="-0.1319176" version="1" timestamp="2024-11-25T15:04:37Z" changeset="159577563" uid="18774200" user="conordoremus"/>
  <node id="12373825074" lat="51.5194558" lon="-0.1318474" version="1" timestamp="2024-11-25T15:04:37Z" changeset="159577563" uid="18774200" user="conordoremus"/>
  <node id="12373825075" lat="51.5195577" lon="-0.1317908" version="1" timestamp="2024-11-25T15:04:37Z" changeset="159577563" uid="18774200" user="conordoremus"/>
  <node id="12373825076" lat="51.5196347" lon="-0.1318042" version="1" timestamp="2024-11-25T15:04:37Z" changeset="159577563" uid="18774200" user="conordoremus"/>
  <node id="12373825077" lat="51.5196551" lon="-0.1318112" version="1" timestamp="2024-11-25T15:04:37Z" changeset="159577563" uid="18774200" user="conordoremus"/>
  <node id="12373825078" lat="51.5206382" lon="-0.1331460" version="1" timestamp="2024-11-25T15:04:37Z" changeset="159577563" uid="18774200" user="conordoremus"/>
  <node id="12373825079" lat="51.5196627" lon="-0.1321007" version="1" timestamp="2024-11-25T15:04:37Z" changeset="159577563" uid="18774200" user="conordoremus"/>
  <node id="12373837054" lat="51.5192593" lon="-0.1327740" version="1" timestamp="2024-11-25T15:22:04Z" changeset="159578271" uid="18774200" user="conordoremus"/>
  <node id="12373837055" lat="51.5193429" lon="-0.1328591" version="1" timestamp="2024-11-25T15:22:04Z" changeset="159578271" uid="18774200" user="conordoremus"/>
  <node id="12373837056" lat="51.5200522" lon="-0.1338549" version="1" timestamp="2024-11-25T15:22:04Z" changeset="159578271" uid="18774200" user="conordoremus"/>
  <node id="12373837057" lat="51.5196078" lon="-0.1333915" version="1" timestamp="2024-11-25T15:22:04Z" changeset="159578271" uid="18774200" user="conordoremus"/>
  <node id="12373837058" lat="51.5194175" lon="-0.1331970" version="1" timestamp="2024-11-25T15:22:04Z" changeset="159578271" uid="18774200" user="conordoremus">
    <tag k="barrier" v="kerb"/>
    <tag k="kerb" v="lowered"/>
  </node>
  <node id="12373837059" lat="51.5193891" lon="-0.1331643" version="1" timestamp="2024-11-25T15:22:04Z" changeset="159578271" uid="18774200" user="conordoremus">
    <tag k="barrier" v="kerb"/>
    <tag k="kerb" v="lowered"/>
  </node>
  <node id="12373837060" lat="51.5192086" lon="-0.1329774" version="1" timestamp="2024-11-25T15:22:04Z" changeset="159578271" uid="18774200" user="conordoremus"/>
  <node id="12373837061" lat="51.5189752" lon="-0.1336210" version="1" timestamp="2024-11-25T15:22:04Z" changeset="159578271" uid="18774200" user="conordoremus"/>
  <node id="12373837062" lat="51.5192778" lon="-0.1339281" version="1" timestamp="2024-11-25T15:22:04Z" changeset="159578271" uid="18774200" user="conordoremus">
    <tag k="barrier" v="kerb"/>
    <tag k="kerb" v="lowered"/>
  </node>
  <node id="12373837063" lat="51.5194032" lon="-0.1331806" version="1" timestamp="2024-11-25T15:22:04Z" changeset="159578271" uid="18774200" user="conordoremus">
    <tag k="crossing" v="unmarked"/>
    <tag k="crossing:markings" v="no"/>
    <tag k="highway" v="crossing"/>
  </node>
  <node id="12373837080" lat="51.5189334" lon="-0.1334685" version="2" timestamp="2024-11-28T11:48:41Z" changeset="159698111" uid="18774200" user="conordoremus">
    <tag k="barrier" v="kerb"/>
    <tag k="kerb" v="lowered"/>
  </node>
  <node id="12373837081" lat="51.5191428" lon="-0.1329296" version="1" timestamp="2024-11-25T15:22:04Z" changeset="159578271" uid="18774200" user="conordoremus"/>
  <node id="12373837082" lat="51.5191523" lon="-0.1329398" version="1" timestamp="2024-11-25T15:22:04Z" changeset="159578271" uid="18774200" user="conordoremus">
    <tag k="barrier" v="kerb"/>
    <tag k="kerb" v="lowered"/>
  </node>
  <node id="12373837083" lat="51.5192038" lon="-0.1329907" version="1" timestamp="2024-11-25T15:22:04Z" changeset="159578271" uid="18774200" user="conordoremus"/>
  <node id="12373837084" lat="51.5191957" lon="-0.1329829" version="1" timestamp="2024-11-25T15:22:04Z" changeset="159578271" uid="18774200" user="conordoremus">
    <tag k="barrier" v="kerb"/>
    <tag k="kerb" v="lowered"/>
  </node>
  <node id="12373837085" lat="51.5190862" lon="-0.1330762" version="1" timestamp="2024-11-25T15:22:04Z" changeset="159578271" uid="18774200" user="conordoremus"/>
  <node id="12373910476" lat="51.5193175" lon="-0.1322239" version="1" timestamp="2024-11-25T15:55:25Z" changeset="159579611" uid="18774200" user="conordoremus"/>
  <node id="12373910477" lat="51.5193323" lon="-0.1321034" version="1" timestamp="2024-11-25T15:55:25Z" changeset="159579611" uid="18774200" user="conordoremus"/>
  <node id="12373910478" lat="51.5193712" lon="-0.1319790" version="1" timestamp="2024-11-25T15:55:25Z" changeset="159579611" uid="18774200" user="conordoremus"/>
  <node id="12373910479" lat="51.5194270" lon="-0.1318784" version="1" timestamp="2024-11-25T15:55:25Z" changeset="159579611" uid="18774200" user="conordoremus"/>
  <node id="12373910480" lat="51.5195068" lon="-0.1318132" version="1" timestamp="2024-11-25T15:55:25Z" changeset="159579611" uid="18774200" user="conordoremus"/>
  <node id="12373910481" lat="51.5195972" lon="-0.1317942" version="1" timestamp="2024-11-25T15:55:25Z" changeset="159579611" uid="18774200" user="conordoremus"/>
  <node id="12373910482" lat="51.5193265" lon="-0.1323510" version="1" timestamp="2024-11-25T15:55:25Z" changeset="159579611" uid="18774200" user="conordoremus"/>
  <node id="12373976627" lat="51.5186376" lon="-0.1322021" version="1" timestamp="2024-11-25T16:06:13Z" changeset="159580026" uid="18774200" user="conordoremus"/>
  <node id="12373976631" lat="51.5203033" lon="-0.1303648" version="1" timestamp="2024-11-25T16:06:13Z" changeset="159580026" uid="18774200" user="conordoremus"/>
  <node id="12373976632" lat="51.5200643" lon="-0.1301087" version="1" timestamp="2024-11-25T16:06:13Z" changeset="159580026" uid="18774200" user="conordoremus">
    <tag k="crossing" v="unmarked"/>
    <tag k="crossing:markings" v="no"/>
    <tag k="highway" v="crossing"/>
  </node>
  <node id="12382155482" lat="51.5187729" lon="-0.1325763" version="1" timestamp="2024-11-28T11:48:41Z" changeset="159698111" uid="18774200" user="conordoremus"/>
  <node id="12382185109" lat="51.5187214" lon="-0.1327059" version="1" timestamp="2024-11-28T11:48:41Z" changeset="159698111" uid="18774200" user="conordoremus"/>
  <node id="12382216617" lat="51.5189421" lon="-0.1327081" version="1" timestamp="2024-11-28T12:13:40Z" changeset="159699004" uid="18774200" user="conordoremus">
    <tag k="barrier" v="kerb"/>
    <tag k="kerb" v="lowered"/>
  </node>
  <node id="12382216618" lat="51.5189354" lon="-0.1327289" version="1" timestamp="2024-11-28T12:13:40Z" changeset="159699004" uid="18774200" user="conordoremus"/>
  <node id="12382216620" lat="51.5189953" lon="-0.1325444" version="1" timestamp="2024-11-28T12:13:40Z" changeset="159699004" uid="18774200" user="conordoremus"/>
  <way id="2644236" version="31" timestamp="2024-11-25T15:55:25Z" changeset="159579611" uid="18774200" user="conordoremus">
    <nd ref="333719180"/>
    <nd ref="9523025798"/>
    <nd ref="6355365946"/>
    <nd ref="25472045"/>
    <tag k="highway" v="tertiary"/>
    <tag k="lane_markings" v="no"/>
    <tag k="lit" v="yes"/>
    <tag k="maxspeed" v="20 mph"/>
    <tag k="name" v="Store Street"/>
    <tag k="oneway" v="yes"/>
    <tag k="sidewalk:left" v="separate"/>
    <tag k="surface" v="asphalt"/>
  </way>
  <way id="4253380" version="14" timestamp="2024-11-25T15:55:25Z" changeset="159579611" uid="18774200" user="conordoremus">
    <nd ref="25472049"/>
    <nd ref="1448835615"/>
    <nd ref="25472050"/>
    <nd ref="25472051"/>
    <nd ref="25472052"/>
    <nd ref="25472053"/>
    <nd ref="4222961755"/>
    <nd ref="25472054"/>
    <nd ref="25472055"/>
    <nd ref="1448835614"/>
    <nd ref="25472056"/>
    <tag k="highway" v="residential"/>
    <tag k="lit" v="yes"/>
    <tag k="maxspeed" v="20 mph"/>
    <tag k="name" v="South Crescent"/>
    <tag k="sidewalk:right" v="separate"/>
    <tag k="surface" v="sett"/>
  </way>
  <way id="30131461" version="14" timestamp="2024-11-25T15:55:25Z" changeset="159579611" uid="18774200" user="conordoremus">
    <nd ref="332040899"/>
    <nd ref="5239556147"/>
    <nd ref="5239556146"/>
    <nd ref="8473911117"/>
    <tag k="cycleway:both" v="no"/>
    <tag k="highway" v="residential"/>
    <tag k="lit" v="yes"/>
    <tag k="name" v="Windmill Street"/>
    <tag k="sidewalk:both" v="separate"/>
    <tag k="sidewalk:both:surface" v="paving_stones"/>
    <tag k="surface" v="asphalt"/>
  </way>
  <way id="30275210" version="11" timestamp="2024-11-25T15:22:04Z" changeset="159578271" uid="18774200" user="conordoremus">
    <nd ref="4519038134"/>
    <nd ref="12373837063"/>
    <nd ref="5150471750"/>
    <tag k="highway" v="service"/>
    <tag k="surface" v="asphalt"/>
  </way>
  <way id="40733976" version="5" timestamp="2020-08-28T21:22:11Z" changeset="90100535" uid="10079690" user="Martin Constantino–Bodin">
    <nd ref="494923283"/>
    <nd ref="4222962146"/>
    <nd ref="4222962152"/>
    <nd ref="4222962157"/>
    <nd ref="4222962160"/>
    <nd ref="494923289"/>
    <nd ref="494923291"/>
    <nd ref="4222961768"/>
    <nd ref="494923283"/>
    <tag k="addr:housenumber" v="17-20"/>
    <tag k="addr:street" v="Gower Mews"/>
    <tag k="building" v="residential"/>
    <tag k="building:colour" v="brown"/>
    <tag k="building:levels" v="3"/>
    <tag k="building:material" v="brick"/>
  </way>
  <way id="40733987" version="8" timestamp="2019-11-05T18:07:37Z" changeset="76662025" uid="251221" user="spiregrain">
    <nd ref="494923345"/>
    <nd ref="2982381967"/>
    <nd ref="1448877185"/>
    <nd ref="1448877629"/>
    <nd ref="494923351"/>
    <nd ref="494923353"/>
    <nd ref="2982381970"/>
    <nd ref="2982381969"/>
    <nd ref="1448875774"/>
    <nd ref="2982330122"/>
    <nd ref="4224533914"/>
    <nd ref="2982330120"/>
    <nd ref="2982381964"/>
    <nd ref="494923345"/>
    <tag k="building" v="retail"/>
    <tag k="building:levels" v="4"/>
    <tag k="building:material" v="brick"/>
  </way>
  <way id="40734131" version="5" timestamp="2019-11-05T08:29:26Z" changeset="76631457" uid="251221" user="spiregrain">
    <nd ref="494928744"/>
    <nd ref="4222962156"/>
    <nd ref="4222962145"/>
    <nd ref="4222961769"/>
    <nd ref="4222962140"/>
    <nd ref="5011854560"/>
    <nd ref="494928746"/>
    <nd ref="2982381973"/>
    <nd ref="5011854559"/>
    <nd ref="2982381971"/>
    <nd ref="494928748"/>
    <nd ref="2982381972"/>
    <nd ref="1448883250"/>
    <nd ref="494928750"/>
    <nd ref="2982381978"/>
    <nd ref="494928744"/>
    <tag k="building" v="retail"/>
    <tag k="building:levels" v="4"/>
    <tag k="building:material" v="brick"/>
  </way>
  <way id="42155129" version="8" timestamp="2022-02-18T21:49:21Z" changeset="117583278" uid="83127" user="sec147">
    <nd ref="3649694416"/>
    <nd ref="524584502"/>
    <nd ref="4222961762"/>
    <nd ref="524584504"/>
    <nd ref="4222961779"/>
    <nd ref="524584505"/>
    <nd ref="493350738"/>
    <nd ref="4222961763"/>
    <nd ref="524584465"/>
    <nd ref="524584468"/>
    <nd ref="4222961747"/>
    <nd ref="3649694416"/>
    <tag k="addr:city" v="London"/>
    <tag k="addr:housenumber" v="26"/>
    <tag k="addr:postcode" v="WC1E 7BT"/>
    <tag k="addr:street" v="Store Street"/>
    <tag k="building" v="office"/>
    <tag k="building:colour" v="grey"/>
    <tag k="building:levels" v="4"/>
    <tag k="building:material" v="stone"/>
    <tag k="name" v="The Building Centre"/>
    <tag k="opening_hours" v="Mo-Fr 09:00-18:00; Sa 10:00-14:00"/>
    <tag k="wheelchair" v="yes"/>
  </way>
  <way id="55687720" version="6" timestamp="2024-11-25T15:22:04Z" changeset="159578271" uid="18774200" user="conordoremus">
    <nd ref="699729426"/>
    <nd ref="12373837057"/>
    <nd ref="699729408"/>
    <tag k="highway" v="pedestrian"/>
    <tag k="lit" v="yes"/>
    <tag k="name" v="Kirkman Place"/>
    <tag k="surface" v="asphalt"/>
  </way>
  <way id="74662674" version="6" timestamp="2024-11-25T16:06:13Z" changeset="159580026" uid="18774200" user="conordoremus">
    <nd ref="881889762"/>
    <nd ref="12373976632"/>
    <nd ref="881889759"/>
    <tag k="highway" v="service"/>
    <tag k="lanes" v="1"/>
    <tag k="maxspeed" v="20 mph"/>
    <tag k="name" v="Gower Mews"/>
    <tag k="postal_code" v="WC1"/>
    <tag k="service" v="alley"/>
    <tag k="source" v="OS"/>
  </way>
  <way id="264965257" version="20" timestamp="2024-11-25T15:55:25Z" changeset="159579611" uid="18774200" user="conordoremus">
    <nd ref="9791484"/>
    <nd ref="6384523736"/>
    <nd ref="6384523737"/>
    <nd ref="6384523734"/>
    <nd ref="8473911117"/>
    <tag k="highway" v="primary"/>
    <tag k="lanes" v="2"/>
    <tag k="lit" v="yes"/>
    <tag k="maxspeed" v="20 mph"/>
    <tag k="name" v="Tottenham Court Road"/>
    <tag k="official_ref" v="A400"/>
    <tag k="sidewalk:both" v="separate"/>
    <tag k="surface" v="asphalt"/>
    <tag k="wikidata" v="Q1647486"/>
    <tag k="wikimedia_commons" v="Category:Tottenham_Court_Road"/>
    <tag k="wikipedia" v="en:Tottenham Court Road"/>
  </way>
  <way id="294646435" version="10" timestamp="2024-07-08T17:20:14Z" changeset="153713118" uid="7096975" user="Peter Newman">
    <nd ref="2982381974"/>
    <nd ref="2982381978"/>
    <nd ref="494928750"/>
    <nd ref="1448883250"/>
    <nd ref="2982381974"/>
    <tag k="addr:street" v="Tottenham Court Road"/>
    <tag k="check_date" v="2024-07-08"/>
    <tag k="disused:shop" v="furniture"/>
    <tag k="level" v="0"/>
    <tag k="was:brand" v="DFS"/>
    <tag k="was:brand:wikidata" v="Q5204927"/>
    <tag k="was:brand:wikipedia" v="en:DFS Furniture"/>
    <tag k="was:name" v="DFS"/>
    <tag k="was:opening_hours" v="Mo-Fr 10:00-20:00; Sa 09:00-19:00; Su 12:00-18:00"/>
    <tag k="wheelchair" v="yes"/>
  </way>
  <way id="294646439" version="9" timestamp="2024-10-09T21:36:07Z" changeset="157690696" uid="251221" user="spiregrain">
    <nd ref="1448877629"/>
    <nd ref="2982381970"/>
    <nd ref="494923353"/>
    <nd ref="494923351"/>
    <nd ref="1448877629"/>
    <tag k="addr:city" v="London"/>
    <tag k="addr:housenumber" v="227-228"/>
    <tag k="addr:street" v="Tottenham Court Road"/>
    <tag k="check_date" v="2024-10-09"/>
    <tag k="disused:amenity" v="bank"/>
    <tag k="level" v="0"/>
    <tag k="was:name" v="Metro Bank"/>
    <tag k="wheelchair" v="yes"/>
  </way>
  <way id="294646440" version="12" timestamp="2024-04-26T17:16:47Z" changeset="150549550" uid="18558780" user="Celso Azevedo">
    <nd ref="1448877629"/>
    <nd ref="1448877185"/>
    <nd ref="2982381969"/>
    <nd ref="2982381970"/>
    <nd ref="1448877629"/>
    <tag k="addr:city" v="London"/>
    <tag k="addr:housenumber" v="229"/>
    <tag k="addr:street" v="Tottenham Court Road"/>
    <tag k="brand" v="O2"/>
    <tag k="brand:wikidata" v="Q1759255"/>
    <tag k="brand:wikipedia" v="en:O2 (brand)"/>
    <tag k="check_date" v="2024-04-26"/>
    <tag k="level" v="0"/>
    <tag k="name" v="O2"/>
    <tag k="opening_hours" v="Mo-Sa 10:00-18:30"/>
    <tag k="shop" v="mobile_phone"/>
    <tag k="source" v="photograph;tags copied from replaced node"/>
    <tag k="website" v="https://stores.o2.co.uk/o2-store-london-tottenham-court-road"/>
    <tag k="wheelchair" v="yes"/>
  </way>
  <way id="299682133" version="19" timestamp="2024-11-25T15:55:25Z" changeset="159579611" uid="18774200" user="conordoremus">
    <nd ref="11863146"/>
    <nd ref="4519038134"/>
    <nd ref="699729408"/>
    <nd ref="5612180570"/>
    <nd ref="8474252671"/>
    <nd ref="5811143789"/>
    <tag k="bus" v="yes"/>
    <tag k="emergency" v="yes"/>
    <tag k="highway" v="primary"/>
    <tag k="lanes" v="2"/>
    <tag k="lit" v="yes"/>
    <tag k="maxspeed" v="20 mph"/>
    <tag k="motor_vehicle:conditional" v="no @ (Mo-Sa 08:00-19:00)"/>
    <tag k="name" v="Tottenham Court Road"/>
    <tag k="official_ref" v="A400"/>
    <tag k="sidewalk:both" v="separate"/>
    <tag k="sidewalk:both:surface" v="concrete:plates"/>
    <tag k="surface" v="asphalt"/>
    <tag k="wikidata" v="Q1647486"/>
    <tag k="wikimedia_commons" v="Category:Tottenham_Court_Road"/>
    <tag k="wikipedia" v="en:Tottenham Court Road"/>
  </way>
  <way id="348812084" version="3" timestamp="2019-03-05T13:29:28Z" changeset="67804765" uid="251221" user="spiregrain">
    <nd ref="3548899657"/>
    <nd ref="4252666513"/>
    <nd ref="6318235132"/>
    <nd ref="3548899682"/>
    <nd ref="3548899651"/>
    <nd ref="3548899646"/>
    <nd ref="3548899648"/>
    <nd ref="3548899638"/>
    <nd ref="3548899642"/>
    <nd ref="3548899637"/>
    <nd ref="3548899644"/>
    <nd ref="4252666504"/>
    <nd ref="4252666507"/>
    <nd ref="3548899657"/>
    <tag k="building:levels" v="4"/>
    <tag k="building:material" v="brick"/>
    <tag k="building:part" v="yes"/>
  </way>
  <way id="360422756" version="6" timestamp="2022-09-09T15:07:44Z" changeset="125985514" uid="1777661" user="wlcx">
    <nd ref="524584478"/>
    <nd ref="4222961722"/>
    <nd ref="524584491"/>
    <nd ref="524584493"/>
    <nd ref="4222961736"/>
    <nd ref="524584494"/>
    <nd ref="4222961742"/>
    <nd ref="4222961748"/>
    <nd ref="524584500"/>
    <nd ref="4222961752"/>
    <nd ref="3649694416"/>
    <nd ref="4222961747"/>
    <nd ref="524584468"/>
    <nd ref="4224534654"/>
    <nd ref="4224533972"/>
    <nd ref="4224533966"/>
    <nd ref="4224533959"/>
    <nd ref="4224533953"/>
    <nd ref="4224533949"/>
    <nd ref="4224533961"/>
    <nd ref="524584476"/>
    <nd ref="524584478"/>
    <tag k="addr:housenumber" v="25"/>
    <tag k="building" v="office"/>
    <tag k="building:levels" v="6"/>
    <tag k="building:material" v="brick"/>
    <tag k="name" v="Imagination"/>
    <tag k="office" v="company"/>
    <tag k="website" v="https://www.imagination.com/"/>
    <tag k="wheelchair" v="yes"/>
  </way>
  <way id="422540614" version="2" timestamp="2023-03-04T10:58:11Z" changeset="133284839" uid="251688" user="Molko">
    <nd ref="4222961764"/>
    <nd ref="4222961774"/>
    <tag k="barrier" v="kerb"/>
    <tag k="kerb" v="lowered"/>
  </way>
  <way id="422540620" version="2" timestamp="2018-09-27T23:03:57Z" changeset="62992494" uid="322039" user="MacLondon">
    <nd ref="4222962507"/>
    <nd ref="4222962149"/>
    <nd ref="4222962144"/>
    <nd ref="4222961771"/>
    <nd ref="4222961761"/>
    <nd ref="4222961759"/>
    <nd ref="4222961758"/>
    <nd ref="4222961751"/>
    <nd ref="4222961745"/>
    <nd ref="4222961741"/>
    <nd ref="4222961738"/>
    <nd ref="4222961733"/>
    <nd ref="4222961735"/>
    <nd ref="4222961740"/>
    <nd ref="4222961744"/>
    <nd ref="4222961746"/>
    <nd ref="1448880901"/>
    <nd ref="4222961726"/>
    <nd ref="4222961725"/>
    <nd ref="4222961724"/>
    <nd ref="4222961721"/>
    <nd ref="4222961718"/>
    <tag k="barrier" v="kerb"/>
  </way>
  <way id="422540622" version="4" timestamp="2023-03-04T10:58:11Z" changeset="133284839" uid="251688" user="Molko">
    <nd ref="4222961732"/>
    <nd ref="5935732735"/>
    <nd ref="10709137629"/>
    <nd ref="9287298986"/>
    <nd ref="4222961764"/>
    <tag k="barrier" v="kerb"/>
  </way>
  <way id="422540624" version="1" timestamp="2016-06-03T00:28:15Z" changeset="39767955" uid="82783" user="Paul The Archivist">
    <nd ref="4222961772"/>
    <nd ref="4222961773"/>
    <nd ref="4222961776"/>
    <tag k="barrier" v="kerb"/>
    <tag k="kerb" v="lowered"/>
  </way>
  <way id="422540633" version="1" timestamp="2016-06-03T00:28:16Z" changeset="39767955" uid="82783" user="Paul The Archivist">
    <nd ref="4222961742"/>
    <nd ref="4222961743"/>
    <nd ref="4222961749"/>
    <nd ref="4222961748"/>
    <tag k="barrier" v="fence"/>
    <tag k="fence_type" v="metal"/>
  </way>
  <way id="422540645" version="1" timestamp="2016-06-03T00:28:16Z" changeset="39767955" uid="82783" user="Paul The Archivist">
    <nd ref="4222961752"/>
    <nd ref="4222961753"/>
    <nd ref="4222961757"/>
    <nd ref="3649694416"/>
    <tag k="barrier" v="fence"/>
    <tag k="fence_type" v="metal"/>
  </way>
  <way id="422540653" version="5" timestamp="2023-03-04T10:58:11Z" changeset="133284839" uid="251688" user="Molko">
    <nd ref="4222961774"/>
    <nd ref="9523048180"/>
    <nd ref="10709137630"/>
    <nd ref="9523048184"/>
    <nd ref="4222962193"/>
    <nd ref="4222962199"/>
    <tag k="barrier" v="kerb"/>
  </way>
  <way id="422540658" version="2" timestamp="2022-02-21T01:27:59Z" changeset="117659529" uid="322039" user="MacLondon">
    <nd ref="4222961776"/>
    <nd ref="4222961775"/>
    <nd ref="4222961756"/>
    <nd ref="4222961754"/>
    <nd ref="9523048186"/>
    <nd ref="4222961750"/>
    <nd ref="4222961772"/>
    <tag k="barrier" v="kerb"/>
  </way>
  <way id="422540660" version="1" timestamp="2016-06-03T00:28:17Z" changeset="39767955" uid="82783" user="Paul The Archivist">
    <nd ref="524584491"/>
    <nd ref="4222961728"/>
    <nd ref="4222961729"/>
    <nd ref="4222961730"/>
    <nd ref="4222961731"/>
    <nd ref="4222961737"/>
    <nd ref="4222961739"/>
    <nd ref="4222961736"/>
    <tag k="barrier" v="fence"/>
    <tag k="fence_type" v="metal"/>
  </way>
  <way id="422540663" version="5" timestamp="2023-07-16T19:28:00Z" changeset="138592583" uid="7096975" user="Peter Newman">
    <nd ref="4222962183"/>
    <nd ref="4222962182"/>
    <nd ref="4222962178"/>
    <nd ref="4222962177"/>
    <nd ref="4222962176"/>
    <nd ref="4222962158"/>
    <nd ref="4222962161"/>
    <nd ref="4222962146"/>
    <nd ref="4222962152"/>
    <nd ref="4222962183"/>
    <tag k="addr:city" v="London"/>
    <tag k="addr:housenumber" v="28"/>
    <tag k="addr:postcode" v="WC1E 7QB"/>
    <tag k="addr:street" v="Store Street"/>
    <tag k="building" v="retail"/>
    <tag k="building:colour" v="brown"/>
    <tag k="building:levels" v="4"/>
    <tag k="building:material" v="brick"/>
    <tag k="disused:shop" v="yes"/>
  </way>
  <way id="422540672" version="2" timestamp="2016-06-03T22:36:24Z" changeset="39789075" uid="82783" user="Paul The Archivist">
    <nd ref="493350738"/>
    <nd ref="4222962176"/>
    <nd ref="4222962158"/>
    <nd ref="494923283"/>
    <nd ref="4222961768"/>
    <nd ref="4224536207"/>
    <nd ref="4222961763"/>
    <nd ref="493350738"/>
    <tag k="building" v="commercial"/>
    <tag k="building:levels" v="5"/>
    <tag k="name" v="Sapa Building Systems"/>
    <tag k="office" v="company"/>
    <tag k="website" v="http://www.sapabuildingsystems.co.uk"/>
  </way>
  <way id="422540681" version="15" timestamp="2024-09-18T21:39:05Z" changeset="156794552" uid="3560" user="Firefishy">
    <nd ref="4222961717"/>
    <nd ref="464800453"/>
    <nd ref="4249404347"/>
    <nd ref="4249404124"/>
    <nd ref="464800456"/>
    <nd ref="5150471743"/>
    <nd ref="4222961719"/>
    <nd ref="5163695407"/>
    <nd ref="5163695405"/>
    <nd ref="464800454"/>
    <nd ref="4222961717"/>
    <tag k="addr:city" v="London"/>
    <tag k="addr:housenumber" v="46"/>
    <tag k="addr:postcode" v="W1T 2ED"/>
    <tag k="addr:street" v="Tottenham Court Road"/>
    <tag k="amenity" v="pub"/>
    <tag k="brand" v="Greene King"/>
    <tag k="brand:wikidata" v="Q5564162"/>
    <tag k="building" v="pub"/>
    <tag k="building:levels" v="4"/>
    <tag k="check_date" v="2024-09-18"/>
    <tag k="fhrs:id" v="426450"/>
    <tag k="food" v="yes"/>
    <tag k="indoor_seating" v="yes"/>
    <tag k="name" v="The Rising Sun"/>
    <tag k="opening_hours" v="Mo 11:00-23:00; Tu,We 11:00-23:30; Th-Sa 11:00-00:00; Su 12:00-22:30"/>
    <tag k="operator" v="Greene King"/>
    <tag k="outdoor_seating" v="yes"/>
    <tag k="payment:cash" v="yes"/>
    <tag k="payment:credit_cards" v="yes"/>
    <tag k="payment:debit_cards" v="yes"/>
    <tag k="real_ale" v="yes"/>
    <tag k="source:addr" v="FHRS Open Data"/>
    <tag k="website" v="https://www.greeneking.co.uk/pubs/greater-london/rising-sun"/>
    <tag k="wikidata" v="Q18708780"/>
  </way>
  <way id="422540684" version="5" timestamp="2022-09-09T15:07:43Z" changeset="125985515" uid="1777661" user="wlcx">
    <nd ref="524584478"/>
    <nd ref="4222961716"/>
    <nd ref="524584479"/>
    <nd ref="2982381969"/>
    <nd ref="2982381970"/>
    <nd ref="494923353"/>
    <nd ref="524584487"/>
    <nd ref="4222961734"/>
    <nd ref="524584489"/>
    <nd ref="4222961727"/>
    <nd ref="524584491"/>
    <nd ref="4222961722"/>
    <nd ref="524584478"/>
    <tag k="addr:housenumber" v="10"/>
    <tag k="addr:street" v="South Crescent"/>
    <tag k="building" v="office"/>
    <tag k="building:levels" v="4"/>
    <tag k="building:material" v="brick"/>
    <tag k="name" v="Gardiner &amp; Theobald"/>
    <tag k="office" v="company"/>
    <tag k="wheelchair" v="yes"/>
  </way>
  <way id="422540695" version="1" timestamp="2016-06-03T00:28:22Z" changeset="39767955" uid="82783" user="Paul The Archivist">
    <nd ref="4222962177"/>
    <nd ref="4222962178"/>
    <nd ref="4222962182"/>
    <nd ref="4222962183"/>
    <nd ref="4222962188"/>
    <nd ref="4222962195"/>
    <nd ref="4222962198"/>
    <nd ref="4222962202"/>
    <nd ref="4222962209"/>
    <nd ref="4222962212"/>
    <nd ref="4222962216"/>
    <nd ref="4222962225"/>
    <nd ref="4222962226"/>
    <nd ref="4222962229"/>
    <nd ref="4222962232"/>
    <nd ref="4222962236"/>
    <nd ref="4222962239"/>
    <nd ref="4222962249"/>
    <nd ref="4222962251"/>
    <nd ref="4222962252"/>
    <nd ref="4222962256"/>
    <nd ref="4222962259"/>
    <nd ref="4222962262"/>
    <nd ref="4222962272"/>
    <nd ref="4222962289"/>
    <nd ref="4222962291"/>
    <nd ref="4222962295"/>
    <nd ref="4222962297"/>
    <nd ref="4222962303"/>
    <nd ref="4222962312"/>
    <nd ref="2728633668"/>
    <nd ref="4222962315"/>
    <nd ref="4222962323"/>
    <nd ref="493350750"/>
    <nd ref="4222962329"/>
    <nd ref="4222962342"/>
    <nd ref="3958619724"/>
    <nd ref="4222962346"/>
    <nd ref="4222962358"/>
    <nd ref="3958619722"/>
    <nd ref="4222962397"/>
    <nd ref="4222962400"/>
    <nd ref="3958619721"/>
    <nd ref="4222962406"/>
    <nd ref="4222962419"/>
    <nd ref="3958619718"/>
    <nd ref="4222962424"/>
    <nd ref="4222962434"/>
    <nd ref="3958619712"/>
    <nd ref="4222962404"/>
    <nd ref="3958619719"/>
    <nd ref="4222962339"/>
    <nd ref="4222962337"/>
    <nd ref="4222962332"/>
    <nd ref="494923310"/>
    <nd ref="4222962307"/>
    <nd ref="3958619723"/>
    <nd ref="494923305"/>
    <nd ref="3958619726"/>
    <nd ref="4222962240"/>
    <nd ref="494923300"/>
    <nd ref="4222962218"/>
    <nd ref="4222962206"/>
    <nd ref="4222962189"/>
    <nd ref="494923294"/>
    <nd ref="4222962180"/>
    <nd ref="4222962175"/>
    <nd ref="4222962165"/>
    <nd ref="494923289"/>
    <nd ref="4222962160"/>
    <nd ref="4222962157"/>
    <nd ref="4222962152"/>
    <nd ref="4222962146"/>
    <nd ref="494923283"/>
    <nd ref="4222962158"/>
    <nd ref="4222962176"/>
    <nd ref="4222962177"/>
    <tag k="landuse" v="retail"/>
  </way>
  <way id="422722313" version="6" timestamp="2023-10-17T16:37:14Z" changeset="142720963" uid="534349" user="Dezza">
    <nd ref="4224534677"/>
    <nd ref="4224534681"/>
    <nd ref="4224535989"/>
    <nd ref="4224534685"/>
    <nd ref="4224535994"/>
    <nd ref="524584465"/>
    <nd ref="4224527986"/>
    <nd ref="4224527988"/>
    <nd ref="4224527977"/>
    <nd ref="493350706"/>
    <nd ref="4224534660"/>
    <nd ref="4224534657"/>
    <nd ref="4224533971"/>
    <nd ref="4224534677"/>
    <tag k="addr:city" v="London"/>
    <tag k="addr:housename" v="Bloomsbury House"/>
    <tag k="addr:housenumber" v="23"/>
    <tag k="addr:street" v="Bedford Square"/>
    <tag k="building" v="yes"/>
    <tag k="building:colour" v="brown"/>
    <tag k="building:levels" v="3"/>
    <tag k="building:material" v="brick"/>
    <tag k="name" v="Grafter Luxury Members' Houses"/>
    <tag k="office" v="company"/>
    <tag k="roof:levels" v="1"/>
  </way>
  <way id="422722324" version="3" timestamp="2023-10-17T16:37:16Z" changeset="142720981" uid="534349" user="Dezza">
    <nd ref="4224534682"/>
    <nd ref="4224535994"/>
    <nd ref="4224534685"/>
    <nd ref="4224534677"/>
    <nd ref="4224533971"/>
    <nd ref="4224533970"/>
    <nd ref="4224533969"/>
    <nd ref="4224533965"/>
    <nd ref="4224534664"/>
    <nd ref="4224534667"/>
    <nd ref="4224534671"/>
    <nd ref="4224534672"/>
    <nd ref="4224534679"/>
    <nd ref="4224534675"/>
    <nd ref="4224534682"/>
    <tag k="addr:city" v="London"/>
    <tag k="addr:housenumber" v="24"/>
    <tag k="addr:street" v="Bedford Square"/>
    <tag k="building" v="office"/>
    <tag k="building:colour" v="brown"/>
    <tag k="building:levels" v="3"/>
    <tag k="building:material" v="brick"/>
    <tag k="roof:levels" v="1"/>
  </way>
  <way id="422722326" version="3" timestamp="2023-10-17T16:37:16Z" changeset="142720981" uid="534349" user="Dezza">
    <nd ref="4224534653"/>
    <nd ref="4224534655"/>
    <nd ref="4224534658"/>
    <nd ref="4224534661"/>
    <nd ref="4224534663"/>
    <nd ref="4224534673"/>
    <nd ref="4224534665"/>
    <nd ref="4224534669"/>
    <nd ref="4224534682"/>
    <nd ref="4224534675"/>
    <nd ref="4224534664"/>
    <nd ref="4224533965"/>
    <nd ref="4224533964"/>
    <nd ref="4224533963"/>
    <nd ref="4224533958"/>
    <nd ref="4224534653"/>
    <tag k="addr:city" v="London"/>
    <tag k="addr:housenumber" v="25"/>
    <tag k="addr:street" v="Bedford Square"/>
    <tag k="building" v="office"/>
    <tag k="building:colour" v="brown"/>
    <tag k="building:levels" v="3"/>
    <tag k="building:material" v="brick"/>
    <tag k="roof:levels" v="1"/>
  </way>
  <way id="422722329" version="1" timestamp="2016-06-03T22:36:20Z" changeset="39789075" uid="82783" user="Paul The Archivist">
    <nd ref="524584465"/>
    <nd ref="4224527986"/>
    <nd ref="4224536207"/>
    <nd ref="4222961763"/>
    <nd ref="524584465"/>
    <tag k="building" v="yes"/>
  </way>
  <way id="422722333" version="1" timestamp="2016-06-03T22:36:20Z" changeset="39789075" uid="82783" user="Paul The Archivist">
    <nd ref="4224536203"/>
    <nd ref="4224527988"/>
    <nd ref="4224527977"/>
    <nd ref="4224527987"/>
    <nd ref="4224536203"/>
    <tag k="building" v="yes"/>
    <tag k="building:colour" v="brown"/>
    <tag k="building:levels" v="2"/>
    <tag k="building:material" v="brick"/>
    <tag k="roof:levels" v="1"/>
  </way>
  <way id="422722355" version="3" timestamp="2016-06-11T23:09:54Z" changeset="39962355" uid="82783" user="Paul The Archivist">
    <nd ref="4224533931"/>
    <nd ref="4224533966"/>
    <nd ref="4224533972"/>
    <nd ref="4224533940"/>
    <nd ref="4224533939"/>
    <nd ref="4224533936"/>
    <nd ref="4224533931"/>
    <tag k="addr:city" v="London"/>
    <tag k="addr:housenumber" v="6"/>
    <tag k="addr:street" v="Bayley Street"/>
    <tag k="building" v="yes"/>
    <tag k="building:colour" v="brown"/>
    <tag k="building:levels" v="3"/>
    <tag k="building:material" v="brick"/>
    <tag k="name" v="Ed Victor Ltd"/>
    <tag k="office" v="company"/>
    <tag k="roof:levels" v="1"/>
    <tag k="website" v="http://www.edvictor.com/"/>
  </way>
  <way id="422722364" version="1" timestamp="2016-06-03T22:36:21Z" changeset="39789075" uid="82783" user="Paul The Archivist">
    <nd ref="524584468"/>
    <nd ref="524584465"/>
    <nd ref="4224535994"/>
    <nd ref="4224534682"/>
    <nd ref="4224534669"/>
    <nd ref="4224534662"/>
    <nd ref="4224534659"/>
    <nd ref="4224534654"/>
    <nd ref="524584468"/>
    <tag k="building" v="yes"/>
  </way>
  <way id="422722375" version="4" timestamp="2021-08-10T14:15:53Z" changeset="109468255" uid="11471297" user="Palgrave Peter">
    <nd ref="4224534659"/>
    <nd ref="4224534654"/>
    <nd ref="4224533972"/>
    <nd ref="4224533940"/>
    <nd ref="4224533947"/>
    <nd ref="4224533948"/>
    <nd ref="4224533950"/>
    <nd ref="4224533955"/>
    <nd ref="4224533957"/>
    <nd ref="4224533958"/>
    <nd ref="4224534653"/>
    <nd ref="4224534665"/>
    <nd ref="4224534669"/>
    <nd ref="4224534662"/>
    <nd ref="4224534659"/>
    <tag k="addr:city" v="London"/>
    <tag k="addr:housenumber" v="26-27"/>
    <tag k="addr:street" v="Bedford Square"/>
    <tag k="building" v="apartments"/>
    <tag k="building:colour" v="brown"/>
    <tag k="building:levels" v="3"/>
    <tag k="building:material" v="brick"/>
    <tag k="roof:levels" v="1"/>
  </way>
  <way id="422722377" version="2" timestamp="2016-06-11T23:09:57Z" changeset="39962355" uid="82783" user="Paul The Archivist">
    <nd ref="4224536213"/>
    <nd ref="4224536202"/>
    <nd ref="4224527987"/>
    <nd ref="4224527977"/>
    <nd ref="4224527988"/>
    <nd ref="4224527986"/>
    <nd ref="4224536207"/>
    <nd ref="4222961768"/>
    <nd ref="494923283"/>
    <nd ref="4222962176"/>
    <nd ref="4222962177"/>
    <nd ref="4224536240"/>
    <nd ref="4224536226"/>
    <nd ref="4224536217"/>
    <nd ref="4224536210"/>
    <nd ref="4224536197"/>
    <nd ref="4224536190"/>
    <nd ref="4224527979"/>
    <nd ref="4224536013"/>
    <nd ref="4222961757"/>
    <nd ref="4222961753"/>
    <nd ref="4222961749"/>
    <nd ref="4222961743"/>
    <nd ref="4222961739"/>
    <nd ref="4222961737"/>
    <nd ref="4222961731"/>
    <nd ref="4222961730"/>
    <nd ref="4222961729"/>
    <nd ref="4222961728"/>
    <nd ref="4224534687"/>
    <nd ref="4224535990"/>
    <nd ref="4224535993"/>
    <nd ref="4224535996"/>
    <nd ref="524584487"/>
    <nd ref="494923353"/>
    <nd ref="2982381970"/>
    <nd ref="2982381969"/>
    <nd ref="1448875774"/>
    <nd ref="2982330122"/>
    <nd ref="2982381966"/>
    <nd ref="2982381968"/>
    <nd ref="2982381965"/>
    <nd ref="4224533907"/>
    <nd ref="4224533909"/>
    <nd ref="4224533911"/>
    <nd ref="4224533915"/>
    <nd ref="4224533916"/>
    <nd ref="4224533920"/>
    <nd ref="4224533921"/>
    <nd ref="4224533925"/>
    <nd ref="4224533926"/>
    <nd ref="4224533932"/>
    <nd ref="4224533935"/>
    <nd ref="4224533934"/>
    <nd ref="4224533942"/>
    <nd ref="4224533944"/>
    <nd ref="4224533952"/>
    <nd ref="4224533954"/>
    <nd ref="4224533960"/>
    <nd ref="4224533962"/>
    <nd ref="4224533965"/>
    <nd ref="4224534664"/>
    <nd ref="4224534675"/>
    <nd ref="4224534682"/>
    <nd ref="4224535994"/>
    <nd ref="4224534685"/>
    <nd ref="4224534677"/>
    <nd ref="4224533971"/>
    <nd ref="4224533968"/>
    <nd ref="4224534652"/>
    <nd ref="4224534656"/>
    <nd ref="4224534666"/>
    <nd ref="4224534668"/>
    <nd ref="4224534678"/>
    <nd ref="4224534680"/>
    <nd ref="4224534688"/>
    <nd ref="4224535991"/>
    <nd ref="493350718"/>
    <nd ref="4224536189"/>
    <nd ref="4224536198"/>
    <nd ref="4224536213"/>
    <tag k="landuse" v="commercial"/>
    <tag k="note" v="Possibly this isn't all commercial, though several buildings are"/>
  </way>
  <way id="424437313" version="2" timestamp="2019-09-11T05:25:25Z" changeset="74336123" uid="322039" user="MacLondon">
    <nd ref="4224533968"/>
    <nd ref="4224533967"/>
    <nd ref="4224533962"/>
    <nd ref="4224533965"/>
    <nd ref="4224534664"/>
    <nd ref="4224534675"/>
    <nd ref="4224534682"/>
    <nd ref="4224535994"/>
    <nd ref="4224534685"/>
    <nd ref="4224534677"/>
    <nd ref="4224533971"/>
    <nd ref="4224533968"/>
    <tag k="amenity" v="university"/>
    <tag k="name" v="Amity University [In] London"/>
    <tag k="website" v="https://www.amity.ac.uk/"/>
  </way>
  <way id="425404370" version="6" timestamp="2024-11-29T06:28:34Z" changeset="159728116" uid="322785" user="BCNorwich">
    <nd ref="4247304448"/>
    <nd ref="4247304449"/>
    <nd ref="4247304450"/>
    <nd ref="4247304451"/>
    <nd ref="12382216617"/>
    <nd ref="4247304462"/>
    <nd ref="4247304463"/>
    <nd ref="4247304464"/>
    <nd ref="12373837082"/>
    <nd ref="5630569823"/>
    <nd ref="4247304461"/>
    <nd ref="4249404312"/>
    <tag k="barrier" v="kerb"/>
  </way>
  <way id="425404374" version="8" timestamp="2024-09-03T19:47:48Z" changeset="156157798" uid="21425661" user="CjMalone">
    <nd ref="2982381974"/>
    <nd ref="2982381973"/>
    <nd ref="5011854559"/>
    <nd ref="2982381971"/>
    <nd ref="494928748"/>
    <nd ref="2982381972"/>
    <nd ref="1448883250"/>
    <nd ref="2982381974"/>
    <tag k="amenity" v="bank"/>
    <tag k="brand" v="Nationwide"/>
    <tag k="brand:wikidata" v="Q846735"/>
    <tag k="brand:wikipedia" v="en:Nationwide Building Society"/>
    <tag k="check_date" v="2024-09-02"/>
    <tag k="level" v="0"/>
    <tag k="name" v="Nationwide"/>
    <tag k="opening_hours" v="Mo,Tu,Th,Fr 09:00-16:30; We 10:00-16:30"/>
    <tag k="phone" v="+44 345 604 1960"/>
    <tag k="website" v="https://www.nationwide.co.uk/branches/london/225-226-tottenham-court-road"/>
  </way>
  <way id="425404377" version="4" timestamp="2017-10-12T18:44:29Z" changeset="52868846" uid="251221" user="spiregrain">
    <nd ref="4222961717"/>
    <nd ref="464800453"/>
    <nd ref="4249404123"/>
    <nd ref="4249404124"/>
    <nd ref="464800456"/>
    <nd ref="5150471745"/>
    <nd ref="5150471747"/>
    <nd ref="4249404131"/>
    <nd ref="464800460"/>
    <nd ref="3551974480"/>
    <nd ref="3551974482"/>
    <nd ref="464800458"/>
    <nd ref="4249404346"/>
    <nd ref="4249404336"/>
    <nd ref="4222961717"/>
    <tag k="landuse" v="retail"/>
  </way>
  <way id="425651081" version="3" timestamp="2018-08-15T11:33:36Z" changeset="61682753" uid="251221" user="spiregrain">
    <nd ref="4222961719"/>
    <nd ref="464800454"/>
    <nd ref="5163695405"/>
    <nd ref="5163695407"/>
    <nd ref="4222961719"/>
    <tag k="building:colour" v="white"/>
    <tag k="building:levels" v="4"/>
    <tag k="building:part" v="yes"/>
  </way>
  <way id="425651085" version="2" timestamp="2016-06-19T12:06:39Z" changeset="40134353" uid="82783" user="Paul The Archivist">
    <nd ref="4249404339"/>
    <nd ref="4249404330"/>
    <nd ref="4249404329"/>
    <nd ref="4249404323"/>
    <nd ref="4252662764"/>
    <nd ref="4249404338"/>
    <nd ref="4249404341"/>
    <nd ref="4252662768"/>
    <nd ref="4249404339"/>
    <tag k="landuse" v="retail"/>
  </way>
  <way id="425651086" version="1" timestamp="2016-06-17T23:00:53Z" changeset="40106720" uid="82783" user="Paul The Archivist">
    <nd ref="4249404317"/>
    <nd ref="4249404320"/>
    <nd ref="4249404322"/>
    <nd ref="4249404343"/>
    <tag k="barrier" v="kerb"/>
  </way>
  <way id="425651091" version="3" timestamp="2017-10-05T20:09:20Z" changeset="52665479" uid="251221" user="spiregrain">
    <nd ref="4249404124"/>
    <nd ref="464800456"/>
    <nd ref="5150471743"/>
    <nd ref="4222961719"/>
    <nd ref="464800454"/>
    <nd ref="4222961717"/>
    <nd ref="464800453"/>
    <nd ref="4249404347"/>
    <nd ref="4249404124"/>
    <tag k="building:colour" v="brown"/>
    <tag k="building:levels" v="4"/>
    <tag k="building:material" v="brick"/>
    <tag k="building:part" v="yes"/>
  </way>
  <way id="425651102" version="6" timestamp="2019-11-21T11:38:01Z" changeset="77373151" uid="251221" user="spiregrain">
    <nd ref="4249404126"/>
    <nd ref="4252662780"/>
    <nd ref="4249404134"/>
    <nd ref="4249404133"/>
    <nd ref="4249404132"/>
    <nd ref="4249404127"/>
    <nd ref="4252662778"/>
    <nd ref="4249404130"/>
    <nd ref="4249404128"/>
    <nd ref="4249404131"/>
    <nd ref="5150471747"/>
    <nd ref="5150471745"/>
    <nd ref="464800456"/>
    <nd ref="4249404124"/>
    <nd ref="4249404123"/>
    <nd ref="5068735982"/>
    <nd ref="4249404344"/>
    <nd ref="4249404342"/>
    <nd ref="4249404345"/>
    <nd ref="4252662768"/>
    <nd ref="4249404341"/>
    <nd ref="4249404338"/>
    <nd ref="4249404126"/>
    <tag k="addr:housenumber" v="10"/>
    <tag k="addr:street" v="Whitfield Street"/>
    <tag k="building" v="commercial"/>
    <tag k="building:levels" v="4"/>
  </way>
  <way id="425651106" version="3" timestamp="2017-08-30T10:14:48Z" changeset="51571207" uid="37791" user="Fradeve11">
    <nd ref="5068735982"/>
    <nd ref="5068735981"/>
    <nd ref="4222961717"/>
    <nd ref="464800453"/>
    <nd ref="4249404123"/>
    <nd ref="5068735982"/>
    <tag k="building" v="yes"/>
    <tag k="building:levels" v="4"/>
    <tag k="building:material" v="brick"/>
    <tag k="name" v="Windmill House"/>
  </way>
  <way id="425651108" version="3" timestamp="2017-08-30T10:14:48Z" changeset="51571207" uid="37791" user="Fradeve11">
    <nd ref="4249404328"/>
    <nd ref="5068735979"/>
    <nd ref="4249404330"/>
    <nd ref="5066147678"/>
    <nd ref="4249404331"/>
    <nd ref="4249404340"/>
    <nd ref="4249404339"/>
    <nd ref="4249404337"/>
    <nd ref="4249404334"/>
    <nd ref="4249404328"/>
    <tag k="building" v="yes"/>
    <tag k="building:colour" v="white"/>
    <tag k="building:levels" v="4"/>
    <tag k="building:material" v="plaster"/>
  </way>
  <way id="425936623" version="5" timestamp="2022-10-28T19:15:33Z" changeset="128188196" uid="13666626" user="RedAuburn">
    <nd ref="4252666513"/>
    <nd ref="6318235132"/>
    <nd ref="3548899682"/>
    <nd ref="3548899651"/>
    <nd ref="3548899646"/>
    <nd ref="3548899648"/>
    <nd ref="3548899638"/>
    <nd ref="3548899642"/>
    <nd ref="3548899637"/>
    <nd ref="3548899644"/>
    <nd ref="4252666496"/>
    <nd ref="4252666500"/>
    <nd ref="4252666506"/>
    <nd ref="4252666510"/>
    <nd ref="3548899655"/>
    <nd ref="3548899669"/>
    <nd ref="4252666514"/>
    <nd ref="4252666516"/>
    <nd ref="4252666517"/>
    <nd ref="4252666513"/>
    <tag k="amenity" v="police"/>
    <tag k="name" v="British Transport Police"/>
    <tag k="operator" v="British Transport Police"/>
    <tag k="operator:wikidata" v="Q174588"/>
  </way>
  <way id="425936624" version="1" timestamp="2016-06-19T12:06:31Z" changeset="40134353" uid="82783" user="Paul The Archivist">
    <nd ref="4249404126"/>
    <nd ref="4252662775"/>
    <nd ref="4252662779"/>
    <nd ref="3548899637"/>
    <nd ref="3548899642"/>
    <nd ref="3548899638"/>
    <nd ref="4252662785"/>
    <nd ref="4252666489"/>
    <nd ref="4252662787"/>
    <nd ref="4252662788"/>
    <nd ref="4252662786"/>
    <nd ref="4252662781"/>
    <nd ref="4252662780"/>
    <nd ref="4249404126"/>
    <tag k="addr:city" v="London"/>
    <tag k="addr:housename" v="Kirkman House"/>
    <tag k="addr:housenumber" v="12-14"/>
    <tag k="addr:street" v="Whitfield Street"/>
    <tag k="building" v="commercial"/>
    <tag k="building:levels" v="4"/>
    <tag k="building:material" v="stone"/>
  </way>
  <way id="425936626" version="2" timestamp="2019-03-05T13:29:28Z" changeset="67804765" uid="251221" user="spiregrain">
    <nd ref="3548899655"/>
    <nd ref="3548899669"/>
    <nd ref="3548899657"/>
    <nd ref="4252666513"/>
    <nd ref="6318235132"/>
    <nd ref="3548899682"/>
    <nd ref="3548899651"/>
    <nd ref="3548899646"/>
    <nd ref="3548899648"/>
    <nd ref="3548899638"/>
    <nd ref="3548899642"/>
    <nd ref="3548899637"/>
    <nd ref="3548899644"/>
    <nd ref="4252666496"/>
    <nd ref="4252666500"/>
    <nd ref="4252666506"/>
    <nd ref="4252666510"/>
    <nd ref="3548899655"/>
    <tag k="building" v="public"/>
    <tag k="building:levels" v="4"/>
  </way>
  <way id="425936632" version="2" timestamp="2017-10-05T20:09:20Z" changeset="52665479" uid="251221" user="spiregrain">
    <nd ref="3548899637"/>
    <nd ref="3548899642"/>
    <nd ref="3548899638"/>
    <nd ref="4252662785"/>
    <nd ref="4252666489"/>
    <nd ref="4252666490"/>
    <nd ref="4252662788"/>
    <nd ref="4252662786"/>
    <nd ref="4252662778"/>
    <nd ref="4249404130"/>
    <nd ref="4249404128"/>
    <nd ref="4249404131"/>
    <nd ref="5150471747"/>
    <nd ref="5150471745"/>
    <nd ref="464800456"/>
    <nd ref="4249404124"/>
    <nd ref="4249404123"/>
    <nd ref="464800453"/>
    <nd ref="4222961717"/>
    <nd ref="4249404336"/>
    <nd ref="4249404329"/>
    <nd ref="4249404330"/>
    <nd ref="4249404339"/>
    <nd ref="4252662768"/>
    <nd ref="4249404341"/>
    <nd ref="4249404338"/>
    <nd ref="4252662764"/>
    <nd ref="4252662784"/>
    <nd ref="3548899637"/>
    <tag k="landuse" v="commercial"/>
  </way>
  <way id="519929622" version="3" timestamp="2019-11-03T06:52:44Z" changeset="76544017" uid="4948143" user="doublah">
    <nd ref="5068735982"/>
    <nd ref="5068735981"/>
    <nd ref="4249404331"/>
    <nd ref="4249404340"/>
    <nd ref="4249404344"/>
    <nd ref="5068735982"/>
    <tag k="addr:housenumber" v="30"/>
    <tag k="addr:street" v="Windmill Street"/>
    <tag k="building" v="yes"/>
    <tag k="building:levels" v="4"/>
    <tag k="building:material" v="brick"/>
    <tag k="name" v="The Revival Retro Boutique"/>
    <tag k="shop" v="clothes"/>
    <tag k="website" v="https://www.revival-retro.com/"/>
  </way>
  <way id="530393384" version="12" timestamp="2024-09-18T21:39:05Z" changeset="156794552" uid="3560" user="Firefishy">
    <nd ref="5150471736"/>
    <nd ref="5150471737"/>
    <nd ref="5150471738"/>
    <nd ref="5150471739"/>
    <nd ref="11395664705"/>
    <nd ref="5150471736"/>
    <tag k="addr:city" v="London"/>
    <tag k="addr:housenumber" v="53-54"/>
    <tag k="addr:postcode" v="W1T 2EQ"/>
    <tag k="addr:street" v="Tottenham Court Road"/>
    <tag k="addr:suburb" v="Bloomsbury"/>
    <tag k="amenity" v="restaurant"/>
    <tag k="check_date" v="2024-09-18"/>
    <tag k="cuisine" v="pizza"/>
    <tag k="fhrs:id" v="1676117"/>
    <tag k="indoor_seating" v="yes"/>
    <tag k="level" v="0"/>
    <tag k="name" v="Rudy's Pizza Napoletana"/>
    <tag k="outdoor_seating" v="yes"/>
    <tag k="source:addr" v="FHRS Open Data"/>
    <tag k="website" v="https://www.rudyspizza.co.uk/pizzerias/tottenham-court-road"/>
  </way>
  <way id="530393385" version="6" timestamp="2024-07-08T17:20:14Z" changeset="153713123" uid="7096975" user="Peter Newman">
    <nd ref="5150471739"/>
    <nd ref="5150471738"/>
    <nd ref="5150471740"/>
    <nd ref="5150471741"/>
    <nd ref="5150471739"/>
    <tag k="addr:city" v="London"/>
    <tag k="addr:housenumber" v="52"/>
    <tag k="addr:postcode" v="W1T 2EH"/>
    <tag k="addr:street" v="Tottenham Court Road"/>
    <tag k="addr:suburb" v="Bloomsbury"/>
    <tag k="amenity" v="fast_food"/>
    <tag k="cuisine" v="korean"/>
    <tag k="drive_through" v="no"/>
    <tag k="fhrs:id" v="1129755"/>
    <tag k="indoor_seating" v="yes"/>
    <tag k="name" v="Seoul Plaza"/>
    <tag k="outdoor_seating" v="no"/>
    <tag k="smoking" v="no"/>
    <tag k="source:addr" v="FHRS Open Data"/>
    <tag k="takeaway" v="yes"/>
  </way>
  <way id="530393386" version="8" timestamp="2024-07-08T17:20:14Z" changeset="153713112" uid="7096975" user="Peter Newman">
    <nd ref="5163695407"/>
    <nd ref="5150471742"/>
    <nd ref="5150471743"/>
    <nd ref="4222961719"/>
    <nd ref="5163695407"/>
    <tag k="addr:city" v="London"/>
    <tag k="addr:housenumber" v="47"/>
    <tag k="addr:postcode" v="W1T 2EE"/>
    <tag k="addr:street" v="Tottenham Court Road"/>
    <tag k="addr:suburb" v="Bloomsbury"/>
    <tag k="check_date" v="2024-07-08"/>
    <tag k="name" v="Epsilon Gaming Computers"/>
    <tag k="phone" v="+44 20 7436 8393"/>
    <tag k="shop" v="computer"/>
    <tag k="was:name" v="Epsilon Computers"/>
    <tag k="website" v="https://www.epsilonpc.co.uk/"/>
  </way>
  <way id="530393387" version="3" timestamp="2024-07-08T17:20:14Z" changeset="153713112" uid="7096975" user="Peter Newman">
    <nd ref="5150471744"/>
    <nd ref="5150471745"/>
    <nd ref="5150471743"/>
    <nd ref="5150471742"/>
    <nd ref="5150471744"/>
    <tag k="addr:city" v="London"/>
    <tag k="addr:housenumber" v="48"/>
    <tag k="addr:postcode" v="W1T 2EF"/>
    <tag k="addr:street" v="Tottenham Court Road"/>
    <tag k="addr:suburb" v="Bloomsbury"/>
    <tag k="check_date" v="2024-07-08"/>
    <tag k="name" v="House of Computers"/>
    <tag k="shop" v="computer"/>
  </way>
  <way id="530393388" version="6" timestamp="2023-07-27T08:26:05Z" changeset="139073720" uid="251221" user="spiregrain">
    <nd ref="5150471746"/>
    <nd ref="5150471747"/>
    <nd ref="5150471745"/>
    <nd ref="5150471744"/>
    <nd ref="5150471746"/>
    <tag k="addr:city" v="London"/>
    <tag k="addr:housenumber" v="49"/>
    <tag k="addr:postcode" v="W1T 2EG"/>
    <tag k="addr:street" v="Tottenham Court Road"/>
    <tag k="addr:suburb" v="Bloomsbury"/>
    <tag k="long_name" v="Asospc House of Electronics"/>
    <tag k="name" v="House of Electronics"/>
    <tag k="shop" v="electronics"/>
    <tag k="was:name" v="Baseo;Techgear"/>
  </way>
  <way id="530393389" version="6" timestamp="2024-09-18T21:39:05Z" changeset="156794552" uid="3560" user="Firefishy">
    <nd ref="5150471741"/>
    <nd ref="5150471748"/>
    <nd ref="5150471749"/>
    <nd ref="5150471740"/>
    <nd ref="5150471741"/>
    <tag k="addr:city" v="London"/>
    <tag k="addr:housenumber" v="51"/>
    <tag k="addr:postcode" v="W1T 2EQ"/>
    <tag k="addr:street" v="Tottenham Court Road"/>
    <tag k="addr:suburb" v="Bloomsbury"/>
    <tag k="check_date" v="2024-09-18"/>
    <tag k="level" v="0"/>
    <tag k="name" v="DMart Vape"/>
    <tag k="shop" v="e-cigarette"/>
    <tag k="was:name" v="Digital Outlet"/>
    <tag k="was:shop" v="electronics;photography;camera"/>
  </way>
  <way id="589640604" version="9" timestamp="2024-11-29T06:29:32Z" changeset="159728136" uid="322785" user="BCNorwich">
    <nd ref="4247304462"/>
    <nd ref="12382216617"/>
    <nd ref="4247304451"/>
    <nd ref="4247304450"/>
    <nd ref="4247304449"/>
    <nd ref="4247304448"/>
    <nd ref="4247304447"/>
    <nd ref="5630569620"/>
    <nd ref="12382185109"/>
    <nd ref="735149050"/>
    <nd ref="9979256812"/>
    <nd ref="305579006"/>
    <nd ref="4984531705"/>
    <nd ref="333670403"/>
    <nd ref="12373837085"/>
    <nd ref="5630569823"/>
    <nd ref="12373837082"/>
    <nd ref="4247304464"/>
    <nd ref="4247304463"/>
    <nd ref="4247304462"/>
    <tag k="area" v="yes"/>
    <tag k="highway" v="footway"/>
    <tag k="lit" v="yes"/>
    <tag k="smoothness" v="good"/>
    <tag k="surface" v="paving_stones"/>
  </way>
  <way id="590298787" version="15" timestamp="2024-11-25T15:55:25Z" changeset="159579611" uid="18774200" user="conordoremus">
    <nd ref="333670394"/>
    <nd ref="9576778626"/>
    <nd ref="9523048190"/>
    <nd ref="25472057"/>
    <nd ref="4222962185"/>
    <nd ref="10845640242"/>
    <tag k="cycleway" v="opposite"/>
    <tag k="highway" v="tertiary"/>
    <tag k="lit" v="yes"/>
    <tag k="maxspeed" v="20 mph"/>
    <tag k="name" v="Store Street"/>
    <tag k="oneway" v="yes"/>
    <tag k="oneway:bicycle" v="no"/>
    <tag k="sidewalk:both" v="separate"/>
    <tag k="surface" v="asphalt"/>
  </way>
  <way id="609004178" version="13" timestamp="2024-11-25T15:55:25Z" changeset="159579611" uid="18774200" user="conordoremus">
    <nd ref="333670394"/>
    <nd ref="10709137632"/>
    <nd ref="12373825065"/>
    <nd ref="10709137579"/>
    <nd ref="8253496117"/>
    <nd ref="8253496133"/>
    <nd ref="12373825062"/>
    <nd ref="1448896143"/>
    <nd ref="333670393"/>
    <tag k="highway" v="service"/>
    <tag k="lit" v="yes"/>
    <tag k="maxspeed" v="20 mph"/>
    <tag k="name" v="Alfred Place"/>
    <tag k="oneway" v="yes"/>
    <tag k="service" v="driveway"/>
    <tag k="sidewalk:left" v="separate"/>
    <tag k="sidewalk:left:surface" v="paving_stones"/>
    <tag k="surface" v="paving_stones"/>
  </way>
  <way id="628688740" version="1" timestamp="2018-09-27T23:03:57Z" changeset="62992494" uid="322039" user="MacLondon">
    <nd ref="464800468"/>
    <nd ref="5935732737"/>
    <nd ref="5935732736"/>
    <nd ref="4860880476"/>
    <nd ref="464800468"/>
    <tag k="landuse" v="retail"/>
  </way>
  <way id="628688741" version="4" timestamp="2023-06-22T07:57:17Z" changeset="137634701" uid="251221" user="spiregrain">
    <nd ref="5935732734"/>
    <nd ref="5935732738"/>
    <nd ref="10996695462"/>
    <nd ref="10996695461"/>
    <nd ref="464800467"/>
    <nd ref="464800466"/>
    <nd ref="5935732734"/>
    <tag k="landuse" v="retail"/>
  </way>
  <way id="628688742" version="6" timestamp="2024-11-25T15:22:04Z" changeset="159578271" uid="18774200" user="conordoremus">
    <nd ref="1448880901"/>
    <nd ref="333719180"/>
    <nd ref="5935732735"/>
    <tag k="crossing" v="unmarked"/>
    <tag k="crossing:markings" v="no"/>
    <tag k="footway" v="crossing"/>
    <tag k="highway" v="footway"/>
    <tag k="lit" v="yes"/>
    <tag k="surface" v="asphalt"/>
  </way>
  <way id="670243525" version="2" timestamp="2019-11-05T08:29:40Z" changeset="76631602" uid="251221" user="spiregrain">
    <nd ref="5150471750"/>
    <nd ref="333670399"/>
    <tag k="highway" v="service"/>
    <tag k="maxheight" v="below_default"/>
    <tag k="surface" v="asphalt"/>
    <tag k="tunnel" v="building_passage"/>
  </way>
  <way id="674654402" version="2" timestamp="2024-02-09T14:07:49Z" changeset="147258600" uid="251221" user="spiregrain">
    <nd ref="5163695407"/>
    <nd ref="5150471742"/>
    <nd ref="5150471744"/>
    <nd ref="5150471746"/>
    <nd ref="5150471750"/>
    <nd ref="5150471748"/>
    <nd ref="5150471741"/>
    <nd ref="5150471739"/>
    <nd ref="11395664705"/>
    <nd ref="5150471736"/>
    <nd ref="5150471737"/>
    <nd ref="6318235134"/>
    <nd ref="4249404130"/>
    <nd ref="4249404128"/>
    <nd ref="4249404131"/>
    <nd ref="5150471747"/>
    <nd ref="5150471745"/>
    <nd ref="464800456"/>
    <nd ref="5150471743"/>
    <nd ref="4222961719"/>
    <nd ref="5163695407"/>
    <tag k="building" v="yes"/>
    <tag k="building:levels" v="4"/>
  </way>
  <way id="678745735" version="10" timestamp="2024-11-25T15:55:25Z" changeset="159579611" uid="18774200" user="conordoremus">
    <nd ref="9523048185"/>
    <nd ref="333670394"/>
    <tag k="cycleway:right" v="lane"/>
    <tag k="cycleway:right:oneway" v="-1"/>
    <tag k="highway" v="tertiary"/>
    <tag k="lane_markings" v="no"/>
    <tag k="lit" v="yes"/>
    <tag k="maxspeed" v="20 mph"/>
    <tag k="name" v="Store Street"/>
    <tag k="oneway" v="yes"/>
    <tag k="oneway:bicycle" v="no"/>
    <tag k="sidewalk:both" v="separate"/>
    <tag k="surface" v="asphalt"/>
  </way>
  <way id="678745738" version="5" timestamp="2024-06-03T20:49:24Z" changeset="152216945" uid="251221" user="spiregrain">
    <nd ref="25472045"/>
    <nd ref="6355365934"/>
    <nd ref="9523025797"/>
    <nd ref="333719180"/>
    <tag k="foot" v="yes"/>
    <tag k="highway" v="cycleway"/>
    <tag k="lit" v="yes"/>
    <tag k="name" v="Store Street"/>
    <tag k="oneway" v="yes"/>
    <tag k="oneway:foot" v="no"/>
    <tag k="sidewalk" v="left"/>
    <tag k="surface" v="asphalt"/>
  </way>
  <way id="912201551" version="5" timestamp="2024-11-25T15:55:25Z" changeset="159579611" uid="18774200" user="conordoremus">
    <nd ref="8473911117"/>
    <nd ref="11863146"/>
    <tag k="highway" v="primary"/>
    <tag k="lanes" v="2"/>
    <tag k="lit" v="yes"/>
    <tag k="maxspeed" v="20 mph"/>
    <tag k="name" v="Tottenham Court Road"/>
    <tag k="official_ref" v="A400"/>
    <tag k="sidewalk:both" v="separate"/>
    <tag k="surface" v="asphalt"/>
    <tag k="wikidata" v="Q1647486"/>
    <tag k="wikimedia_commons" v="Category:Tottenham_Court_Road"/>
    <tag k="wikipedia" v="en:Tottenham Court Road"/>
  </way>
  <way id="948884628" version="4" timestamp="2023-03-04T10:58:11Z" changeset="133284839" uid="251688" user="Molko">
    <nd ref="8784081139"/>
    <nd ref="10709137585"/>
    <nd ref="10709137584"/>
    <nd ref="10709137592"/>
    <nd ref="8784081140"/>
    <nd ref="10709137594"/>
    <nd ref="10709137593"/>
    <nd ref="10709137590"/>
    <nd ref="10709137589"/>
    <nd ref="10709137588"/>
    <nd ref="8784081141"/>
    <nd ref="4222962138"/>
    <nd ref="10709137586"/>
    <nd ref="10709137587"/>
    <nd ref="8784081139"/>
    <tag k="landuse" v="grass"/>
  </way>
  <way id="1033660574" version="3" timestamp="2024-11-25T15:55:25Z" changeset="159579611" uid="18774200" user="conordoremus">
    <nd ref="11863146"/>
    <nd ref="5239556145"/>
    <tag k="cycleway" v="opposite"/>
    <tag k="highway" v="tertiary"/>
    <tag k="lane_markings" v="no"/>
    <tag k="lit" v="yes"/>
    <tag k="maxspeed" v="20 mph"/>
    <tag k="name" v="Store Street"/>
    <tag k="oneway" v="yes"/>
    <tag k="oneway:bicycle" v="no"/>
    <tag k="sidewalk:left" v="separate"/>
    <tag k="surface" v="asphalt"/>
  </way>
  <way id="1033660575" version="4" timestamp="2024-11-25T15:55:25Z" changeset="159579611" uid="18774200" user="conordoremus">
    <nd ref="5239556145"/>
    <nd ref="333719180"/>
    <tag k="cycleway:right" v="lane"/>
    <tag k="cycleway:right:oneway" v="-1"/>
    <tag k="highway" v="tertiary"/>
    <tag k="lane_markings" v="no"/>
    <tag k="lit" v="yes"/>
    <tag k="maxspeed" v="20 mph"/>
    <tag k="name" v="Store Street"/>
    <tag k="oneway" v="yes"/>
    <tag k="oneway:bicycle" v="no"/>
    <tag k="sidewalk:left" v="separate"/>
    <tag k="surface" v="asphalt"/>
  </way>
  <way id="1033664845" version="4" timestamp="2024-11-25T15:04:37Z" changeset="159577563" uid="18774200" user="conordoremus">
    <nd ref="9576778627"/>
    <nd ref="10709137633"/>
    <nd ref="12373825060"/>
    <nd ref="10709137591"/>
    <nd ref="9576778629"/>
    <nd ref="9523048180"/>
    <nd ref="9576778626"/>
    <tag k="highway" v="footway"/>
    <tag k="note" v="Simple footway mapped for pedestrian routing during construction works"/>
    <tag k="surface" v="paving_stones"/>
  </way>
  <way id="1033664846" version="4" timestamp="2024-11-25T15:55:25Z" changeset="159579611" uid="18774200" user="conordoremus">
    <nd ref="25472045"/>
    <nd ref="9523048185"/>
    <tag k="cycleway:right" v="lane"/>
    <tag k="cycleway:right:oneway" v="-1"/>
    <tag k="highway" v="tertiary"/>
    <tag k="lane_markings" v="no"/>
    <tag k="lit" v="yes"/>
    <tag k="maxspeed" v="20 mph"/>
    <tag k="name" v="Store Street"/>
    <tag k="oneway" v="yes"/>
    <tag k="oneway:bicycle" v="no"/>
    <tag k="sidewalk:both" v="separate"/>
    <tag k="surface" v="asphalt"/>
  </way>
  <way id="1033664847" version="2" timestamp="2024-11-25T15:04:37Z" changeset="159577563" uid="18774200" user="conordoremus">
    <nd ref="4222961773"/>
    <nd ref="9523048186"/>
    <tag k="footway" v="sidewalk"/>
    <tag k="highway" v="footway"/>
  </way>
  <way id="1091739572" version="3" timestamp="2024-11-25T15:55:25Z" changeset="159579611" uid="18774200" user="conordoremus">
    <nd ref="25472045"/>
    <nd ref="9523048187"/>
    <nd ref="25472049"/>
    <tag k="highway" v="residential"/>
    <tag k="lit" v="yes"/>
    <tag k="maxspeed" v="20 mph"/>
    <tag k="name" v="South Crescent"/>
    <tag k="sidewalk:both" v="separate"/>
    <tag k="surface" v="asphalt"/>
  </way>
  <way id="1091739573" version="1" timestamp="2022-09-04T01:25:50Z" changeset="125757345" uid="322039" user="MacLondon">
    <nd ref="25472056"/>
    <nd ref="9523048188"/>
    <nd ref="25472057"/>
    <tag k="highway" v="residential"/>
    <tag k="lit" v="yes"/>
    <tag k="maxspeed" v="20 mph"/>
    <tag k="name" v="South Crescent"/>
    <tag k="surface" v="asphalt"/>
  </way>
  <way id="1151194608" version="1" timestamp="2023-03-04T10:58:11Z" changeset="133284839" uid="251688" user="Molko">
    <nd ref="10709137595"/>
    <nd ref="10709137596"/>
    <nd ref="10709137597"/>
    <nd ref="10709137610"/>
    <nd ref="10709137599"/>
    <nd ref="10709137609"/>
    <nd ref="10709137608"/>
    <nd ref="10709137602"/>
    <nd ref="10709137607"/>
    <nd ref="10709137606"/>
    <nd ref="10709137601"/>
    <nd ref="10709137605"/>
    <nd ref="10709137604"/>
    <nd ref="10709137600"/>
    <nd ref="10709137603"/>
    <nd ref="10709137598"/>
    <nd ref="10709137595"/>
    <tag k="landuse" v="grass"/>
  </way>
  <way id="1151194610" version="3" timestamp="2024-11-25T15:04:37Z" changeset="159577563" uid="18774200" user="conordoremus">
    <nd ref="494923281"/>
    <nd ref="10709137617"/>
    <nd ref="10709137618"/>
    <nd ref="10709137619"/>
    <nd ref="10709137620"/>
    <nd ref="494923279"/>
    <nd ref="10709137621"/>
    <nd ref="10709137622"/>
    <nd ref="10709137623"/>
    <nd ref="10709137624"/>
    <nd ref="8253476912"/>
    <nd ref="494923273"/>
    <nd ref="494923275"/>
    <nd ref="524584526"/>
    <nd ref="524584516"/>
    <nd ref="524584518"/>
    <nd ref="12373825078"/>
    <nd ref="10709137625"/>
    <nd ref="10709137633"/>
    <nd ref="1448896143"/>
    <nd ref="10709137626"/>
    <nd ref="12373825058"/>
    <nd ref="2982381982"/>
    <nd ref="494928763"/>
    <nd ref="10709137627"/>
    <nd ref="10709137628"/>
    <nd ref="494928746"/>
    <nd ref="12373825054"/>
    <nd ref="10709137629"/>
    <nd ref="9287298986"/>
    <nd ref="10709137632"/>
    <nd ref="4222961774"/>
    <nd ref="9523048180"/>
    <nd ref="10709137630"/>
    <nd ref="12373825079"/>
    <nd ref="494923281"/>
  </way>
  <way id="1337730666" version="2" timestamp="2024-11-25T15:22:04Z" changeset="159578271" uid="18774200" user="conordoremus">
    <nd ref="11787268886"/>
    <nd ref="12373825053"/>
    <nd ref="12373837055"/>
    <nd ref="12373825054"/>
    <tag k="footway" v="sidewalk"/>
    <tag k="highway" v="footway"/>
  </way>
  <way id="1337730667" version="1" timestamp="2024-11-25T15:04:37Z" changeset="159577563" uid="18774200" user="conordoremus">
    <nd ref="12373825054"/>
    <nd ref="12373825055"/>
    <tag k="footway" v="sidewalk"/>
    <tag k="highway" v="footway"/>
  </way>
  <way id="1337730668" version="1" timestamp="2024-11-25T15:04:37Z" changeset="159577563" uid="18774200" user="conordoremus">
    <nd ref="12373825055"/>
    <nd ref="12373825056"/>
    <tag k="footway" v="sidewalk"/>
    <tag k="highway" v="footway"/>
  </way>
  <way id="1337730673" version="1" timestamp="2024-11-25T15:04:37Z" changeset="159577563" uid="18774200" user="conordoremus">
    <nd ref="12373825055"/>
    <nd ref="12373825065"/>
    <nd ref="12373825063"/>
    <tag k="crossing" v="unmarked"/>
    <tag k="crossing:markings" v="no"/>
    <tag k="footway" v="crossing"/>
    <tag k="highway" v="footway"/>
  </way>
  <way id="1337730674" version="1" timestamp="2024-11-25T15:04:37Z" changeset="159577563" uid="18774200" user="conordoremus">
    <nd ref="12373825063"/>
    <nd ref="9576778629"/>
    <nd ref="12373825079"/>
    <nd ref="12373825064"/>
    <tag k="footway" v="sidewalk"/>
    <tag k="highway" v="footway"/>
  </way>
  <way id="1337730675" version="6" timestamp="2024-11-28T12:13:40Z" changeset="159699004" uid="18774200" user="conordoremus">
    <nd ref="12373976627"/>
    <nd ref="12382216620"/>
    <nd ref="12373825067"/>
    <nd ref="12373837054"/>
    <nd ref="12373825068"/>
    <nd ref="12373825069"/>
    <nd ref="12373910482"/>
    <nd ref="12373825070"/>
    <nd ref="12373910476"/>
    <nd ref="12373825071"/>
    <nd ref="12373910477"/>
    <nd ref="12373825072"/>
    <nd ref="12373910478"/>
    <nd ref="12373825073"/>
    <nd ref="12373910479"/>
    <nd ref="12373825074"/>
    <nd ref="12373910480"/>
    <nd ref="12373825075"/>
    <nd ref="12373910481"/>
    <nd ref="12373825076"/>
    <nd ref="12373825077"/>
    <nd ref="12373976631"/>
    <tag k="footway" v="sidewalk"/>
    <tag k="highway" v="footway"/>
  </way>
  <way id="1337730676" version="1" timestamp="2024-11-25T15:04:37Z" changeset="159577563" uid="18774200" user="conordoremus">
    <nd ref="4222962144"/>
    <nd ref="12373825077"/>
    <tag k="footway" v="sidewalk"/>
    <tag k="highway" v="footway"/>
  </way>
  <way id="1337730677" version="1" timestamp="2024-11-25T15:04:37Z" changeset="159577563" uid="18774200" user="conordoremus">
    <nd ref="4222961773"/>
    <nd ref="9523048188"/>
    <nd ref="4222962144"/>
    <tag k="crossing" v="unmarked"/>
    <tag k="crossing:markings" v="no"/>
    <tag k="footway" v="crossing"/>
    <tag k="highway" v="footway"/>
  </way>
  <way id="1337730678" version="1" timestamp="2024-11-25T15:04:37Z" changeset="159577563" uid="18774200" user="conordoremus">
    <nd ref="12373825068"/>
    <nd ref="4222961744"/>
    <tag k="footway" v="sidewalk"/>
    <tag k="highway" v="footway"/>
  </way>
  <way id="1337730679" version="1" timestamp="2024-11-25T15:04:37Z" changeset="159577563" uid="18774200" user="conordoremus">
    <nd ref="4222961744"/>
    <nd ref="9523048187"/>
    <nd ref="9523048186"/>
    <tag k="crossing" v="unmarked"/>
    <tag k="crossing:markings" v="no"/>
    <tag k="footway" v="crossing"/>
    <tag k="highway" v="footway"/>
  </way>
  <way id="1337734764" version="1" timestamp="2024-11-25T15:22:04Z" changeset="159578271" uid="18774200" user="conordoremus">
    <nd ref="1448880901"/>
    <nd ref="12373837054"/>
    <tag k="footway" v="sidewalk"/>
    <tag k="highway" v="footway"/>
  </way>
  <way id="1337734765" version="1" timestamp="2024-11-25T15:22:04Z" changeset="159578271" uid="18774200" user="conordoremus">
    <nd ref="5935732735"/>
    <nd ref="12373837055"/>
    <tag k="footway" v="sidewalk"/>
    <tag k="highway" v="footway"/>
  </way>
  <way id="1337734766" version="1" timestamp="2024-11-25T15:22:04Z" changeset="159578271" uid="18774200" user="conordoremus">
    <nd ref="12373837056"/>
    <nd ref="12373837057"/>
    <nd ref="12373837058"/>
    <tag k="footway" v="sidewalk"/>
    <tag k="highway" v="footway"/>
  </way>
  <way id="1337734767" version="1" timestamp="2024-11-25T15:22:04Z" changeset="159578271" uid="18774200" user="conordoremus">
    <nd ref="12373837059"/>
    <nd ref="12373837060"/>
    <nd ref="12373837083"/>
    <nd ref="12373837061"/>
    <nd ref="12373837062"/>
    <tag k="footway" v="sidewalk"/>
    <tag k="highway" v="footway"/>
  </way>
  <way id="1337734768" version="1" timestamp="2024-11-25T15:22:04Z" changeset="159578271" uid="18774200" user="conordoremus">
    <nd ref="12373837059"/>
    <nd ref="12373837063"/>
    <nd ref="12373837058"/>
    <tag k="crossing" v="unmarked"/>
    <tag k="crossing:markings" v="no"/>
    <tag k="footway" v="crossing"/>
    <tag k="highway" v="footway"/>
  </way>
  <way id="1337734778" version="3" timestamp="2024-11-28T12:13:40Z" changeset="159699004" uid="18774200" user="conordoremus">
    <nd ref="12373837080"/>
    <nd ref="12373837085"/>
    <nd ref="12373837081"/>
    <nd ref="12382216618"/>
    <nd ref="12382155482"/>
    <tag k="footway" v="sidewalk"/>
    <tag k="highway" v="footway"/>
  </way>
  <way id="1337734779" version="3" timestamp="2024-11-29T06:28:34Z" changeset="159728116" uid="322785" user="BCNorwich">
    <nd ref="12373837081"/>
    <nd ref="12373837082"/>
    <tag k="footway" v="sidewalk"/>
    <tag k="highway" v="footway"/>
  </way>
  <way id="1337734780" version="1" timestamp="2024-11-25T15:22:04Z" changeset="159578271" uid="18774200" user="conordoremus">
    <nd ref="12373837083"/>
    <nd ref="12373837084"/>
    <tag k="footway" v="sidewalk"/>
    <tag k="highway" v="footway"/>
  </way>
  <way id="1337734781" version="1" timestamp="2024-11-25T15:22:04Z" changeset="159578271" uid="18774200" user="conordoremus">
    <nd ref="12373837084"/>
    <nd ref="5239556146"/>
    <nd ref="12373837082"/>
    <tag k="crossing" v="unmarked"/>
    <tag k="crossing:markings" v="no"/>
    <tag k="footway" v="crossing"/>
    <tag k="highway" v="footway"/>
  </way>
  <relation id="19314" version="186" timestamp="2024-02-20T09:54:25Z" changeset="147684492" uid="16586381" user="KasperSFranz">
    <member type="way" ref="327989808" role="depot"/>
    <member type="relation" ref="3523630" role=""/>
    <member type="relation" ref="3523629" role=""/>
    <tag k="name" v="London Buses route 24"/>
    <tag k="network" v="London Buses"/>
    <tag k="network:wikidata" v="Q1192411"/>
    <tag k="network:wikipedia" v="en:London Buses"/>
    <tag k="operator" v="Transport UK"/>
    <tag k="operator:wikidata" v="Q116973625"/>
    <tag k="ref" v="24"/>
    <tag k="route_master" v="bus"/>
    <tag k="type" v="route_master"/>
    <tag k="wheelchair" v="yes"/>
  </relation>
  <relation id="196639" version="94" timestamp="2021-11-10T16:36:20Z" changeset="113616354" uid="5589" user="user_5589">
    <member type="way" ref="70609516" role="depot"/>
    <member type="relation" ref="4005621" role=""/>
    <member type="relation" ref="4005622" role=""/>
    <tag k="name" v="London Buses route 390"/>
    <tag k="network" v="London Buses"/>
    <tag k="network:wikidata" v="Q1192411"/>
    <tag k="network:wikipedia" v="en:London Buses"/>
    <tag k="operator" v="Metroline"/>
    <tag k="ref" v="390"/>
    <tag k="route_master" v="bus"/>
    <tag k="type" v="route_master"/>
    <tag k="wheelchair" v="yes"/>
  </relation>
  <relation id="273370" version="144" timestamp="2021-09-24T16:20:06Z" changeset="111655752" uid="10554793" user="dstansby">
    <member type="way" ref="50694678" role="depot"/>
    <member type="relation" ref="3969853" role=""/>
    <member type="relation" ref="3969854" role=""/>
    <tag k="name" v="London Buses route 73"/>
    <tag k="network" v="London Buses"/>
    <tag k="network:wikidata" v="Q1192411"/>
    <tag k="network:wikipedia" v="en:London Buses"/>
    <tag k="operator" v="Arriva London"/>
    <tag k="ref" v="73"/>
    <tag k="route_master" v="bus"/>
    <tag k="type" v="route_master"/>
    <tag k="wheelchair" v="yes"/>
  </relation>
  <relation id="2821817" version="79" timestamp="2022-02-12T14:09:33Z" changeset="117322917" uid="3306" user="Russ">
    <member type="way" ref="28311206" role="depot"/>
    <member type="relation" ref="3999999" role=""/>
    <member type="relation" ref="3999998" role=""/>
    <tag k="name" v="London Buses route 29"/>
    <tag k="network" v="London Buses"/>
    <tag k="network:wikidata" v="Q1192411"/>
    <tag k="network:wikipedia" v="en:London Buses"/>
    <tag k="operator" v="Arriva London"/>
    <tag k="ref" v="29"/>
    <tag k="route_master" v="bus"/>
    <tag k="type" v="route_master"/>
    <tag k="wheelchair" v="yes"/>
  </relation>
  <relation id="3523629" version="193" timestamp="2024-11-22T10:34:34Z" changeset="159452535" uid="3951648" user="rskedgell">
    <member type="node" ref="493077356" role="stop_entry_only"/>
    <member type="node" ref="469780771" role="platform_entry_only"/>
    <member type="node" ref="11026030075" role="stop"/>
    <member type="node" ref="469767652" role="platform"/>
    <member type="node" ref="11026030074" role="stop"/>
    <member type="node" ref="469773942" role="platform"/>
    <member type="node" ref="11026030073" role="stop"/>
    <member type="node" ref="469781573" role="platform"/>
    <member type="node" ref="11026030072" role="stop"/>
    <member type="node" ref="469778050" role="platform"/>
    <member type="node" ref="11026030071" role="stop"/>
    <member type="node" ref="469778051" role="platform"/>
    <member type="node" ref="11026030070" role="stop"/>
    <member type="node" ref="469781765" role="platform"/>
    <member type="node" ref="11026030069" role="stop"/>
    <member type="node" ref="469768864" role="platform"/>
    <member type="node" ref="10906176797" role="stop"/>
    <member type="node" ref="469771775" role="platform"/>
    <member type="node" ref="10901049207" role="stop"/>
    <member type="node" ref="469765187" role="platform"/>
    <member type="node" ref="293390294" role="stop"/>
    <member type="node" ref="469760046" role="platform"/>
    <member type="node" ref="389475763" role="stop"/>
    <member type="node" ref="469778496" role="platform"/>
    <member type="node" ref="10908805743" role="stop"/>
    <member type="node" ref="469760434" role="platform"/>
    <member type="node" ref="469780601" role="stop"/>
    <member type="node" ref="5388476100" role="platform"/>
    <member type="node" ref="10906176795" role="stop"/>
    <member type="node" ref="469776973" role="platform"/>
    <member type="node" ref="4543005962" role="stop"/>
    <member type="node" ref="469786519" role="platform"/>
    <member type="node" ref="10910562922" role="stop"/>
    <member type="node" ref="6391776690" role="platform"/>
    <member type="node" ref="10910562921" role="stop"/>
    <member type="node" ref="6391776691" role="platform"/>
    <member type="node" ref="3519133221" role="stop"/>
    <member type="node" ref="6391776689" role="platform"/>
    <member type="node" ref="5364578863" role="stop"/>
    <member type="node" ref="469765157" role="platform"/>
    <member type="node" ref="5364578862" role="stop"/>
    <member type="node" ref="469760975" role="platform"/>
    <member type="node" ref="5364578859" role="stop"/>
    <member type="node" ref="469787722" role="platform"/>
    <member type="node" ref="3810553691" role="stop"/>
    <member type="node" ref="469782072" role="platform"/>
    <member type="node" ref="4650621306" role="stop"/>
    <member type="node" ref="469790169" role="platform"/>
    <member type="node" ref="469772108" role="stop"/>
    <member type="node" ref="4650621310" role="platform"/>
    <member type="node" ref="469786535" role="stop"/>
    <member type="node" ref="4650621312" role="platform"/>
    <member type="node" ref="6001480160" role="stop"/>
    <member type="node" ref="469789606" role="platform"/>
    <member type="node" ref="6001480159" role="stop"/>
    <member type="node" ref="469774702" role="platform"/>
    <member type="node" ref="4111159906" role="stop"/>
    <member type="node" ref="469762820" role="platform"/>
    <member type="node" ref="4111159905" role="stop"/>
    <member type="node" ref="469789610" role="platform"/>
    <member type="node" ref="4559186874" role="stop"/>
    <member type="node" ref="469776983" role="platform"/>
    <member type="node" ref="6029574325" role="stop"/>
    <member type="node" ref="469785637" role="platform"/>
    <member type="node" ref="6029574323" role="stop"/>
    <member type="node" ref="469764482" role="platform"/>
    <member type="node" ref="6029574322" role="stop"/>
    <member type="node" ref="469781679" role="platform"/>
    <member type="node" ref="18130224" role="stop"/>
    <member type="node" ref="469777609" role="platform"/>
    <member type="node" ref="6025963303" role="stop"/>
    <member type="node" ref="469762107" role="platform"/>
    <member type="node" ref="6025963305" role="stop"/>
    <member type="node" ref="469789621" role="platform"/>
    <member type="node" ref="6025963306" role="stop"/>
    <member type="node" ref="469789620" role="platform"/>
    <member type="node" ref="469787540" role="stop_exit_only"/>
    <member type="node" ref="5388464472" role="platform_exit_only"/>
    <member type="way" ref="501245811" role=""/>
    <member type="way" ref="262466121" role=""/>
    <member type="way" ref="4253042" role=""/>
    <member type="way" ref="1133909314" role=""/>
    <member type="way" ref="1133909312" role=""/>
    <member type="way" ref="4264192" role=""/>
    <member type="way" ref="1133909315" role=""/>
    <member type="way" ref="22597448" role=""/>
    <member type="way" ref="22597449" role=""/>
    <member type="way" ref="1072612921" role=""/>
    <member type="way" ref="1094642926" role=""/>
    <member type="way" ref="69416465" role=""/>
    <member type="way" ref="617871008" role=""/>
    <member type="way" ref="1094642923" role=""/>
    <member type="way" ref="1094642922" role=""/>
    <member type="way" ref="617871013" role=""/>
    <member type="way" ref="1094642921" role=""/>
    <member type="way" ref="1297339736" role=""/>
    <member type="way" ref="617871010" role=""/>
    <member type="way" ref="1061092781" role=""/>
    <member type="way" ref="1061092780" role=""/>
    <member type="way" ref="617871004" role=""/>
    <member type="way" ref="1061092779" role=""/>
    <member type="way" ref="617869266" role=""/>
    <member type="way" ref="1072612919" role=""/>
    <member type="way" ref="973891813" role=""/>
    <member type="way" ref="973891812" role=""/>
    <member type="way" ref="816227982" role=""/>
    <member type="way" ref="1124720801" role=""/>
    <member type="way" ref="1124720800" role=""/>
    <member type="way" ref="4264244" role=""/>
    <member type="way" ref="37371130" role=""/>
    <member type="way" ref="1124720799" role=""/>
    <member type="way" ref="816227970" role=""/>
    <member type="way" ref="953843282" role=""/>
    <member type="way" ref="4264243" role=""/>
    <member type="way" ref="37278014" role=""/>
    <member type="way" ref="1274576333" role=""/>
    <member type="way" ref="1288212743" role=""/>
    <member type="way" ref="962951403" role=""/>
    <member type="way" ref="1288212742" role=""/>
    <member type="way" ref="1288143739" role=""/>
    <member type="way" ref="844428621" role=""/>
    <member type="way" ref="1288212741" role=""/>
    <member type="way" ref="997244020" role=""/>
    <member type="way" ref="871359466" role=""/>
    <member type="way" ref="1272643069" role=""/>
    <member type="way" ref="962951402" role=""/>
    <member type="way" ref="844428614" role=""/>
    <member type="way" ref="1059988429" role=""/>
    <member type="way" ref="1059988430" role=""/>
    <member type="way" ref="1069301600" role=""/>
    <member type="way" ref="1059988431" role=""/>
    <member type="way" ref="1059988432" role=""/>
    <member type="way" ref="706507527" role=""/>
    <member type="way" ref="1059988434" role=""/>
    <member type="way" ref="4366262" role=""/>
    <member type="way" ref="706507525" role=""/>
    <member type="way" ref="511789325" role=""/>
    <member type="way" ref="2372215" role=""/>
    <member type="way" ref="997074160" role=""/>
    <member type="way" ref="552719903" role=""/>
    <member type="way" ref="997074944" role=""/>
    <member type="way" ref="997074159" role=""/>
    <member type="way" ref="997074158" role=""/>
    <member type="way" ref="4252251" role=""/>
    <member type="way" ref="1152687506" role=""/>
    <member type="way" ref="1152687507" role=""/>
    <member type="way" ref="1152687508" role=""/>
    <member type="way" ref="226098091" role=""/>
    <member type="way" ref="48379514" role=""/>
    <member type="way" ref="48379513" role=""/>
    <member type="way" ref="1152687509" role=""/>
    <member type="way" ref="47048979" role=""/>
    <member type="way" ref="1069301602" role=""/>
    <member type="way" ref="1069301601" role=""/>
    <member type="way" ref="253360360" role=""/>
    <member type="way" ref="4367360" role=""/>
    <member type="way" ref="586649845" role=""/>
    <member type="way" ref="211950233" role=""/>
    <member type="way" ref="1074324493" role=""/>
    <member type="way" ref="586151544" role=""/>
    <member type="way" ref="1074324494" role=""/>
    <member type="way" ref="41383226" role=""/>
    <member type="way" ref="237414591" role=""/>
    <member type="way" ref="4680883" role=""/>
    <member type="way" ref="396325643" role=""/>
    <member type="way" ref="396325642" role=""/>
    <member type="way" ref="211956502" role=""/>
    <member type="way" ref="8591250" role=""/>
    <member type="way" ref="4680851" role=""/>
    <member type="way" ref="26781036" role=""/>
    <member type="way" ref="1221761910" role=""/>
    <member type="way" ref="1305477373" role=""/>
    <member type="way" ref="823011291" role=""/>
    <member type="way" ref="107190663" role=""/>
    <member type="way" ref="694352948" role=""/>
    <member type="way" ref="1305477374" role=""/>
    <member type="way" ref="1274293169" role=""/>
    <member type="way" ref="139291982" role=""/>
    <member type="way" ref="1232168831" role=""/>
    <member type="way" ref="816032227" role=""/>
    <member type="way" ref="122056180" role=""/>
    <member type="way" ref="224187706" role=""/>
    <member type="way" ref="1220850245" role=""/>
    <member type="way" ref="122056182" role=""/>
    <member type="way" ref="1065258314" role=""/>
    <member type="way" ref="224187822" role=""/>
    <member type="way" ref="542829556" role=""/>
    <member type="way" ref="842037663" role=""/>
    <member type="way" ref="823014694" role=""/>
    <member type="way" ref="542829550" role=""/>
    <member type="way" ref="18309856" role=""/>
    <member type="way" ref="823014695" role=""/>
    <member type="way" ref="224187819" role=""/>
    <member type="way" ref="823014693" role=""/>
    <member type="way" ref="823014696" role=""/>
    <member type="way" ref="224187818" role=""/>
    <member type="way" ref="1065258313" role=""/>
    <member type="way" ref="800368765" role=""/>
    <member type="way" ref="800368764" role=""/>
    <member type="way" ref="823014690" role=""/>
    <member type="way" ref="1220936827" role=""/>
    <member type="way" ref="823014691" role=""/>
    <member type="way" ref="823014697" role=""/>
    <member type="way" ref="841063098" role=""/>
    <member type="way" ref="817022210" role=""/>
    <member type="way" ref="817022211" role=""/>
    <member type="way" ref="207529550" role=""/>
    <member type="way" ref="1220936828" role=""/>
    <member type="way" ref="1272580385" role=""/>
    <member type="way" ref="842037662" role=""/>
    <member type="way" ref="1272580384" role=""/>
    <member type="way" ref="1220936829" role=""/>
    <member type="way" ref="817019468" role=""/>
    <member type="way" ref="207529549" role=""/>
    <member type="way" ref="1220936830" role=""/>
    <member type="way" ref="817019467" role=""/>
    <member type="way" ref="1220936831" role=""/>
    <member type="way" ref="817019469" role=""/>
    <member type="way" ref="116974799" role=""/>
    <member type="way" ref="1220936832" role=""/>
    <member type="way" ref="840009278" role=""/>
    <member type="way" ref="817019466" role=""/>
    <member type="way" ref="817019465" role=""/>
    <member type="way" ref="817019464" role=""/>
    <member type="way" ref="605078472" role=""/>
    <member type="way" ref="817019470" role=""/>
    <member type="way" ref="279154275" role=""/>
    <member type="way" ref="527125967" role=""/>
    <member type="way" ref="279154279" role=""/>
    <member type="way" ref="279154281" role=""/>
    <member type="way" ref="279154278" role=""/>
    <member type="way" ref="685100528" role=""/>
    <member type="way" ref="279154280" role=""/>
    <member type="way" ref="674756318" role=""/>
    <member type="way" ref="685020271" role=""/>
    <member type="way" ref="589640599" role=""/>
    <member type="way" ref="41588174" role=""/>
    <member type="way" ref="303559648" role=""/>
    <member type="way" ref="685020269" role=""/>
    <member type="way" ref="674756319" role=""/>
    <member type="way" ref="996665162" role=""/>
    <member type="way" ref="17929789" role=""/>
    <member type="way" ref="996665163" role=""/>
    <member type="way" ref="913020667" role=""/>
    <member type="way" ref="587317657" role=""/>
    <member type="way" ref="996664292" role=""/>
    <member type="way" ref="996664293" role=""/>
    <member type="way" ref="678745736" role=""/>
    <member type="way" ref="381411919" role=""/>
    <member type="way" ref="303559647" role=""/>
    <member type="way" ref="674795487" role=""/>
    <member type="way" ref="1067635355" role=""/>
    <member type="way" ref="48465026" role=""/>
    <member type="way" ref="48465025" role=""/>
    <member type="way" ref="1271099762" role=""/>
    <member type="way" ref="299682133" role=""/>
    <member type="way" ref="912201551" role=""/>
    <member type="way" ref="264965257" role=""/>
    <member type="way" ref="264965256" role=""/>
    <member type="way" ref="667745342" role=""/>
    <member type="way" ref="1067635356" role=""/>
    <member type="way" ref="299682132" role=""/>
    <member type="way" ref="685020270" role=""/>
    <member type="way" ref="564099715" role=""/>
    <member type="way" ref="101982008" role=""/>
    <member type="way" ref="1065177553" role=""/>
    <member type="way" ref="31039" role=""/>
    <member type="way" ref="1049590080" role=""/>
    <member type="way" ref="315631030" role=""/>
    <member type="way" ref="293637093" role=""/>
    <member type="way" ref="233075058" role=""/>
    <member type="way" ref="116615382" role=""/>
    <member type="way" ref="1049590470" role=""/>
    <member type="way" ref="242166996" role=""/>
    <member type="way" ref="1049590471" role=""/>
    <member type="way" ref="628429131" role=""/>
    <member type="way" ref="628429129" role=""/>
    <member type="way" ref="271816293" role=""/>
    <member type="way" ref="5003469" role=""/>
    <member type="way" ref="585785135" role=""/>
    <member type="way" ref="4382814" role=""/>
    <member type="way" ref="4382813" role=""/>
    <member type="way" ref="4082596" role=""/>
    <member type="way" ref="49798450" role=""/>
    <member type="way" ref="49798167" role=""/>
    <member type="way" ref="647037416" role=""/>
    <member type="way" ref="647037415" role=""/>
    <member type="way" ref="647037414" role=""/>
    <member type="way" ref="267213248" role=""/>
    <member type="way" ref="267213404" role=""/>
    <member type="way" ref="480094743" role=""/>
    <member type="way" ref="1065112863" role=""/>
    <member type="way" ref="230506725" role=""/>
    <member type="way" ref="43154948" role=""/>
    <member type="way" ref="230506728" role=""/>
    <member type="way" ref="43118734" role=""/>
    <member type="way" ref="451852747" role=""/>
    <member type="way" ref="43365536" role=""/>
    <member type="way" ref="23715305" role=""/>
    <member type="way" ref="39093506" role=""/>
    <member type="way" ref="1008674254" role=""/>
    <member type="way" ref="483872217" role=""/>
    <member type="way" ref="230503367" role=""/>
    <member type="way" ref="1008674252" role=""/>
    <member type="way" ref="1008674253" role=""/>
    <member type="way" ref="217573431" role=""/>
    <member type="way" ref="482974061" role=""/>
    <member type="way" ref="1065112868" role=""/>
    <member type="way" ref="43157301" role=""/>
    <member type="way" ref="230500846" role=""/>
    <member type="way" ref="901000130" role=""/>
    <member type="way" ref="1336796686" role=""/>
    <member type="way" ref="230503683" role=""/>
    <member type="way" ref="230500145" role=""/>
    <member type="way" ref="901000131" role=""/>
    <member type="way" ref="230500143" role=""/>
    <member type="way" ref="230503557" role=""/>
    <member type="way" ref="1128951597" role=""/>
    <member type="way" ref="245384250" role=""/>
    <member type="way" ref="406370789" role=""/>
    <member type="way" ref="192093366" role=""/>
    <member type="way" ref="431794368" role=""/>
    <member type="way" ref="413046623" role=""/>
    <member type="way" ref="34428361" role=""/>
    <member type="way" ref="195542580" role=""/>
    <member type="way" ref="1058328014" role=""/>
    <member type="way" ref="166758986" role=""/>
    <member type="way" ref="245384521" role=""/>
    <member type="way" ref="474368742" role=""/>
    <member type="way" ref="256483217" role=""/>
    <member type="way" ref="474368741" role=""/>
    <member type="way" ref="256483224" role=""/>
    <member type="way" ref="1213535563" role=""/>
    <member type="way" ref="39547935" role=""/>
    <member type="way" ref="1106511807" role=""/>
    <member type="way" ref="185492041" role=""/>
    <member type="way" ref="1213534084" role=""/>
    <member type="way" ref="1213534024" role=""/>
    <member type="way" ref="1199662696" role=""/>
    <member type="way" ref="16102204" role=""/>
    <member type="way" ref="34433562" role=""/>
    <member type="way" ref="3997148" role=""/>
    <member type="way" ref="460626743" role=""/>
    <member type="way" ref="22870537" role=""/>
    <member type="way" ref="205143130" role=""/>
    <member type="way" ref="1284533230" role=""/>
    <member type="way" ref="67076655" role=""/>
    <member type="way" ref="909518387" role=""/>
    <member type="way" ref="15087197" role=""/>
    <member type="way" ref="4562391" role=""/>
    <member type="way" ref="25312137" role=""/>
    <member type="way" ref="332074332" role=""/>
    <member type="way" ref="875242360" role=""/>
    <member type="way" ref="740780569" role=""/>
    <member type="way" ref="25312149" role=""/>
    <member type="way" ref="740780565" role=""/>
    <member type="way" ref="740780564" role=""/>
    <member type="way" ref="740780562" role=""/>
    <member type="way" ref="670647496" role=""/>
    <member type="way" ref="25677804" role=""/>
    <member type="way" ref="740780571" role=""/>
    <member type="way" ref="740780567" role=""/>
    <member type="way" ref="4562273" role=""/>
    <member type="way" ref="509175881" role=""/>
    <member type="way" ref="895238013" role=""/>
    <member type="way" ref="1017492168" role=""/>
    <member type="way" ref="1029127199" role=""/>
    <member type="way" ref="34401597" role=""/>
    <member type="way" ref="1070598993" role=""/>
    <member type="way" ref="895238014" role=""/>
    <tag k="from" v="South End Green"/>
    <tag k="name" v="London Buses route 24 → Pimlico"/>
    <tag k="network" v="London Buses"/>
    <tag k="network:wikidata" v="Q1192411"/>
    <tag k="network:wikipedia" v="en:London Buses"/>
    <tag k="operator" v="Transport UK"/>
    <tag k="public_transport:version" v="2"/>
    <tag k="ref" v="24"/>
    <tag k="route" v="bus"/>
    <tag k="to" v="Grosvenor Road"/>
    <tag k="type" v="route"/>
  </relation>
  <relation id="3523630" version="205" timestamp="2024-06-29T11:26:09Z" changeset="153327961" uid="322039" user="MacLondon">
    <member type="node" ref="469787540" role="stop_entry_only"/>
    <member type="node" ref="5388464472" role="platform_entry_only"/>
    <member type="node" ref="6029574319" role="stop"/>
    <member type="node" ref="469777606" role="platform"/>
    <member type="node" ref="6029574320" role="stop"/>
    <member type="node" ref="469767310" role="platform"/>
    <member type="node" ref="6025769209" role="stop"/>
    <member type="node" ref="469777607" role="platform"/>
    <member type="node" ref="6029574321" role="stop"/>
    <member type="node" ref="469781678" role="platform"/>
    <member type="node" ref="6029574324" role="stop"/>
    <member type="node" ref="469764478" role="platform"/>
    <member type="node" ref="6029574326" role="stop"/>
    <member type="node" ref="469785636" role="platform"/>
    <member type="node" ref="4562474529" role="stop"/>
    <member type="node" ref="469760340" role="platform"/>
    <member type="node" ref="4111159904" role="stop"/>
    <member type="node" ref="469789611" role="platform"/>
    <member type="node" ref="4111159907" role="stop"/>
    <member type="node" ref="469762819" role="platform"/>
    <member type="node" ref="6001480158" role="stop"/>
    <member type="node" ref="469774699" role="platform"/>
    <member type="node" ref="6001480162" role="stop"/>
    <member type="node" ref="469789602" role="platform"/>
    <member type="node" ref="469786531" role="stop"/>
    <member type="node" ref="4650621313" role="platform"/>
    <member type="node" ref="469772106" role="stop"/>
    <member type="node" ref="4650621311" role="platform"/>
    <member type="node" ref="3810553690" role="stop"/>
    <member type="node" ref="469782071" role="platform"/>
    <member type="node" ref="5364578860" role="stop"/>
    <member type="node" ref="469760974" role="platform"/>
    <member type="node" ref="5364578865" role="stop"/>
    <member type="node" ref="469765159" role="platform"/>
    <member type="node" ref="5364578866" role="stop"/>
    <member type="node" ref="469765156" role="platform"/>
    <member type="node" ref="5434424322" role="stop"/>
    <member type="node" ref="469760233" role="platform"/>
    <member type="node" ref="5440856682" role="stop"/>
    <member type="node" ref="469760182" role="platform"/>
    <member type="node" ref="4543005956" role="stop"/>
    <member type="node" ref="469760370" role="platform"/>
    <member type="node" ref="4543005964" role="stop"/>
    <member type="node" ref="469760368" role="platform"/>
    <member type="node" ref="10906418673" role="stop"/>
    <member type="node" ref="469776972" role="platform"/>
    <member type="node" ref="10906418672" role="stop"/>
    <member type="node" ref="469760433" role="platform"/>
    <member type="node" ref="10906418671" role="stop"/>
    <member type="node" ref="469765190" role="platform"/>
    <member type="node" ref="5678978838" role="stop"/>
    <member type="node" ref="469786513" role="platform"/>
    <member type="node" ref="8907552598" role="stop"/>
    <member type="node" ref="469771705" role="platform"/>
    <member type="node" ref="11026102899" role="stop"/>
    <member type="node" ref="469768862" role="platform"/>
    <member type="node" ref="11026102898" role="stop"/>
    <member type="node" ref="469778648" role="platform"/>
    <member type="node" ref="11026102897" role="stop"/>
    <member type="node" ref="469781764" role="platform"/>
    <member type="node" ref="11026102896" role="stop"/>
    <member type="node" ref="469778049" role="platform"/>
    <member type="node" ref="11026102895" role="stop"/>
    <member type="node" ref="469781572" role="platform"/>
    <member type="node" ref="11026102894" role="stop"/>
    <member type="node" ref="469774444" role="platform"/>
    <member type="node" ref="11026102893" role="stop"/>
    <member type="node" ref="469773786" role="platform"/>
    <member type="node" ref="4921093671" role="stop_exit_only"/>
    <member type="node" ref="469779509" role="platform_exit_only"/>
    <member type="way" ref="895238015" role=""/>
    <member type="way" ref="1029127198" role=""/>
    <member type="way" ref="1029127197" role=""/>
    <member type="way" ref="1238603445" role=""/>
    <member type="way" ref="1238603443" role=""/>
    <member type="way" ref="1238603446" role=""/>
    <member type="way" ref="262459553" role=""/>
    <member type="way" ref="1029127196" role=""/>
    <member type="way" ref="1029127195" role=""/>
    <member type="way" ref="44383715" role=""/>
    <member type="way" ref="1029127194" role=""/>
    <member type="way" ref="4562274" role=""/>
    <member type="way" ref="25312149" role=""/>
    <member type="way" ref="740780569" role=""/>
    <member type="way" ref="875242360" role=""/>
    <member type="way" ref="332074332" role=""/>
    <member type="way" ref="25312137" role=""/>
    <member type="way" ref="4562391" role=""/>
    <member type="way" ref="15087197" role=""/>
    <member type="way" ref="909518387" role=""/>
    <member type="way" ref="67076654" role=""/>
    <member type="way" ref="272533848" role=""/>
    <member type="way" ref="217323287" role=""/>
    <member type="way" ref="460626742" role=""/>
    <member type="way" ref="46919612" role=""/>
    <member type="way" ref="1167226936" role=""/>
    <member type="way" ref="362483497" role=""/>
    <member type="way" ref="39547932" role=""/>
    <member type="way" ref="214368962" role=""/>
    <member type="way" ref="51958479" role=""/>
    <member type="way" ref="34433562" role=""/>
    <member type="way" ref="16102204" role=""/>
    <member type="way" ref="1199662696" role=""/>
    <member type="way" ref="1213534024" role=""/>
    <member type="way" ref="1213534084" role=""/>
    <member type="way" ref="185492041" role=""/>
    <member type="way" ref="1106511807" role=""/>
    <member type="way" ref="39547935" role=""/>
    <member type="way" ref="1213535563" role=""/>
    <member type="way" ref="256483223" role=""/>
    <member type="way" ref="256483218" role=""/>
    <member type="way" ref="1258910353" role=""/>
    <member type="way" ref="1258910354" role=""/>
    <member type="way" ref="1258910355" role=""/>
    <member type="way" ref="1070232800" role=""/>
    <member type="way" ref="474368744" role=""/>
    <member type="way" ref="475336892" role=""/>
    <member type="way" ref="475336895" role=""/>
    <member type="way" ref="245384520" role=""/>
    <member type="way" ref="195542578" role=""/>
    <member type="way" ref="1058328016" role=""/>
    <member type="way" ref="48046841" role=""/>
    <member type="way" ref="419357196" role=""/>
    <member type="way" ref="675668364" role=""/>
    <member type="way" ref="48046843" role=""/>
    <member type="way" ref="59683577" role=""/>
    <member type="way" ref="43157300" role=""/>
    <member type="way" ref="245384251" role=""/>
    <member type="way" ref="230500144" role=""/>
    <member type="way" ref="1070252768" role=""/>
    <member type="way" ref="230503556" role=""/>
    <member type="way" ref="838933552" role=""/>
    <member type="way" ref="230500146" role=""/>
    <member type="way" ref="230503680" role=""/>
    <member type="way" ref="230500556" role=""/>
    <member type="way" ref="482974060" role=""/>
    <member type="way" ref="230500560" role=""/>
    <member type="way" ref="1065112867" role=""/>
    <member type="way" ref="23715300" role=""/>
    <member type="way" ref="230502962" role=""/>
    <member type="way" ref="1263687029" role=""/>
    <member type="way" ref="1263687030" role=""/>
    <member type="way" ref="230502961" role=""/>
    <member type="way" ref="886869658" role=""/>
    <member type="way" ref="300869142" role=""/>
    <member type="way" ref="1008674254" role=""/>
    <member type="way" ref="39093506" role=""/>
    <member type="way" ref="23715304" role=""/>
    <member type="way" ref="4256531" role=""/>
    <member type="way" ref="230506722" role=""/>
    <member type="way" ref="49796163" role=""/>
    <member type="way" ref="43118738" role=""/>
    <member type="way" ref="43118739" role=""/>
    <member type="way" ref="23715312" role=""/>
    <member type="way" ref="267213247" role=""/>
    <member type="way" ref="480094742" role=""/>
    <member type="way" ref="267213537" role=""/>
    <member type="way" ref="267213403" role=""/>
    <member type="way" ref="647037414" role=""/>
    <member type="way" ref="647037415" role=""/>
    <member type="way" ref="647037416" role=""/>
    <member type="way" ref="49798167" role=""/>
    <member type="way" ref="49798450" role=""/>
    <member type="way" ref="4082596" role=""/>
    <member type="way" ref="4382813" role=""/>
    <member type="way" ref="4382814" role=""/>
    <member type="way" ref="585785135" role=""/>
    <member type="way" ref="5003469" role=""/>
    <member type="way" ref="271816293" role=""/>
    <member type="way" ref="264966078" role=""/>
    <member type="way" ref="628429131" role=""/>
    <member type="way" ref="1049590471" role=""/>
    <member type="way" ref="242166996" role=""/>
    <member type="way" ref="1049590470" role=""/>
    <member type="way" ref="116615382" role=""/>
    <member type="way" ref="233075058" role=""/>
    <member type="way" ref="293637093" role=""/>
    <member type="way" ref="315631030" role=""/>
    <member type="way" ref="1049590080" role=""/>
    <member type="way" ref="31039" role=""/>
    <member type="way" ref="1065177553" role=""/>
    <member type="way" ref="101982008" role=""/>
    <member type="way" ref="564099715" role=""/>
    <member type="way" ref="685020270" role=""/>
    <member type="way" ref="299682132" role=""/>
    <member type="way" ref="1067635356" role=""/>
    <member type="way" ref="667745342" role=""/>
    <member type="way" ref="264965256" role=""/>
    <member type="way" ref="264965257" role=""/>
    <member type="way" ref="912201551" role=""/>
    <member type="way" ref="299682133" role=""/>
    <member type="way" ref="1271099762" role=""/>
    <member type="way" ref="48465025" role=""/>
    <member type="way" ref="48465026" role=""/>
    <member type="way" ref="1067635355" role=""/>
    <member type="way" ref="674795487" role=""/>
    <member type="way" ref="303559647" role=""/>
    <member type="way" ref="381411919" role=""/>
    <member type="way" ref="678745736" role=""/>
    <member type="way" ref="996664293" role=""/>
    <member type="way" ref="996664292" role=""/>
    <member type="way" ref="587317657" role=""/>
    <member type="way" ref="913020667" role=""/>
    <member type="way" ref="996665163" role=""/>
    <member type="way" ref="17929789" role=""/>
    <member type="way" ref="996665162" role=""/>
    <member type="way" ref="674756319" role=""/>
    <member type="way" ref="685020269" role=""/>
    <member type="way" ref="303559648" role=""/>
    <member type="way" ref="41588174" role=""/>
    <member type="way" ref="589640599" role=""/>
    <member type="way" ref="685020271" role=""/>
    <member type="way" ref="674756318" role=""/>
    <member type="way" ref="279154280" role=""/>
    <member type="way" ref="1264391400" role=""/>
    <member type="way" ref="1264391401" role=""/>
    <member type="way" ref="1264391402" role=""/>
    <member type="way" ref="1264391403" role=""/>
    <member type="way" ref="1264391404" role=""/>
    <member type="way" ref="184817705" role=""/>
    <member type="way" ref="279154283" role=""/>
    <member type="way" ref="817019464" role=""/>
    <member type="way" ref="817019465" role=""/>
    <member type="way" ref="817019466" role=""/>
    <member type="way" ref="840009278" role=""/>
    <member type="way" ref="1220936832" role=""/>
    <member type="way" ref="116974799" role=""/>
    <member type="way" ref="817019469" role=""/>
    <member type="way" ref="1220936831" role=""/>
    <member type="way" ref="817019467" role=""/>
    <member type="way" ref="1220936830" role=""/>
    <member type="way" ref="207529549" role=""/>
    <member type="way" ref="817019468" role=""/>
    <member type="way" ref="1220936829" role=""/>
    <member type="way" ref="1272580384" role=""/>
    <member type="way" ref="842037662" role=""/>
    <member type="way" ref="1272580385" role=""/>
    <member type="way" ref="1220936828" role=""/>
    <member type="way" ref="207529550" role=""/>
    <member type="way" ref="817022211" role=""/>
    <member type="way" ref="817022210" role=""/>
    <member type="way" ref="841063098" role=""/>
    <member type="way" ref="823014697" role=""/>
    <member type="way" ref="823014691" role=""/>
    <member type="way" ref="1220936827" role=""/>
    <member type="way" ref="823014690" role=""/>
    <member type="way" ref="800368764" role=""/>
    <member type="way" ref="800368765" role=""/>
    <member type="way" ref="1065258313" role=""/>
    <member type="way" ref="224187818" role=""/>
    <member type="way" ref="823014696" role=""/>
    <member type="way" ref="823014693" role=""/>
    <member type="way" ref="224187819" role=""/>
    <member type="way" ref="823014695" role=""/>
    <member type="way" ref="18309856" role=""/>
    <member type="way" ref="542829550" role=""/>
    <member type="way" ref="9195648" role=""/>
    <member type="way" ref="823014692" role=""/>
    <member type="way" ref="224187822" role=""/>
    <member type="way" ref="1065258314" role=""/>
    <member type="way" ref="122056182" role=""/>
    <member type="way" ref="542829553" role=""/>
    <member type="way" ref="842036425" role=""/>
    <member type="way" ref="9195645" role=""/>
    <member type="way" ref="224187909" role=""/>
    <member type="way" ref="224188123" role=""/>
    <member type="way" ref="1238214140" role=""/>
    <member type="way" ref="842037664" role=""/>
    <member type="way" ref="224188581" role=""/>
    <member type="way" ref="1231955004" role=""/>
    <member type="way" ref="1225463816" role=""/>
    <member type="way" ref="727187706" role=""/>
    <member type="way" ref="4257245" role=""/>
    <member type="way" ref="220412585" role=""/>
    <member type="way" ref="211959862" role=""/>
    <member type="way" ref="224188584" role=""/>
    <member type="way" ref="1026246644" role=""/>
    <member type="way" ref="211956502" role=""/>
    <member type="way" ref="396325642" role=""/>
    <member type="way" ref="211956507" role=""/>
    <member type="way" ref="2372075" role=""/>
    <member type="way" ref="51960889" role=""/>
    <member type="way" ref="1067121888" role=""/>
    <member type="way" ref="742367792" role=""/>
    <member type="way" ref="2372214" role=""/>
    <member type="way" ref="18310162" role=""/>
    <member type="way" ref="8591114" role=""/>
    <member type="way" ref="8591115" role=""/>
    <member type="way" ref="706507526" role=""/>
    <member type="way" ref="706507527" role=""/>
    <member type="way" ref="1059988432" role=""/>
    <member type="way" ref="1059988431" role=""/>
    <member type="way" ref="1069301600" role=""/>
    <member type="way" ref="1059988430" role=""/>
    <member type="way" ref="1059988429" role=""/>
    <member type="way" ref="844428614" role=""/>
    <member type="way" ref="962951402" role=""/>
    <member type="way" ref="1272643069" role=""/>
    <member type="way" ref="871359466" role=""/>
    <member type="way" ref="997244020" role=""/>
    <member type="way" ref="1288212741" role=""/>
    <member type="way" ref="844428621" role=""/>
    <member type="way" ref="1288143739" role=""/>
    <member type="way" ref="1288212742" role=""/>
    <member type="way" ref="962951403" role=""/>
    <member type="way" ref="1288212743" role=""/>
    <member type="way" ref="1274576333" role=""/>
    <member type="way" ref="37278014" role=""/>
    <member type="way" ref="4264243" role=""/>
    <member type="way" ref="953843282" role=""/>
    <member type="way" ref="816227970" role=""/>
    <member type="way" ref="1124720799" role=""/>
    <member type="way" ref="37371130" role=""/>
    <member type="way" ref="4264244" role=""/>
    <member type="way" ref="1124720800" role=""/>
    <member type="way" ref="1124720801" role=""/>
    <member type="way" ref="816227982" role=""/>
    <member type="way" ref="973891812" role=""/>
    <member type="way" ref="973891813" role=""/>
    <member type="way" ref="1072612919" role=""/>
    <member type="way" ref="617869266" role=""/>
    <member type="way" ref="1061092779" role=""/>
    <member type="way" ref="617871004" role=""/>
    <member type="way" ref="1061092780" role=""/>
    <member type="way" ref="1209422054" role=""/>
    <member type="way" ref="617869265" role=""/>
    <member type="way" ref="1297339735" role=""/>
    <member type="way" ref="69416484" role=""/>
    <member type="way" ref="1094642924" role=""/>
    <member type="way" ref="1257363024" role=""/>
    <member type="way" ref="617871005" role=""/>
    <member type="way" ref="1072612921" role=""/>
    <member type="way" ref="22597449" role=""/>
    <member type="way" ref="22597448" role=""/>
    <member type="way" ref="1133909315" role=""/>
    <member type="way" ref="4264192" role=""/>
    <member type="way" ref="4253041" role=""/>
    <member type="way" ref="1133909317" role=""/>
    <member type="way" ref="1133909316" role=""/>
    <member type="way" ref="1046262822" role=""/>
    <member type="way" ref="1046262821" role=""/>
    <member type="way" ref="899829594" role=""/>
    <member type="way" ref="899829595" role=""/>
    <tag k="from" v="Grosvenor Road"/>
    <tag k="name" v="London Buses route 24 → Hampstead Heath"/>
    <tag k="network" v="London Buses"/>
    <tag k="network:wikidata" v="Q1192411"/>
    <tag k="network:wikipedia" v="en:London Buses"/>
    <tag k="operator" v="Transport UK"/>
    <tag k="public_transport:version" v="2"/>
    <tag k="ref" v="24"/>
    <tag k="route" v="bus"/>
    <tag k="to" v="Royal Free Hospital"/>
    <tag k="type" v="route"/>
  </relation>
  <relation id="3969853" version="155" timestamp="2024-11-27T05:04:44Z" changeset="159642365" uid="322039" user="MacLondon">
    <member type="node" ref="3320940063" role="stop_entry_only"/>
    <member type="node" ref="469787003" role="platform_entry_only"/>
    <member type="node" ref="4581297848" role="stop"/>
    <member type="node" ref="4581297852" role="stop"/>
    <member type="node" ref="385581973" role="platform"/>
    <member type="node" ref="5434424322" role="stop"/>
    <member type="node" ref="5440856682" role="stop"/>
    <member type="node" ref="4543005956" role="stop"/>
    <member type="node" ref="1317141120" role="stop"/>
    <member type="node" ref="1109607290" role="stop"/>
    <member type="node" ref="3523544580" role="stop"/>
    <member type="node" ref="2904256675" role="stop"/>
    <member type="node" ref="3200794989" role="stop"/>
    <member type="node" ref="3200794991" role="stop"/>
    <member type="node" ref="3200794994" role="stop"/>
    <member type="node" ref="469763857" role="stop"/>
    <member type="node" ref="469790200" role="stop"/>
    <member type="node" ref="3043608312" role="platform"/>
    <member type="node" ref="469759909" role="stop"/>
    <member type="node" ref="3017058640" role="platform"/>
    <member type="node" ref="469773299" role="stop"/>
    <member type="node" ref="2653756592" role="stop"/>
    <member type="node" ref="469768812" role="stop"/>
    <member type="node" ref="469761290" role="stop"/>
    <member type="node" ref="469775533" role="stop"/>
    <member type="node" ref="469777147" role="stop"/>
    <member type="node" ref="469763121" role="stop"/>
    <member type="node" ref="4058598903" role="stop"/>
    <member type="node" ref="3761538576" role="stop"/>
    <member type="node" ref="469767677" role="platform"/>
    <member type="node" ref="469763153" role="platform"/>
    <member type="node" ref="469781346" role="platform"/>
    <member type="node" ref="469764176" role="platform"/>
    <member type="node" ref="469786249" role="platform"/>
    <member type="node" ref="469767225" role="platform"/>
    <member type="node" ref="469775970" role="platform"/>
    <member type="node" ref="4919710301" role="stop_exit_only"/>
    <member type="node" ref="469781343" role="platform_exit_only"/>
    <member type="way" ref="461699427" role=""/>
    <member type="way" ref="209692627" role=""/>
    <member type="way" ref="209689478" role=""/>
    <member type="way" ref="1135644240" role=""/>
    <member type="way" ref="209692644" role=""/>
    <member type="way" ref="1283819523" role=""/>
    <member type="way" ref="59718434" role=""/>
    <member type="way" ref="30279893" role=""/>
    <member type="way" ref="209692646" role=""/>
    <member type="way" ref="955460953" role=""/>
    <member type="way" ref="955460952" role=""/>
    <member type="way" ref="955518104" role=""/>
    <member type="way" ref="33608060" role=""/>
    <member type="way" ref="955518103" role=""/>
    <member type="way" ref="209691456" role=""/>
    <member type="way" ref="209691454" role=""/>
    <member type="way" ref="955518102" role=""/>
    <member type="way" ref="728793125" role=""/>
    <member type="way" ref="728793128" role=""/>
    <member type="way" ref="977088264" role=""/>
    <member type="way" ref="972210875" role=""/>
    <member type="way" ref="93773949" role=""/>
    <member type="way" ref="33096424" role=""/>
    <member type="way" ref="33096423" role=""/>
    <member type="way" ref="31039" role=""/>
    <member type="way" ref="1065177553" role=""/>
    <member type="way" ref="101982008" role=""/>
    <member type="way" ref="564099715" role=""/>
    <member type="way" ref="685020270" role=""/>
    <member type="way" ref="299682132" role=""/>
    <member type="way" ref="1067635356" role=""/>
    <member type="way" ref="667745342" role=""/>
    <member type="way" ref="264965256" role=""/>
    <member type="way" ref="264965257" role=""/>
    <member type="way" ref="912201551" role=""/>
    <member type="way" ref="299682133" role=""/>
    <member type="way" ref="1271099762" role=""/>
    <member type="way" ref="48465025" role=""/>
    <member type="way" ref="48465026" role=""/>
    <member type="way" ref="1067635355" role=""/>
    <member type="way" ref="674795487" role=""/>
    <member type="way" ref="303559647" role=""/>
    <member type="way" ref="381411919" role=""/>
    <member type="way" ref="678745736" role=""/>
    <member type="way" ref="996664293" role=""/>
    <member type="way" ref="996664292" role=""/>
    <member type="way" ref="587317657" role=""/>
    <member type="way" ref="913020667" role=""/>
    <member type="way" ref="996665163" role=""/>
    <member type="way" ref="17929789" role=""/>
    <member type="way" ref="996665162" role=""/>
    <member type="way" ref="674756319" role=""/>
    <member type="way" ref="685020269" role=""/>
    <member type="way" ref="303559648" role=""/>
    <member type="way" ref="41588174" role=""/>
    <member type="way" ref="589640599" role=""/>
    <member type="way" ref="685020271" role=""/>
    <member type="way" ref="674756318" role=""/>
    <member type="way" ref="279154280" role=""/>
    <member type="way" ref="1264391400" role=""/>
    <member type="way" ref="1264391401" role=""/>
    <member type="way" ref="1264391402" role=""/>
    <member type="way" ref="1264391403" role=""/>
    <member type="way" ref="1264391404" role=""/>
    <member type="way" ref="1264391397" role=""/>
    <member type="way" ref="201303145" role=""/>
    <member type="way" ref="279154266" role=""/>
    <member type="way" ref="1065177555" role=""/>
    <member type="way" ref="279154267" role=""/>
    <member type="way" ref="279154270" role=""/>
    <member type="way" ref="823008429" role=""/>
    <member type="way" ref="825288061" role=""/>
    <member type="way" ref="1112581129" role=""/>
    <member type="way" ref="35085540" role=""/>
    <member type="way" ref="235993022" role=""/>
    <member type="way" ref="825288047" role=""/>
    <member type="way" ref="1112581130" role=""/>
    <member type="way" ref="235992911" role=""/>
    <member type="way" ref="1112581131" role=""/>
    <member type="way" ref="825288051" role=""/>
    <member type="way" ref="501243983" role=""/>
    <member type="way" ref="26834677" role=""/>
    <member type="way" ref="62036633" role=""/>
    <member type="way" ref="314895562" role=""/>
    <member type="way" ref="1265033831" role=""/>
    <member type="way" ref="1265033828" role=""/>
    <member type="way" ref="314895561" role=""/>
    <member type="way" ref="246170014" role=""/>
    <member type="way" ref="62036629" role=""/>
    <member type="way" ref="1265033822" role=""/>
    <member type="way" ref="1265033833" role=""/>
    <member type="way" ref="62036630" role=""/>
    <member type="way" ref="504568375" role=""/>
    <member type="way" ref="4253988" role=""/>
    <member type="way" ref="41518100" role=""/>
    <member type="way" ref="1112581137" role=""/>
    <member type="way" ref="746410871" role=""/>
    <member type="way" ref="825288054" role=""/>
    <member type="way" ref="837448598" role=""/>
    <member type="way" ref="825288043" role=""/>
    <member type="way" ref="746410870" role=""/>
    <member type="way" ref="746410865" role=""/>
    <member type="way" ref="825288045" role=""/>
    <member type="way" ref="746410867" role=""/>
    <member type="way" ref="825182593" role=""/>
    <member type="way" ref="746410874" role=""/>
    <member type="way" ref="121988892" role=""/>
    <member type="way" ref="1112581142" role=""/>
    <member type="way" ref="207115414" role=""/>
    <member type="way" ref="825288048" role=""/>
    <member type="way" ref="1232975552" role=""/>
    <member type="way" ref="1112581146" role=""/>
    <member type="way" ref="1112581147" role=""/>
    <member type="way" ref="234575098" role=""/>
    <member type="way" ref="825184199" role=""/>
    <member type="way" ref="234575101" role=""/>
    <member type="way" ref="825184200" role=""/>
    <member type="way" ref="825518134" role=""/>
    <member type="way" ref="1232962022" role=""/>
    <member type="way" ref="825518135" role=""/>
    <member type="way" ref="38060076" role=""/>
    <member type="way" ref="746410873" role=""/>
    <member type="way" ref="1112581148" role=""/>
    <member type="way" ref="1112581149" role=""/>
    <member type="way" ref="1112581150" role=""/>
    <member type="way" ref="1232962018" role=""/>
    <member type="way" ref="1112581152" role=""/>
    <member type="way" ref="1112581151" role=""/>
    <member type="way" ref="746410869" role=""/>
    <member type="way" ref="379356920" role=""/>
    <member type="way" ref="207107597" role=""/>
    <member type="way" ref="380467034" role=""/>
    <member type="way" ref="1065258330" role=""/>
    <member type="way" ref="234572145" role=""/>
    <member type="way" ref="367808662" role=""/>
    <member type="way" ref="36814929" role=""/>
    <member type="way" ref="1065218273" role=""/>
    <member type="way" ref="367808679" role=""/>
    <member type="way" ref="449113134" role=""/>
    <member type="way" ref="449113135" role=""/>
    <member type="way" ref="1112581153" role=""/>
    <member type="way" ref="41518099" role=""/>
    <member type="way" ref="379356933" role=""/>
    <member type="way" ref="1112581154" role=""/>
    <member type="way" ref="2509157" role=""/>
    <member type="way" ref="1101475691" role=""/>
    <member type="way" ref="379356932" role=""/>
    <member type="way" ref="39035433" role=""/>
    <member type="way" ref="89991893" role=""/>
    <member type="way" ref="197476574" role=""/>
    <member type="way" ref="199521016" role=""/>
    <member type="way" ref="197476947" role=""/>
    <member type="way" ref="197476948" role=""/>
    <member type="way" ref="679330695" role=""/>
    <member type="way" ref="679330697" role=""/>
    <member type="way" ref="1209438647" role=""/>
    <member type="way" ref="1065218274" role=""/>
    <member type="way" ref="679330694" role=""/>
    <member type="way" ref="75687499" role=""/>
    <member type="way" ref="197476980" role=""/>
    <member type="way" ref="234295188" role=""/>
    <member type="way" ref="160532844" role=""/>
    <member type="way" ref="1099987456" role=""/>
    <member type="way" ref="1263399909" role=""/>
    <member type="way" ref="2509158" role=""/>
    <member type="way" ref="1099987457" role=""/>
    <member type="way" ref="603759508" role=""/>
    <member type="way" ref="154540891" role=""/>
    <member type="way" ref="1068477990" role=""/>
    <member type="way" ref="233811586" role=""/>
    <member type="way" ref="603759507" role=""/>
    <member type="way" ref="233811579" role=""/>
    <member type="way" ref="2467171" role=""/>
    <member type="way" ref="4484039" role=""/>
    <member type="way" ref="201733596" role=""/>
    <member type="way" ref="280251141" role=""/>
    <member type="way" ref="233811549" role=""/>
    <member type="way" ref="1207034953" role=""/>
    <member type="way" ref="1207034954" role=""/>
    <member type="way" ref="1207034952" role=""/>
    <member type="way" ref="813749605" role=""/>
    <member type="way" ref="813749601" role=""/>
    <member type="way" ref="156201849" role=""/>
    <member type="way" ref="31324113" role=""/>
    <member type="way" ref="813749604" role=""/>
    <member type="way" ref="1247523487" role=""/>
    <member type="way" ref="372683468" role=""/>
    <member type="way" ref="534087836" role=""/>
    <member type="way" ref="1247523499" role=""/>
    <member type="way" ref="534024689" role=""/>
    <member type="way" ref="199518163" role=""/>
    <member type="way" ref="1247523488" role=""/>
    <member type="way" ref="534024692" role=""/>
    <member type="way" ref="1068477991" role=""/>
    <member type="way" ref="146590618" role=""/>
    <member type="way" ref="1242256465" role=""/>
    <member type="way" ref="199515248" role=""/>
    <member type="way" ref="1105774248" role=""/>
    <member type="way" ref="199515249" role=""/>
    <member type="way" ref="1068478002" role=""/>
    <member type="way" ref="201487146" role=""/>
    <member type="way" ref="199514512" role=""/>
    <member type="way" ref="1068478003" role=""/>
    <member type="way" ref="1242593615" role=""/>
    <member type="way" ref="538314349" role=""/>
    <member type="way" ref="230843110" role=""/>
    <member type="way" ref="202052943" role=""/>
    <member type="way" ref="202052944" role=""/>
    <member type="way" ref="1068478004" role=""/>
    <member type="way" ref="199771388" role=""/>
    <member type="way" ref="1068478005" role=""/>
    <member type="way" ref="199514520" role=""/>
    <member type="way" ref="1068478006" role=""/>
    <member type="way" ref="199771389" role=""/>
    <member type="way" ref="201487428" role=""/>
    <member type="way" ref="243464995" role=""/>
    <member type="way" ref="195209116" role=""/>
    <member type="way" ref="191969345" role=""/>
    <member type="way" ref="23180951" role=""/>
    <member type="way" ref="1141851553" role=""/>
    <member type="way" ref="194508870" role=""/>
    <member type="way" ref="1141851554" role=""/>
    <member type="way" ref="194508904" role=""/>
    <member type="way" ref="23180952" role=""/>
    <member type="way" ref="329553" role=""/>
    <member type="way" ref="329019" role=""/>
    <member type="way" ref="188429707" role=""/>
    <member type="way" ref="188429708" role=""/>
    <member type="way" ref="204347356" role=""/>
    <member type="way" ref="306681245" role=""/>
    <member type="way" ref="329137" role=""/>
    <member type="way" ref="13425108" role=""/>
    <member type="way" ref="1338003634" role=""/>
    <member type="way" ref="1338003635" role=""/>
    <member type="way" ref="853552060" role=""/>
    <member type="way" ref="853552061" role=""/>
    <member type="way" ref="40707919" role=""/>
    <member type="way" ref="40707920" role=""/>
    <member type="way" ref="24755932" role=""/>
    <member type="way" ref="1068584977" role=""/>
    <member type="way" ref="992937845" role=""/>
    <member type="way" ref="1068584978" role=""/>
    <member type="way" ref="992938693" role=""/>
    <member type="way" ref="110459085" role=""/>
    <member type="way" ref="41403605" role=""/>
    <member type="way" ref="220779653" role=""/>
    <member type="way" ref="8181981" role=""/>
    <member type="way" ref="253359434" role=""/>
    <member type="way" ref="360697725" role=""/>
    <member type="way" ref="360697724" role=""/>
    <member type="way" ref="1058239607" role=""/>
    <member type="way" ref="72623953" role=""/>
    <tag k="from" v="Holles Street"/>
    <tag k="name" v="London Buses route 73 → Stoke Newington"/>
    <tag k="network" v="London Buses"/>
    <tag k="network:wikidata" v="Q1192411"/>
    <tag k="network:wikipedia" v="en:London Buses"/>
    <tag k="operator" v="Arriva London"/>
    <tag k="public_transport:version" v="2"/>
    <tag k="ref" v="73"/>
    <tag k="route" v="bus"/>
    <tag k="to" v="Stoke Newington Common"/>
    <tag k="type" v="route"/>
  </relation>
  <relation id="3969854" version="145" timestamp="2024-11-26T14:14:21Z" changeset="159618589" uid="2221355" user="the jim">
    <member type="node" ref="1331900744" role="stop_entry_only"/>
    <member type="node" ref="469781344" role="platform_entry_only"/>
    <member type="node" ref="469765026" role="platform"/>
    <member type="node" ref="469786248" role="platform"/>
    <member type="node" ref="469764177" role="platform"/>
    <member type="node" ref="469781347" role="platform"/>
    <member type="node" ref="469766261" role="platform"/>
    <member type="node" ref="469767678" role="platform"/>
    <member type="node" ref="469777076" role="platform"/>
    <member type="node" ref="4058598916" role="stop"/>
    <member type="node" ref="4058598904" role="stop"/>
    <member type="node" ref="469763122" role="stop"/>
    <member type="node" ref="469774156" role="stop"/>
    <member type="node" ref="469775536" role="stop"/>
    <member type="node" ref="469761292" role="stop"/>
    <member type="node" ref="469768811" role="stop"/>
    <member type="node" ref="469776764" role="stop"/>
    <member type="node" ref="469773300" role="stop"/>
    <member type="node" ref="469759907" role="stop"/>
    <member type="node" ref="3017058638" role="platform"/>
    <member type="node" ref="469759908" role="stop"/>
    <member type="node" ref="3200794995" role="platform"/>
    <member type="node" ref="469777445" role="stop"/>
    <member type="node" ref="3200794992" role="stop"/>
    <member type="node" ref="469761430" role="stop"/>
    <member type="node" ref="427931765" role="stop"/>
    <member type="node" ref="3523544582" role="stop"/>
    <member type="node" ref="4547526149" role="stop"/>
    <member type="node" ref="4544414344" role="stop"/>
    <member type="node" ref="4505496771" role="stop"/>
    <member type="node" ref="469784435" role="stop"/>
    <member type="node" ref="6391776690" role="platform"/>
    <member type="node" ref="6391776691" role="platform"/>
    <member type="node" ref="6391776689" role="platform"/>
    <member type="node" ref="8657219640" role="stop"/>
    <member type="node" ref="4581297847" role="stop_exit_only"/>
    <member type="way" ref="505370071" role=""/>
    <member type="way" ref="992940889" role=""/>
    <member type="way" ref="992940890" role=""/>
    <member type="way" ref="110459086" role=""/>
    <member type="way" ref="1058239603" role=""/>
    <member type="way" ref="565998208" role=""/>
    <member type="way" ref="1068570395" role=""/>
    <member type="way" ref="1068570396" role=""/>
    <member type="way" ref="110459084" role=""/>
    <member type="way" ref="1068584978" role=""/>
    <member type="way" ref="992937845" role=""/>
    <member type="way" ref="1068584977" role=""/>
    <member type="way" ref="24755932" role=""/>
    <member type="way" ref="40707920" role=""/>
    <member type="way" ref="40707919" role=""/>
    <member type="way" ref="853552061" role=""/>
    <member type="way" ref="853552060" role=""/>
    <member type="way" ref="1338003635" role=""/>
    <member type="way" ref="1338003634" role=""/>
    <member type="way" ref="13425108" role=""/>
    <member type="way" ref="329137" role=""/>
    <member type="way" ref="306681245" role=""/>
    <member type="way" ref="230837906" role=""/>
    <member type="way" ref="204347362" role=""/>
    <member type="way" ref="156232231" role=""/>
    <member type="way" ref="403510517" role=""/>
    <member type="way" ref="188429704" role=""/>
    <member type="way" ref="188429703" role=""/>
    <member type="way" ref="188429705" role=""/>
    <member type="way" ref="261116623" role=""/>
    <member type="way" ref="188429706" role=""/>
    <member type="way" ref="329553" role=""/>
    <member type="way" ref="23180952" role=""/>
    <member type="way" ref="194508904" role=""/>
    <member type="way" ref="1141851554" role=""/>
    <member type="way" ref="194508870" role=""/>
    <member type="way" ref="1141851553" role=""/>
    <member type="way" ref="23180951" role=""/>
    <member type="way" ref="191969345" role=""/>
    <member type="way" ref="195209116" role=""/>
    <member type="way" ref="243464995" role=""/>
    <member type="way" ref="201487428" role=""/>
    <member type="way" ref="199771389" role=""/>
    <member type="way" ref="1068478006" role=""/>
    <member type="way" ref="199514520" role=""/>
    <member type="way" ref="1068478005" role=""/>
    <member type="way" ref="199771388" role=""/>
    <member type="way" ref="1068478004" role=""/>
    <member type="way" ref="202052944" role=""/>
    <member type="way" ref="202052943" role=""/>
    <member type="way" ref="230843110" role=""/>
    <member type="way" ref="538314349" role=""/>
    <member type="way" ref="1242593615" role=""/>
    <member type="way" ref="1068478003" role=""/>
    <member type="way" ref="199514512" role=""/>
    <member type="way" ref="201487146" role=""/>
    <member type="way" ref="1068478002" role=""/>
    <member type="way" ref="199515249" role=""/>
    <member type="way" ref="1105774248" role=""/>
    <member type="way" ref="199515248" role=""/>
    <member type="way" ref="1242256465" role=""/>
    <member type="way" ref="146590618" role=""/>
    <member type="way" ref="1068477991" role=""/>
    <member type="way" ref="534024692" role=""/>
    <member type="way" ref="1247523488" role=""/>
    <member type="way" ref="199518163" role=""/>
    <member type="way" ref="534024689" role=""/>
    <member type="way" ref="1247523499" role=""/>
    <member type="way" ref="534087836" role=""/>
    <member type="way" ref="372683468" role=""/>
    <member type="way" ref="1247523487" role=""/>
    <member type="way" ref="813749604" role=""/>
    <member type="way" ref="31324113" role=""/>
    <member type="way" ref="38907609" role=""/>
    <member type="way" ref="1257353510" role=""/>
    <member type="way" ref="1286267890" role=""/>
    <member type="way" ref="210335525" role=""/>
    <member type="way" ref="203982569" role=""/>
    <member type="way" ref="197477212" role=""/>
    <member type="way" ref="1095468502" role=""/>
    <member type="way" ref="203981674" role=""/>
    <member type="way" ref="233811551" role=""/>
    <member type="way" ref="280251144" role=""/>
    <member type="way" ref="48379490" role=""/>
    <member type="way" ref="2467171" role=""/>
    <member type="way" ref="1256523633" role=""/>
    <member type="way" ref="690824735" role=""/>
    <member type="way" ref="1256523628" role=""/>
    <member type="way" ref="1256523634" role=""/>
    <member type="way" ref="1256523635" role=""/>
    <member type="way" ref="41518094" role=""/>
    <member type="way" ref="1263399917" role=""/>
    <member type="way" ref="160532844" role=""/>
    <member type="way" ref="234295188" role=""/>
    <member type="way" ref="197476980" role=""/>
    <member type="way" ref="75687499" role=""/>
    <member type="way" ref="234288791" role=""/>
    <member type="way" ref="679330696" role=""/>
    <member type="way" ref="1209438647" role=""/>
    <member type="way" ref="679330697" role=""/>
    <member type="way" ref="679330700" role=""/>
    <member type="way" ref="197476948" role=""/>
    <member type="way" ref="197476947" role=""/>
    <member type="way" ref="199521016" role=""/>
    <member type="way" ref="197476574" role=""/>
    <member type="way" ref="89991893" role=""/>
    <member type="way" ref="1154366922" role=""/>
    <member type="way" ref="1158978914" role=""/>
    <member type="way" ref="679330699" role=""/>
    <member type="way" ref="1112583430" role=""/>
    <member type="way" ref="234289105" role=""/>
    <member type="way" ref="591922930" role=""/>
    <member type="way" ref="1065218270" role=""/>
    <member type="way" ref="41518097" role=""/>
    <member type="way" ref="591922929" role=""/>
    <member type="way" ref="36814928" role=""/>
    <member type="way" ref="367808661" role=""/>
    <member type="way" ref="367808660" role=""/>
    <member type="way" ref="838391221" role=""/>
    <member type="way" ref="380467036" role=""/>
    <member type="way" ref="61904421" role=""/>
    <member type="way" ref="49932192" role=""/>
    <member type="way" ref="1065258329" role=""/>
    <member type="way" ref="234575099" role=""/>
    <member type="way" ref="838389343" role=""/>
    <member type="way" ref="837448602" role=""/>
    <member type="way" ref="746410873" role=""/>
    <member type="way" ref="38060076" role=""/>
    <member type="way" ref="746410868" role=""/>
    <member type="way" ref="1232962021" role=""/>
    <member type="way" ref="829856839" role=""/>
    <member type="way" ref="829856838" role=""/>
    <member type="way" ref="1112581145" role=""/>
    <member type="way" ref="1112581144" role=""/>
    <member type="way" ref="17513377" role=""/>
    <member type="way" ref="1112581143" role=""/>
    <member type="way" ref="561132267" role=""/>
    <member type="way" ref="17513378" role=""/>
    <member type="way" ref="837448604" role=""/>
    <member type="way" ref="825182593" role=""/>
    <member type="way" ref="746410867" role=""/>
    <member type="way" ref="746410872" role=""/>
    <member type="way" ref="746410870" role=""/>
    <member type="way" ref="825288043" role=""/>
    <member type="way" ref="837448598" role=""/>
    <member type="way" ref="825288054" role=""/>
    <member type="way" ref="746410871" role=""/>
    <member type="way" ref="825288057" role=""/>
    <member type="way" ref="837448601" role=""/>
    <member type="way" ref="825288059" role=""/>
    <member type="way" ref="746410866" role=""/>
    <member type="way" ref="746410875" role=""/>
    <member type="way" ref="311804826" role=""/>
    <member type="way" ref="837448597" role=""/>
    <member type="way" ref="24936218" role=""/>
    <member type="way" ref="1112581135" role=""/>
    <member type="way" ref="1112581134" role=""/>
    <member type="way" ref="1112581136" role=""/>
    <member type="way" ref="881317813" role=""/>
    <member type="way" ref="837448599" role=""/>
    <member type="way" ref="1112581132" role=""/>
    <member type="way" ref="1112581133" role=""/>
    <member type="way" ref="24936216" role=""/>
    <member type="way" ref="825178802" role=""/>
    <member type="way" ref="825178804" role=""/>
    <member type="way" ref="837448595" role=""/>
    <member type="way" ref="49934847" role=""/>
    <member type="way" ref="881317812" role=""/>
    <member type="way" ref="825175712" role=""/>
    <member type="way" ref="235992910" role=""/>
    <member type="way" ref="379356922" role=""/>
    <member type="way" ref="527096914" role=""/>
    <member type="way" ref="1112597547" role=""/>
    <member type="way" ref="1065177556" role=""/>
    <member type="way" ref="1062480575" role=""/>
    <member type="way" ref="1059707542" role=""/>
    <member type="way" ref="1059707545" role=""/>
    <member type="way" ref="316158482" role=""/>
    <member type="way" ref="279154263" role=""/>
    <member type="way" ref="279154306" role=""/>
    <member type="way" ref="279154261" role=""/>
    <member type="way" ref="279154281" role=""/>
    <member type="way" ref="279154278" role=""/>
    <member type="way" ref="685100528" role=""/>
    <member type="way" ref="279154280" role=""/>
    <member type="way" ref="674756318" role=""/>
    <member type="way" ref="685020271" role=""/>
    <member type="way" ref="589640599" role=""/>
    <member type="way" ref="41588174" role=""/>
    <member type="way" ref="303559648" role=""/>
    <member type="way" ref="685020269" role=""/>
    <member type="way" ref="674756319" role=""/>
    <member type="way" ref="996665162" role=""/>
    <member type="way" ref="17929789" role=""/>
    <member type="way" ref="996665163" role=""/>
    <member type="way" ref="913020667" role=""/>
    <member type="way" ref="587317657" role=""/>
    <member type="way" ref="996664292" role=""/>
    <member type="way" ref="996664293" role=""/>
    <member type="way" ref="678745736" role=""/>
    <member type="way" ref="381411919" role=""/>
    <member type="way" ref="303559647" role=""/>
    <member type="way" ref="674795487" role=""/>
    <member type="way" ref="1067635355" role=""/>
    <member type="way" ref="48465026" role=""/>
    <member type="way" ref="48465025" role=""/>
    <member type="way" ref="1271099762" role=""/>
    <member type="way" ref="299682133" role=""/>
    <member type="way" ref="912201551" role=""/>
    <member type="way" ref="264965257" role=""/>
    <member type="way" ref="264965256" role=""/>
    <member type="way" ref="667745342" role=""/>
    <member type="way" ref="1067635356" role=""/>
    <member type="way" ref="299682132" role=""/>
    <member type="way" ref="685020270" role=""/>
    <member type="way" ref="564099715" role=""/>
    <member type="way" ref="101982008" role=""/>
    <member type="way" ref="1065177553" role=""/>
    <member type="way" ref="31039" role=""/>
    <member type="way" ref="33096423" role=""/>
    <member type="way" ref="33096424" role=""/>
    <member type="way" ref="93773949" role=""/>
    <member type="way" ref="972210875" role=""/>
    <member type="way" ref="728793122" role=""/>
    <member type="way" ref="977088265" role=""/>
    <member type="way" ref="746024419" role=""/>
    <member type="way" ref="977088266" role=""/>
    <member type="way" ref="194259717" role=""/>
    <tag k="from" v="Stoke Newington Common"/>
    <tag k="name" v="London Buses route 73 → Oxford Circus"/>
    <tag k="network" v="London Buses"/>
    <tag k="network:wikidata" v="Q1192411"/>
    <tag k="network:wikipedia" v="en:London Buses"/>
    <tag k="operator" v="Arriva London"/>
    <tag k="public_transport:version" v="2"/>
    <tag k="ref" v="73"/>
    <tag k="route" v="bus"/>
    <tag k="to" v="Holles Street"/>
    <tag k="type" v="route"/>
  </relation>
  <relation id="3999998" version="165" timestamp="2024-11-03T19:22:47Z" changeset="158713674" uid="322039" user="MacLondon">
    <member type="node" ref="12304619283" role="stop_entry_only"/>
    <member type="node" ref="469787066" role="platform_entry_only"/>
    <member type="node" ref="10910562939" role="stop"/>
    <member type="node" ref="469773464" role="platform"/>
    <member type="node" ref="220911" role="stop"/>
    <member type="node" ref="469760266" role="platform"/>
    <member type="node" ref="10910562937" role="stop"/>
    <member type="node" ref="469789557" role="platform"/>
    <member type="node" ref="10910562936" role="stop"/>
    <member type="node" ref="469769090" role="platform"/>
    <member type="node" ref="10910562935" role="stop"/>
    <member type="node" ref="469764742" role="platform"/>
    <member type="node" ref="10910562934" role="stop"/>
    <member type="node" ref="469780525" role="platform"/>
    <member type="node" ref="10910562933" role="stop"/>
    <member type="node" ref="3886595832" role="platform"/>
    <member type="node" ref="10910562932" role="stop"/>
    <member type="node" ref="469761371" role="platform"/>
    <member type="node" ref="3980609082" role="stop"/>
    <member type="node" ref="469768627" role="platform"/>
    <member type="node" ref="10910530389" role="stop"/>
    <member type="node" ref="469780499" role="platform"/>
    <member type="node" ref="10910562931" role="stop"/>
    <member type="node" ref="469761450" role="platform"/>
    <member type="node" ref="199492" role="stop"/>
    <member type="node" ref="469786571" role="platform"/>
    <member type="node" ref="4037464682" role="stop"/>
    <member type="node" ref="469762150" role="platform"/>
    <member type="node" ref="4037464684" role="stop"/>
    <member type="node" ref="469786573" role="platform"/>
    <member type="node" ref="4796120082" role="stop"/>
    <member type="node" ref="469760144" role="platform"/>
    <member type="node" ref="4037464686" role="stop"/>
    <member type="node" ref="469769351" role="platform"/>
    <member type="node" ref="186243156" role="stop"/>
    <member type="node" ref="469764786" role="platform"/>
    <member type="node" ref="4665582611" role="stop"/>
    <member type="node" ref="469771597" role="platform"/>
    <member type="node" ref="10910562930" role="stop"/>
    <member type="node" ref="469771483" role="platform"/>
    <member type="node" ref="6208372704" role="stop"/>
    <member type="node" ref="469766223" role="platform"/>
    <member type="node" ref="10910562929" role="stop"/>
    <member type="node" ref="469772745" role="platform"/>
    <member type="node" ref="10910562928" role="stop"/>
    <member type="node" ref="469786543" role="platform"/>
    <member type="node" ref="10910562927" role="stop"/>
    <member type="node" ref="469764281" role="platform"/>
    <member type="node" ref="10910562926" role="stop"/>
    <member type="node" ref="469765192" role="platform"/>
    <member type="node" ref="10910562925" role="stop"/>
    <member type="node" ref="469779699" role="platform"/>
    <member type="node" ref="10910562924" role="stop"/>
    <member type="node" ref="469779367" role="platform"/>
    <member type="node" ref="10910562923" role="stop"/>
    <member type="node" ref="469761214" role="platform"/>
    <member type="node" ref="293390294" role="stop"/>
    <member type="node" ref="469760046" role="platform"/>
    <member type="node" ref="389475763" role="stop"/>
    <member type="node" ref="469778496" role="platform"/>
    <member type="node" ref="10908805743" role="stop"/>
    <member type="node" ref="469760434" role="platform"/>
    <member type="node" ref="469780601" role="stop"/>
    <member type="node" ref="5388476100" role="platform"/>
    <member type="node" ref="10906176795" role="stop"/>
    <member type="node" ref="469776973" role="platform"/>
    <member type="node" ref="4543005962" role="stop"/>
    <member type="node" ref="469786519" role="platform"/>
    <member type="node" ref="10910562922" role="stop"/>
    <member type="node" ref="6391776690" role="platform"/>
    <member type="node" ref="10910562921" role="stop"/>
    <member type="node" ref="6391776691" role="platform"/>
    <member type="node" ref="3519133221" role="stop"/>
    <member type="node" ref="6391776689" role="platform"/>
    <member type="node" ref="5364578863" role="stop"/>
    <member type="node" ref="469765157" role="platform"/>
    <member type="node" ref="5364578862" role="stop"/>
    <member type="node" ref="469760975" role="platform"/>
    <member type="node" ref="5364578859" role="stop"/>
    <member type="node" ref="469787722" role="platform"/>
    <member type="node" ref="3810553691" role="stop_exit_only"/>
    <member type="node" ref="469782072" role="platform_exit_only"/>
    <member type="way" ref="1329917787" role=""/>
    <member type="way" ref="1329917809" role=""/>
    <member type="way" ref="1329927049" role=""/>
    <member type="way" ref="1329917784" role=""/>
    <member type="way" ref="1329917790" role=""/>
    <member type="way" ref="181418580" role=""/>
    <member type="way" ref="181418579" role=""/>
    <member type="way" ref="1330071335" role=""/>
    <member type="way" ref="1330071336" role=""/>
    <member type="way" ref="670850342" role=""/>
    <member type="way" ref="374591660" role=""/>
    <member type="way" ref="214190589" role=""/>
    <member type="way" ref="856077074" role=""/>
    <member type="way" ref="856077077" role=""/>
    <member type="way" ref="374591653" role=""/>
    <member type="way" ref="217567207" role=""/>
    <member type="way" ref="1072612947" role=""/>
    <member type="way" ref="670851103" role=""/>
    <member type="way" ref="1189426386" role=""/>
    <member type="way" ref="4945349" role=""/>
    <member type="way" ref="1072612946" role=""/>
    <member type="way" ref="1072612945" role=""/>
    <member type="way" ref="1287985081" role=""/>
    <member type="way" ref="1072612944" role=""/>
    <member type="way" ref="448212435" role=""/>
    <member type="way" ref="217567209" role=""/>
    <member type="way" ref="1072612943" role=""/>
    <member type="way" ref="217567211" role=""/>
    <member type="way" ref="1072612942" role=""/>
    <member type="way" ref="854788569" role=""/>
    <member type="way" ref="1067663280" role=""/>
    <member type="way" ref="1067663281" role=""/>
    <member type="way" ref="1067663282" role=""/>
    <member type="way" ref="1067663283" role=""/>
    <member type="way" ref="1067663284" role=""/>
    <member type="way" ref="1067663285" role=""/>
    <member type="way" ref="1067663286" role=""/>
    <member type="way" ref="1067663287" role=""/>
    <member type="way" ref="1067663288" role=""/>
    <member type="way" ref="1067663289" role=""/>
    <member type="way" ref="1067663290" role=""/>
    <member type="way" ref="1067663291" role=""/>
    <member type="way" ref="1067663292" role=""/>
    <member type="way" ref="1067663293" role=""/>
    <member type="way" ref="1067663294" role=""/>
    <member type="way" ref="1067663295" role=""/>
    <member type="way" ref="854788576" role=""/>
    <member type="way" ref="1253230245" role=""/>
    <member type="way" ref="854788580" role=""/>
    <member type="way" ref="854788574" role=""/>
    <member type="way" ref="395163015" role=""/>
    <member type="way" ref="1245260244" role=""/>
    <member type="way" ref="1245325561" role=""/>
    <member type="way" ref="854780834" role=""/>
    <member type="way" ref="856173576" role=""/>
    <member type="way" ref="856173575" role=""/>
    <member type="way" ref="948569497" role=""/>
    <member type="way" ref="951591379" role=""/>
    <member type="way" ref="951591380" role=""/>
    <member type="way" ref="948569498" role=""/>
    <member type="way" ref="2535606" role=""/>
    <member type="way" ref="46024661" role=""/>
    <member type="way" ref="4986670" role=""/>
    <member type="way" ref="948569496" role=""/>
    <member type="way" ref="948569495" role=""/>
    <member type="way" ref="948569494" role=""/>
    <member type="way" ref="948569493" role=""/>
    <member type="way" ref="948569492" role=""/>
    <member type="way" ref="948569491" role=""/>
    <member type="way" ref="948569490" role=""/>
    <member type="way" ref="948653740" role=""/>
    <member type="way" ref="616795343" role=""/>
    <member type="way" ref="948653741" role=""/>
    <member type="way" ref="948653742" role=""/>
    <member type="way" ref="951331580" role=""/>
    <member type="way" ref="210325475" role=""/>
    <member type="way" ref="951591382" role=""/>
    <member type="way" ref="401308655" role=""/>
    <member type="way" ref="255664864" role=""/>
    <member type="way" ref="616795342" role=""/>
    <member type="way" ref="210328032" role=""/>
    <member type="way" ref="210328033" role=""/>
    <member type="way" ref="94193354" role=""/>
    <member type="way" ref="185502274" role=""/>
    <member type="way" ref="401308659" role=""/>
    <member type="way" ref="1064367031" role=""/>
    <member type="way" ref="94193337" role=""/>
    <member type="way" ref="43585224" role=""/>
    <member type="way" ref="43585225" role=""/>
    <member type="way" ref="1182143434" role=""/>
    <member type="way" ref="47009069" role=""/>
    <member type="way" ref="667932992" role=""/>
    <member type="way" ref="1182143433" role=""/>
    <member type="way" ref="1182143432" role=""/>
    <member type="way" ref="1182143431" role=""/>
    <member type="way" ref="667932995" role=""/>
    <member type="way" ref="1169696422" role=""/>
    <member type="way" ref="47009149" role=""/>
    <member type="way" ref="1128368793" role=""/>
    <member type="way" ref="2624008" role=""/>
    <member type="way" ref="1219872314" role=""/>
    <member type="way" ref="1128368792" role=""/>
    <member type="way" ref="1064367030" role=""/>
    <member type="way" ref="1128352691" role=""/>
    <member type="way" ref="210321007" role=""/>
    <member type="way" ref="1211276411" role=""/>
    <member type="way" ref="210322343" role=""/>
    <member type="way" ref="239268119" role=""/>
    <member type="way" ref="1128352683" role=""/>
    <member type="way" ref="1211276412" role=""/>
    <member type="way" ref="239268116" role=""/>
    <member type="way" ref="1128352684" role=""/>
    <member type="way" ref="1128352685" role=""/>
    <member type="way" ref="1128352686" role=""/>
    <member type="way" ref="1128352687" role=""/>
    <member type="way" ref="1128352688" role=""/>
    <member type="way" ref="1128352694" role=""/>
    <member type="way" ref="1182853554" role=""/>
    <member type="way" ref="1128352695" role=""/>
    <member type="way" ref="1128352696" role=""/>
    <member type="way" ref="1128352697" role=""/>
    <member type="way" ref="239268118" role=""/>
    <member type="way" ref="259918585" role=""/>
    <member type="way" ref="1128352698" role=""/>
    <member type="way" ref="1128352699" role=""/>
    <member type="way" ref="1130517552" role=""/>
    <member type="way" ref="1128352701" role=""/>
    <member type="way" ref="2624007" role=""/>
    <member type="way" ref="1128116458" role=""/>
    <member type="way" ref="1128352702" role=""/>
    <member type="way" ref="239268117" role=""/>
    <member type="way" ref="1205357956" role=""/>
    <member type="way" ref="1128352706" role=""/>
    <member type="way" ref="828620490" role=""/>
    <member type="way" ref="61904424" role=""/>
    <member type="way" ref="1215192400" role=""/>
    <member type="way" ref="1064384199" role=""/>
    <member type="way" ref="828620488" role=""/>
    <member type="way" ref="1128116457" role=""/>
    <member type="way" ref="1128116456" role=""/>
    <member type="way" ref="1130517553" role=""/>
    <member type="way" ref="723904028" role=""/>
    <member type="way" ref="1064384198" role=""/>
    <member type="way" ref="1130517556" role=""/>
    <member type="way" ref="1130517555" role=""/>
    <member type="way" ref="1229195336" role=""/>
    <member type="way" ref="1128361267" role=""/>
    <member type="way" ref="1128361268" role=""/>
    <member type="way" ref="1130517558" role=""/>
    <member type="way" ref="246017141" role=""/>
    <member type="way" ref="1130517562" role=""/>
    <member type="way" ref="1130517560" role=""/>
    <member type="way" ref="1130517561" role=""/>
    <member type="way" ref="1128360287" role=""/>
    <member type="way" ref="1262141759" role=""/>
    <member type="way" ref="39188797" role=""/>
    <member type="way" ref="1128360288" role=""/>
    <member type="way" ref="1064384196" role=""/>
    <member type="way" ref="1226726182" role=""/>
    <member type="way" ref="39188793" role=""/>
    <member type="way" ref="1130517566" role=""/>
    <member type="way" ref="1130517567" role=""/>
    <member type="way" ref="1127405489" role=""/>
    <member type="way" ref="1130517568" role=""/>
    <member type="way" ref="224181528" role=""/>
    <member type="way" ref="663246995" role=""/>
    <member type="way" ref="253359887" role=""/>
    <member type="way" ref="224181525" role=""/>
    <member type="way" ref="224180983" role=""/>
    <member type="way" ref="224180988" role=""/>
    <member type="way" ref="224181625" role=""/>
    <member type="way" ref="1064384186" role=""/>
    <member type="way" ref="1064384187" role=""/>
    <member type="way" ref="224180985" role=""/>
    <member type="way" ref="224181623" role=""/>
    <member type="way" ref="224181624" role=""/>
    <member type="way" ref="224182172" role=""/>
    <member type="way" ref="49707461" role=""/>
    <member type="way" ref="82566810" role=""/>
    <member type="way" ref="224182170" role=""/>
    <member type="way" ref="1069301612" role=""/>
    <member type="way" ref="2624003" role=""/>
    <member type="way" ref="1064895264" role=""/>
    <member type="way" ref="1064895263" role=""/>
    <member type="way" ref="224184412" role=""/>
    <member type="way" ref="49706311" role=""/>
    <member type="way" ref="224184406" role=""/>
    <member type="way" ref="224184403" role=""/>
    <member type="way" ref="224184409" role=""/>
    <member type="way" ref="253356188" role=""/>
    <member type="way" ref="253356189" role=""/>
    <member type="way" ref="331073466" role=""/>
    <member type="way" ref="758888959" role=""/>
    <member type="way" ref="47048977" role=""/>
    <member type="way" ref="758888958" role=""/>
    <member type="way" ref="48379511" role=""/>
    <member type="way" ref="140635085" role=""/>
    <member type="way" ref="48379510" role=""/>
    <member type="way" ref="253360359" role=""/>
    <member type="way" ref="51954143" role=""/>
    <member type="way" ref="47048979" role=""/>
    <member type="way" ref="1069301602" role=""/>
    <member type="way" ref="1069301601" role=""/>
    <member type="way" ref="253360360" role=""/>
    <member type="way" ref="4367360" role=""/>
    <member type="way" ref="586649845" role=""/>
    <member type="way" ref="211950233" role=""/>
    <member type="way" ref="1074324493" role=""/>
    <member type="way" ref="586151544" role=""/>
    <member type="way" ref="1074324494" role=""/>
    <member type="way" ref="41383226" role=""/>
    <member type="way" ref="237414591" role=""/>
    <member type="way" ref="4680883" role=""/>
    <member type="way" ref="396325643" role=""/>
    <member type="way" ref="396325642" role=""/>
    <member type="way" ref="211956502" role=""/>
    <member type="way" ref="8591250" role=""/>
    <member type="way" ref="4680851" role=""/>
    <member type="way" ref="26781036" role=""/>
    <member type="way" ref="1221761910" role=""/>
    <member type="way" ref="1305477373" role=""/>
    <member type="way" ref="823011291" role=""/>
    <member type="way" ref="107190663" role=""/>
    <member type="way" ref="694352948" role=""/>
    <member type="way" ref="1305477374" role=""/>
    <member type="way" ref="1274293169" role=""/>
    <member type="way" ref="139291982" role=""/>
    <member type="way" ref="1232168831" role=""/>
    <member type="way" ref="816032227" role=""/>
    <member type="way" ref="122056180" role=""/>
    <member type="way" ref="224187706" role=""/>
    <member type="way" ref="1220850245" role=""/>
    <member type="way" ref="122056182" role=""/>
    <member type="way" ref="1065258314" role=""/>
    <member type="way" ref="224187822" role=""/>
    <member type="way" ref="542829556" role=""/>
    <member type="way" ref="842037663" role=""/>
    <member type="way" ref="823014694" role=""/>
    <member type="way" ref="542829550" role=""/>
    <member type="way" ref="18309856" role=""/>
    <member type="way" ref="823014695" role=""/>
    <member type="way" ref="224187819" role=""/>
    <member type="way" ref="823014693" role=""/>
    <member type="way" ref="823014696" role=""/>
    <member type="way" ref="224187818" role=""/>
    <member type="way" ref="1065258313" role=""/>
    <member type="way" ref="800368765" role=""/>
    <member type="way" ref="800368764" role=""/>
    <member type="way" ref="823014690" role=""/>
    <member type="way" ref="1220936827" role=""/>
    <member type="way" ref="823014691" role=""/>
    <member type="way" ref="823014697" role=""/>
    <member type="way" ref="841063098" role=""/>
    <member type="way" ref="817022210" role=""/>
    <member type="way" ref="817022211" role=""/>
    <member type="way" ref="207529550" role=""/>
    <member type="way" ref="1220936828" role=""/>
    <member type="way" ref="1272580385" role=""/>
    <member type="way" ref="842037662" role=""/>
    <member type="way" ref="1272580384" role=""/>
    <member type="way" ref="1220936829" role=""/>
    <member type="way" ref="817019468" role=""/>
    <member type="way" ref="207529549" role=""/>
    <member type="way" ref="1220936830" role=""/>
    <member type="way" ref="817019467" role=""/>
    <member type="way" ref="1220936831" role=""/>
    <member type="way" ref="817019469" role=""/>
    <member type="way" ref="116974799" role=""/>
    <member type="way" ref="1220936832" role=""/>
    <member type="way" ref="840009278" role=""/>
    <member type="way" ref="817019466" role=""/>
    <member type="way" ref="817019465" role=""/>
    <member type="way" ref="817019464" role=""/>
    <member type="way" ref="605078472" role=""/>
    <member type="way" ref="817019470" role=""/>
    <member type="way" ref="279154275" role=""/>
    <member type="way" ref="527125967" role=""/>
    <member type="way" ref="279154279" role=""/>
    <member type="way" ref="279154281" role=""/>
    <member type="way" ref="279154278" role=""/>
    <member type="way" ref="685100528" role=""/>
    <member type="way" ref="279154280" role=""/>
    <member type="way" ref="674756318" role=""/>
    <member type="way" ref="685020271" role=""/>
    <member type="way" ref="589640599" role=""/>
    <member type="way" ref="41588174" role=""/>
    <member type="way" ref="303559648" role=""/>
    <member type="way" ref="685020269" role=""/>
    <member type="way" ref="674756319" role=""/>
    <member type="way" ref="996665162" role=""/>
    <member type="way" ref="17929789" role=""/>
    <member type="way" ref="996665163" role=""/>
    <member type="way" ref="913020667" role=""/>
    <member type="way" ref="587317657" role=""/>
    <member type="way" ref="996664292" role=""/>
    <member type="way" ref="996664293" role=""/>
    <member type="way" ref="678745736" role=""/>
    <member type="way" ref="381411919" role=""/>
    <member type="way" ref="303559647" role=""/>
    <member type="way" ref="674795487" role=""/>
    <member type="way" ref="1067635355" role=""/>
    <member type="way" ref="48465026" role=""/>
    <member type="way" ref="48465025" role=""/>
    <member type="way" ref="1271099762" role=""/>
    <member type="way" ref="299682133" role=""/>
    <member type="way" ref="912201551" role=""/>
    <member type="way" ref="264965257" role=""/>
    <member type="way" ref="264965256" role=""/>
    <member type="way" ref="667745342" role=""/>
    <member type="way" ref="1067635356" role=""/>
    <member type="way" ref="299682132" role=""/>
    <member type="way" ref="685020270" role=""/>
    <member type="way" ref="564099715" role=""/>
    <member type="way" ref="101982008" role=""/>
    <member type="way" ref="1065177553" role=""/>
    <member type="way" ref="31039" role=""/>
    <member type="way" ref="1049590080" role=""/>
    <member type="way" ref="315631030" role=""/>
    <member type="way" ref="293637093" role=""/>
    <member type="way" ref="233075058" role=""/>
    <member type="way" ref="116615382" role=""/>
    <member type="way" ref="1049590470" role=""/>
    <member type="way" ref="242166996" role=""/>
    <member type="way" ref="1049590471" role=""/>
    <member type="way" ref="628429131" role=""/>
    <member type="way" ref="628429129" role=""/>
    <member type="way" ref="271816293" role=""/>
    <member type="way" ref="5003469" role=""/>
    <member type="way" ref="585785135" role=""/>
    <member type="way" ref="4382814" role=""/>
    <member type="way" ref="4382813" role=""/>
    <member type="way" ref="4082596" role=""/>
    <member type="way" ref="49798450" role=""/>
    <member type="way" ref="49798167" role=""/>
    <member type="way" ref="647037416" role=""/>
    <member type="way" ref="647037415" role=""/>
    <member type="way" ref="647037414" role=""/>
    <member type="way" ref="267213248" role=""/>
    <member type="way" ref="267213404" role=""/>
    <tag k="from" v="Lordship Lane"/>
    <tag k="name" v="London Buses route 29 → Trafalgar Square"/>
    <tag k="network" v="London Buses"/>
    <tag k="network:wikidata" v="Q1192411"/>
    <tag k="network:wikipedia" v="en:London Buses"/>
    <tag k="operator" v="Arriva London"/>
    <tag k="public_transport:version" v="2"/>
    <tag k="ref" v="29"/>
    <tag k="route" v="bus"/>
    <tag k="to" v="Trafalgar Square / Charing Cross Station"/>
    <tag k="type" v="route"/>
  </relation>
  <relation id="3999999" version="152" timestamp="2024-11-02T01:19:30Z" changeset="158642402" uid="1965131" user="urbigenous">
    <member type="node" ref="3810553690" role="stop_entry_only"/>
    <member type="node" ref="469782071" role="platform_entry_only"/>
    <member type="node" ref="5364578860" role="stop"/>
    <member type="node" ref="469760974" role="platform"/>
    <member type="node" ref="5364578865" role="stop"/>
    <member type="node" ref="469765159" role="platform"/>
    <member type="node" ref="5364578866" role="stop"/>
    <member type="node" ref="469765156" role="platform"/>
    <member type="node" ref="5434424322" role="stop"/>
    <member type="node" ref="469760233" role="platform"/>
    <member type="node" ref="5440856682" role="stop"/>
    <member type="node" ref="469760182" role="platform"/>
    <member type="node" ref="4543005956" role="stop"/>
    <member type="node" ref="469760370" role="platform"/>
    <member type="node" ref="4543005964" role="stop"/>
    <member type="node" ref="469760368" role="platform"/>
    <member type="node" ref="10906418673" role="stop"/>
    <member type="node" ref="469776972" role="platform"/>
    <member type="node" ref="10906418672" role="stop"/>
    <member type="node" ref="469760433" role="platform"/>
    <member type="node" ref="10906418671" role="stop"/>
    <member type="node" ref="469765190" role="platform"/>
    <member type="node" ref="5678978839" role="stop"/>
    <member type="node" ref="469786514" role="platform"/>
    <member type="node" ref="10910530399" role="stop"/>
    <member type="node" ref="469760044" role="platform"/>
    <member type="node" ref="10910530398" role="stop"/>
    <member type="node" ref="469761215" role="platform"/>
    <member type="node" ref="10910530397" role="stop"/>
    <member type="node" ref="469780554" role="platform"/>
    <member type="node" ref="10910530396" role="stop"/>
    <member type="node" ref="469779364" role="platform"/>
    <member type="node" ref="10910530395" role="stop"/>
    <member type="node" ref="469779698" role="platform"/>
    <member type="node" ref="10910530394" role="stop"/>
    <member type="node" ref="469765191" role="platform"/>
    <member type="node" ref="10910530393" role="stop"/>
    <member type="node" ref="469764280" role="platform"/>
    <member type="node" ref="10910530392" role="stop"/>
    <member type="node" ref="469786542" role="platform"/>
    <member type="node" ref="10910530391" role="stop"/>
    <member type="node" ref="469771259" role="platform"/>
    <member type="node" ref="6208372703" role="stop"/>
    <member type="node" ref="469765633" role="platform"/>
    <member type="node" ref="10910530390" role="stop"/>
    <member type="node" ref="469771476" role="platform"/>
    <member type="node" ref="4665582609" role="stop"/>
    <member type="node" ref="469771478" role="platform"/>
    <member type="node" ref="4665582608" role="stop"/>
    <member type="node" ref="469771594" role="platform"/>
    <member type="node" ref="2204070118" role="stop"/>
    <member type="node" ref="469768056" role="platform"/>
    <member type="node" ref="4665582604" role="stop"/>
    <member type="node" ref="469760146" role="platform"/>
    <member type="node" ref="4796120083" role="stop"/>
    <member type="node" ref="469760143" role="platform"/>
    <member type="node" ref="4037464685" role="stop"/>
    <member type="node" ref="469786572" role="platform"/>
    <member type="node" ref="4037464683" role="stop"/>
    <member type="node" ref="469762149" role="platform"/>
    <member type="node" ref="4037464687" role="stop"/>
    <member type="node" ref="469761449" role="platform"/>
    <member type="node" ref="10910530389" role="stop"/>
    <member type="node" ref="469780500" role="platform"/>
    <member type="node" ref="3980609081" role="stop"/>
    <member type="node" ref="469771957" role="platform"/>
    <member type="node" ref="10910530388" role="stop"/>
    <member type="node" ref="469761370" role="platform"/>
    <member type="node" ref="10910530387" role="stop"/>
    <member type="node" ref="469774200" role="platform"/>
    <member type="node" ref="10910530386" role="stop"/>
    <member type="node" ref="469780524" role="platform"/>
    <member type="node" ref="10910530385" role="stop"/>
    <member type="node" ref="469764741" role="platform"/>
    <member type="node" ref="10910530384" role="stop"/>
    <member type="node" ref="469769086" role="platform"/>
    <member type="node" ref="10910530383" role="stop"/>
    <member type="node" ref="3886595833" role="platform"/>
    <member type="node" ref="10910530382" role="stop"/>
    <member type="node" ref="469760269" role="platform"/>
    <member type="node" ref="4921423429" role="stop_exit_only"/>
    <member type="node" ref="469786780" role="platform_exit_only"/>
    <member type="way" ref="480094742" role=""/>
    <member type="way" ref="267213537" role=""/>
    <member type="way" ref="267213403" role=""/>
    <member type="way" ref="647037414" role=""/>
    <member type="way" ref="647037415" role=""/>
    <member type="way" ref="647037416" role=""/>
    <member type="way" ref="49798167" role=""/>
    <member type="way" ref="49798450" role=""/>
    <member type="way" ref="4082596" role=""/>
    <member type="way" ref="4382813" role=""/>
    <member type="way" ref="4382814" role=""/>
    <member type="way" ref="585785135" role=""/>
    <member type="way" ref="5003469" role=""/>
    <member type="way" ref="271816293" role=""/>
    <member type="way" ref="264966078" role=""/>
    <member type="way" ref="628429131" role=""/>
    <member type="way" ref="1049590471" role=""/>
    <member type="way" ref="242166996" role=""/>
    <member type="way" ref="1049590470" role=""/>
    <member type="way" ref="116615382" role=""/>
    <member type="way" ref="233075058" role=""/>
    <member type="way" ref="293637093" role=""/>
    <member type="way" ref="315631030" role=""/>
    <member type="way" ref="1049590080" role=""/>
    <member type="way" ref="31039" role=""/>
    <member type="way" ref="1065177553" role=""/>
    <member type="way" ref="101982008" role=""/>
    <member type="way" ref="564099715" role=""/>
    <member type="way" ref="685020270" role=""/>
    <member type="way" ref="299682132" role=""/>
    <member type="way" ref="1067635356" role=""/>
    <member type="way" ref="667745342" role=""/>
    <member type="way" ref="264965256" role=""/>
    <member type="way" ref="264965257" role=""/>
    <member type="way" ref="912201551" role=""/>
    <member type="way" ref="299682133" role=""/>
    <member type="way" ref="1271099762" role=""/>
    <member type="way" ref="48465025" role=""/>
    <member type="way" ref="48465026" role=""/>
    <member type="way" ref="1067635355" role=""/>
    <member type="way" ref="674795487" role=""/>
    <member type="way" ref="303559647" role=""/>
    <member type="way" ref="381411919" role=""/>
    <member type="way" ref="678745736" role=""/>
    <member type="way" ref="996664293" role=""/>
    <member type="way" ref="996664292" role=""/>
    <member type="way" ref="587317657" role=""/>
    <member type="way" ref="913020667" role=""/>
    <member type="way" ref="996665163" role=""/>
    <member type="way" ref="17929789" role=""/>
    <member type="way" ref="996665162" role=""/>
    <member type="way" ref="674756319" role=""/>
    <member type="way" ref="685020269" role=""/>
    <member type="way" ref="303559648" role=""/>
    <member type="way" ref="41588174" role=""/>
    <member type="way" ref="589640599" role=""/>
    <member type="way" ref="685020271" role=""/>
    <member type="way" ref="674756318" role=""/>
    <member type="way" ref="279154280" role=""/>
    <member type="way" ref="1264391400" role=""/>
    <member type="way" ref="1264391401" role=""/>
    <member type="way" ref="1264391402" role=""/>
    <member type="way" ref="1264391403" role=""/>
    <member type="way" ref="1264391404" role=""/>
    <member type="way" ref="184817705" role=""/>
    <member type="way" ref="279154283" role=""/>
    <member type="way" ref="817019464" role=""/>
    <member type="way" ref="817019465" role=""/>
    <member type="way" ref="817019466" role=""/>
    <member type="way" ref="840009278" role=""/>
    <member type="way" ref="1220936832" role=""/>
    <member type="way" ref="116974799" role=""/>
    <member type="way" ref="817019469" role=""/>
    <member type="way" ref="1220936831" role=""/>
    <member type="way" ref="817019467" role=""/>
    <member type="way" ref="1220936830" role=""/>
    <member type="way" ref="207529549" role=""/>
    <member type="way" ref="817019468" role=""/>
    <member type="way" ref="1220936829" role=""/>
    <member type="way" ref="1272580384" role=""/>
    <member type="way" ref="842037662" role=""/>
    <member type="way" ref="1272580385" role=""/>
    <member type="way" ref="1220936828" role=""/>
    <member type="way" ref="207529550" role=""/>
    <member type="way" ref="817022211" role=""/>
    <member type="way" ref="817022210" role=""/>
    <member type="way" ref="841063098" role=""/>
    <member type="way" ref="823014697" role=""/>
    <member type="way" ref="823014691" role=""/>
    <member type="way" ref="1220936827" role=""/>
    <member type="way" ref="823014690" role=""/>
    <member type="way" ref="800368764" role=""/>
    <member type="way" ref="800368765" role=""/>
    <member type="way" ref="1065258313" role=""/>
    <member type="way" ref="224187818" role=""/>
    <member type="way" ref="823014696" role=""/>
    <member type="way" ref="823014693" role=""/>
    <member type="way" ref="224187819" role=""/>
    <member type="way" ref="823014695" role=""/>
    <member type="way" ref="18309856" role=""/>
    <member type="way" ref="542829550" role=""/>
    <member type="way" ref="9195648" role=""/>
    <member type="way" ref="823014692" role=""/>
    <member type="way" ref="224187822" role=""/>
    <member type="way" ref="1065258314" role=""/>
    <member type="way" ref="122056182" role=""/>
    <member type="way" ref="542829553" role=""/>
    <member type="way" ref="842036425" role=""/>
    <member type="way" ref="9195645" role=""/>
    <member type="way" ref="224187909" role=""/>
    <member type="way" ref="224188123" role=""/>
    <member type="way" ref="1238214140" role=""/>
    <member type="way" ref="842037664" role=""/>
    <member type="way" ref="224188581" role=""/>
    <member type="way" ref="1231955004" role=""/>
    <member type="way" ref="1225463816" role=""/>
    <member type="way" ref="727187706" role=""/>
    <member type="way" ref="4257245" role=""/>
    <member type="way" ref="220412585" role=""/>
    <member type="way" ref="211959862" role=""/>
    <member type="way" ref="224188584" role=""/>
    <member type="way" ref="1026246644" role=""/>
    <member type="way" ref="211956502" role=""/>
    <member type="way" ref="396325642" role=""/>
    <member type="way" ref="211956507" role=""/>
    <member type="way" ref="2372075" role=""/>
    <member type="way" ref="51960889" role=""/>
    <member type="way" ref="1067121888" role=""/>
    <member type="way" ref="168107143" role=""/>
    <member type="way" ref="226098089" role=""/>
    <member type="way" ref="930446026" role=""/>
    <member type="way" ref="38748146" role=""/>
    <member type="way" ref="253360360" role=""/>
    <member type="way" ref="1069301601" role=""/>
    <member type="way" ref="1069301602" role=""/>
    <member type="way" ref="47048979" role=""/>
    <member type="way" ref="51954143" role=""/>
    <member type="way" ref="253360359" role=""/>
    <member type="way" ref="48379510" role=""/>
    <member type="way" ref="140635085" role=""/>
    <member type="way" ref="48379511" role=""/>
    <member type="way" ref="758888958" role=""/>
    <member type="way" ref="47048977" role=""/>
    <member type="way" ref="758888959" role=""/>
    <member type="way" ref="331073466" role=""/>
    <member type="way" ref="253356189" role=""/>
    <member type="way" ref="253356188" role=""/>
    <member type="way" ref="224184409" role=""/>
    <member type="way" ref="224184403" role=""/>
    <member type="way" ref="224184406" role=""/>
    <member type="way" ref="49706311" role=""/>
    <member type="way" ref="224184412" role=""/>
    <member type="way" ref="1064895263" role=""/>
    <member type="way" ref="1064895264" role=""/>
    <member type="way" ref="2624003" role=""/>
    <member type="way" ref="1069301612" role=""/>
    <member type="way" ref="224182170" role=""/>
    <member type="way" ref="82566810" role=""/>
    <member type="way" ref="49707461" role=""/>
    <member type="way" ref="224182172" role=""/>
    <member type="way" ref="224181624" role=""/>
    <member type="way" ref="224181623" role=""/>
    <member type="way" ref="224180985" role=""/>
    <member type="way" ref="1064384187" role=""/>
    <member type="way" ref="1064384186" role=""/>
    <member type="way" ref="224181625" role=""/>
    <member type="way" ref="224180984" role=""/>
    <member type="way" ref="1097201004" role=""/>
    <member type="way" ref="224180986" role=""/>
    <member type="way" ref="1064384188" role=""/>
    <member type="way" ref="1128114464" role=""/>
    <member type="way" ref="1128114465" role=""/>
    <member type="way" ref="663246992" role=""/>
    <member type="way" ref="1064384189" role=""/>
    <member type="way" ref="1064384191" role=""/>
    <member type="way" ref="1064384190" role=""/>
    <member type="way" ref="1128114468" role=""/>
    <member type="way" ref="1128114466" role=""/>
    <member type="way" ref="38809713" role=""/>
    <member type="way" ref="1064384192" role=""/>
    <member type="way" ref="1064384193" role=""/>
    <member type="way" ref="1128354473" role=""/>
    <member type="way" ref="1127405490" role=""/>
    <member type="way" ref="1128114470" role=""/>
    <member type="way" ref="1130423852" role=""/>
    <member type="way" ref="253359701" role=""/>
    <member type="way" ref="1130423851" role=""/>
    <member type="way" ref="1128354476" role=""/>
    <member type="way" ref="1128354475" role=""/>
    <member type="way" ref="172676615" role=""/>
    <member type="way" ref="38809716" role=""/>
    <member type="way" ref="1128354479" role=""/>
    <member type="way" ref="1128354477" role=""/>
    <member type="way" ref="1128354478" role=""/>
    <member type="way" ref="1130423853" role=""/>
    <member type="way" ref="1130423854" role=""/>
    <member type="way" ref="1130423855" role=""/>
    <member type="way" ref="1130423856" role=""/>
    <member type="way" ref="1130423858" role=""/>
    <member type="way" ref="1130423859" role=""/>
    <member type="way" ref="1171800313" role=""/>
    <member type="way" ref="1130423860" role=""/>
    <member type="way" ref="1130423862" role=""/>
    <member type="way" ref="1130423861" role=""/>
    <member type="way" ref="1130423864" role=""/>
    <member type="way" ref="210324553" role=""/>
    <member type="way" ref="1130423865" role=""/>
    <member type="way" ref="1182143425" role=""/>
    <member type="way" ref="1182143426" role=""/>
    <member type="way" ref="164587410" role=""/>
    <member type="way" ref="828621640" role=""/>
    <member type="way" ref="61904423" role=""/>
    <member type="way" ref="1128359702" role=""/>
    <member type="way" ref="1182143427" role=""/>
    <member type="way" ref="1130423871" role=""/>
    <member type="way" ref="210324432" role=""/>
    <member type="way" ref="1128359701" role=""/>
    <member type="way" ref="1128359700" role=""/>
    <member type="way" ref="1200992339" role=""/>
    <member type="way" ref="1128359699" role=""/>
    <member type="way" ref="1130423873" role=""/>
    <member type="way" ref="1128359698" role=""/>
    <member type="way" ref="1130423877" role=""/>
    <member type="way" ref="1128359697" role=""/>
    <member type="way" ref="1130423879" role=""/>
    <member type="way" ref="1128359696" role=""/>
    <member type="way" ref="1130423880" role=""/>
    <member type="way" ref="246018047" role=""/>
    <member type="way" ref="1182143430" role=""/>
    <member type="way" ref="1130423882" role=""/>
    <member type="way" ref="1128359694" role=""/>
    <member type="way" ref="1128359695" role=""/>
    <member type="way" ref="1128359688" role=""/>
    <member type="way" ref="1128359693" role=""/>
    <member type="way" ref="689252818" role=""/>
    <member type="way" ref="1128359692" role=""/>
    <member type="way" ref="1128359691" role=""/>
    <member type="way" ref="1205659429" role=""/>
    <member type="way" ref="1128365321" role=""/>
    <member type="way" ref="1190856658" role=""/>
    <member type="way" ref="1128365325" role=""/>
    <member type="way" ref="1128365326" role=""/>
    <member type="way" ref="210321014" role=""/>
    <member type="way" ref="1206688198" role=""/>
    <member type="way" ref="210321013" role=""/>
    <member type="way" ref="2431024" role=""/>
    <member type="way" ref="47009149" role=""/>
    <member type="way" ref="1169696422" role=""/>
    <member type="way" ref="667932995" role=""/>
    <member type="way" ref="1182143431" role=""/>
    <member type="way" ref="1182143432" role=""/>
    <member type="way" ref="1182143433" role=""/>
    <member type="way" ref="667932992" role=""/>
    <member type="way" ref="47009069" role=""/>
    <member type="way" ref="1182143434" role=""/>
    <member type="way" ref="43585225" role=""/>
    <member type="way" ref="43585224" role=""/>
    <member type="way" ref="94193337" role=""/>
    <member type="way" ref="1064367031" role=""/>
    <member type="way" ref="401308659" role=""/>
    <member type="way" ref="185502274" role=""/>
    <member type="way" ref="94193354" role=""/>
    <member type="way" ref="4323971" role=""/>
    <member type="way" ref="210328121" role=""/>
    <member type="way" ref="210325477" role=""/>
    <member type="way" ref="210325472" role=""/>
    <member type="way" ref="401308655" role=""/>
    <member type="way" ref="951591382" role=""/>
    <member type="way" ref="210325475" role=""/>
    <member type="way" ref="951331580" role=""/>
    <member type="way" ref="948653742" role=""/>
    <member type="way" ref="948653741" role=""/>
    <member type="way" ref="616795343" role=""/>
    <member type="way" ref="948653740" role=""/>
    <member type="way" ref="948569490" role=""/>
    <member type="way" ref="948569491" role=""/>
    <member type="way" ref="948569492" role=""/>
    <member type="way" ref="948569493" role=""/>
    <member type="way" ref="948569494" role=""/>
    <member type="way" ref="948569495" role=""/>
    <member type="way" ref="948569496" role=""/>
    <member type="way" ref="4986670" role=""/>
    <member type="way" ref="46024661" role=""/>
    <member type="way" ref="2535606" role=""/>
    <member type="way" ref="948569498" role=""/>
    <member type="way" ref="951591380" role=""/>
    <member type="way" ref="951591379" role=""/>
    <member type="way" ref="948569497" role=""/>
    <member type="way" ref="856173575" role=""/>
    <member type="way" ref="856173576" role=""/>
    <member type="way" ref="854780834" role=""/>
    <member type="way" ref="1245325561" role=""/>
    <member type="way" ref="1245260244" role=""/>
    <member type="way" ref="395163015" role=""/>
    <member type="way" ref="854788575" role=""/>
    <member type="way" ref="813735556" role=""/>
    <member type="way" ref="371901028" role=""/>
    <member type="way" ref="1245260193" role=""/>
    <member type="way" ref="1067663295" role=""/>
    <member type="way" ref="1067663294" role=""/>
    <member type="way" ref="1067663293" role=""/>
    <member type="way" ref="1067663292" role=""/>
    <member type="way" ref="1067663291" role=""/>
    <member type="way" ref="1067663290" role=""/>
    <member type="way" ref="1067663289" role=""/>
    <member type="way" ref="1067663288" role=""/>
    <member type="way" ref="1067663287" role=""/>
    <member type="way" ref="1067663286" role=""/>
    <member type="way" ref="1067663285" role=""/>
    <member type="way" ref="1067663284" role=""/>
    <member type="way" ref="1067663283" role=""/>
    <member type="way" ref="1067663282" role=""/>
    <member type="way" ref="1067663281" role=""/>
    <member type="way" ref="1067663280" role=""/>
    <member type="way" ref="854788569" role=""/>
    <member type="way" ref="1072612942" role=""/>
    <member type="way" ref="217567211" role=""/>
    <member type="way" ref="1072612943" role=""/>
    <member type="way" ref="217567209" role=""/>
    <member type="way" ref="448212435" role=""/>
    <member type="way" ref="1072612944" role=""/>
    <member type="way" ref="1287985081" role=""/>
    <member type="way" ref="1072612945" role=""/>
    <member type="way" ref="1072612946" role=""/>
    <member type="way" ref="4945349" role=""/>
    <member type="way" ref="1189426386" role=""/>
    <member type="way" ref="670851103" role=""/>
    <member type="way" ref="1072612947" role=""/>
    <member type="way" ref="217567207" role=""/>
    <member type="way" ref="374591653" role=""/>
    <member type="way" ref="856077077" role=""/>
    <member type="way" ref="856077074" role=""/>
    <member type="way" ref="214190589" role=""/>
    <member type="way" ref="4315588" role=""/>
    <member type="way" ref="670850342" role=""/>
    <member type="way" ref="1330071336" role=""/>
    <member type="way" ref="1330071335" role=""/>
    <member type="way" ref="181418579" role=""/>
    <member type="way" ref="181418580" role=""/>
    <tag k="from" v="Trafalgar Square / Charing Cross Station"/>
    <tag k="name" v="London Buses route 29 → Wood Green"/>
    <tag k="network" v="London Buses"/>
    <tag k="network:wikidata" v="Q1192411"/>
    <tag k="network:wikipedia" v="en:London Buses"/>
    <tag k="operator" v="Arriva London"/>
    <tag k="public_transport:version" v="2"/>
    <tag k="ref" v="29"/>
    <tag k="route" v="bus"/>
    <tag k="to" v="Wood Green Station"/>
    <tag k="type" v="route"/>
  </relation>
  <relation id="4005621" version="212" timestamp="2024-11-27T04:02:00Z" changeset="159641411" uid="322039" user="MacLondon">
    <member type="node" ref="1272398985" role="stop_entry_only"/>
    <member type="node" ref="3063478692" role="platform_entry_only"/>
    <member type="node" ref="3667498064" role="stop"/>
    <member type="node" ref="469770597" role="platform"/>
    <member type="node" ref="3667462893" role="stop"/>
    <member type="node" ref="469765987" role="platform"/>
    <member type="node" ref="469760893" role="stop"/>
    <member type="node" ref="3667309721" role="platform"/>
    <member type="node" ref="469774041" role="stop"/>
    <member type="node" ref="4554492894" role="platform"/>
    <member type="node" ref="3667250841" role="stop"/>
    <member type="node" ref="3667250840" role="platform"/>
    <member type="node" ref="3667224162" role="stop"/>
    <member type="node" ref="469760405" role="platform"/>
    <member type="node" ref="4553875768" role="stop"/>
    <member type="node" ref="469760399" role="platform"/>
    <member type="node" ref="4587534725" role="stop"/>
    <member type="node" ref="469780149" role="platform"/>
    <member type="node" ref="4582907654" role="stop"/>
    <member type="node" ref="469787002" role="platform"/>
    <member type="node" ref="4581297848" role="stop"/>
    <member type="node" ref="469776731" role="platform"/>
    <member type="node" ref="4581297852" role="stop"/>
    <member type="node" ref="385581973" role="platform"/>
    <member type="node" ref="5434424322" role="stop"/>
    <member type="node" ref="469760233" role="platform"/>
    <member type="node" ref="5440856682" role="stop"/>
    <member type="node" ref="469760182" role="platform"/>
    <member type="node" ref="4543005956" role="stop"/>
    <member type="node" ref="469760370" role="platform"/>
    <member type="node" ref="1317141120" role="stop"/>
    <member type="node" ref="469760121" role="platform"/>
    <member type="node" ref="773273717" role="stop"/>
    <member type="node" ref="469760112" role="platform"/>
    <member type="node" ref="3523544580" role="stop"/>
    <member type="node" ref="469787166" role="platform"/>
    <member type="node" ref="4547526150" role="stop"/>
    <member type="node" ref="469765216" role="platform"/>
    <member type="node" ref="2904256673" role="stop"/>
    <member type="node" ref="469761427" role="platform"/>
    <member type="node" ref="5435838663" role="stop"/>
    <member type="node" ref="5435838664" role="platform"/>
    <member type="node" ref="5435838667" role="stop"/>
    <member type="node" ref="469786540" role="platform"/>
    <member type="node" ref="5435838668" role="stop"/>
    <member type="node" ref="469785839" role="platform"/>
    <member type="node" ref="2453043226" role="stop"/>
    <member type="node" ref="469763278" role="platform"/>
    <member type="node" ref="5423573756" role="stop"/>
    <member type="node" ref="469764344" role="platform"/>
    <member type="node" ref="5423573771" role="stop"/>
    <member type="node" ref="469781908" role="platform"/>
    <member type="node" ref="5423573755" role="stop"/>
    <member type="node" ref="469765201" role="platform"/>
    <member type="node" ref="11013846373" role="stop"/>
    <member type="node" ref="469785403" role="platform"/>
    <member type="node" ref="11013846372" role="stop"/>
    <member type="node" ref="469773213" role="platform"/>
    <member type="node" ref="5403935694" role="stop"/>
    <member type="node" ref="469772724" role="platform"/>
    <member type="node" ref="5403935696" role="stop"/>
    <member type="node" ref="469776681" role="platform"/>
    <member type="node" ref="3369416717" role="stop"/>
    <member type="node" ref="469760254" role="platform"/>
    <member type="node" ref="10910031088" role="stop"/>
    <member type="node" ref="469786545" role="platform"/>
    <member type="node" ref="5419087824" role="stop"/>
    <member type="node" ref="469775235" role="platform"/>
    <member type="node" ref="5419087821" role="stop"/>
    <member type="node" ref="469765489" role="platform"/>
    <member type="node" ref="3915505208" role="stop_exit_only"/>
    <member type="node" ref="469759917" role="platform_exit_only"/>
    <member type="way" ref="302110970" role=""/>
    <member type="way" ref="220775292" role=""/>
    <member type="way" ref="58922967" role=""/>
    <member type="way" ref="736366891" role=""/>
    <member type="way" ref="39547932" role=""/>
    <member type="way" ref="214368962" role=""/>
    <member type="way" ref="3997146" role=""/>
    <member type="way" ref="639064665" role=""/>
    <member type="way" ref="1209554545" role=""/>
    <member type="way" ref="906301973" role=""/>
    <member type="way" ref="1069339264" role=""/>
    <member type="way" ref="480350235" role=""/>
    <member type="way" ref="3997145" role=""/>
    <member type="way" ref="510518097" role=""/>
    <member type="way" ref="79546370" role=""/>
    <member type="way" ref="491997323" role=""/>
    <member type="way" ref="116309100" role=""/>
    <member type="way" ref="240063471" role=""/>
    <member type="way" ref="245608731" role=""/>
    <member type="way" ref="767530623" role=""/>
    <member type="way" ref="245608732" role=""/>
    <member type="way" ref="767530624" role=""/>
    <member type="way" ref="1055437202" role=""/>
    <member type="way" ref="1055437204" role=""/>
    <member type="way" ref="1233228309" role=""/>
    <member type="way" ref="1069615488" role=""/>
    <member type="way" ref="1055437201" role=""/>
    <member type="way" ref="767530622" role=""/>
    <member type="way" ref="1055437205" role=""/>
    <member type="way" ref="1055437203" role=""/>
    <member type="way" ref="1055437207" role=""/>
    <member type="way" ref="1069615487" role=""/>
    <member type="way" ref="1055437208" role=""/>
    <member type="way" ref="209681537" role=""/>
    <member type="way" ref="1105799437" role=""/>
    <member type="way" ref="1055437211" role=""/>
    <member type="way" ref="1055437209" role=""/>
    <member type="way" ref="1055437212" role=""/>
    <member type="way" ref="3997143" role=""/>
    <member type="way" ref="4548540" role=""/>
    <member type="way" ref="1055437214" role=""/>
    <member type="way" ref="1055437215" role=""/>
    <member type="way" ref="43486251" role=""/>
    <member type="way" ref="4548539" role=""/>
    <member type="way" ref="673531685" role=""/>
    <member type="way" ref="2898501" role=""/>
    <member type="way" ref="235747883" role=""/>
    <member type="way" ref="808607462" role=""/>
    <member type="way" ref="91145017" role=""/>
    <member type="way" ref="647064977" role=""/>
    <member type="way" ref="235747884" role=""/>
    <member type="way" ref="1080826224" role=""/>
    <member type="way" ref="235747885" role=""/>
    <member type="way" ref="235747886" role=""/>
    <member type="way" ref="808607464" role=""/>
    <member type="way" ref="808607463" role=""/>
    <member type="way" ref="808607460" role=""/>
    <member type="way" ref="808607456" role=""/>
    <member type="way" ref="1336794363" role=""/>
    <member type="way" ref="232724605" role=""/>
    <member type="way" ref="808607461" role=""/>
    <member type="way" ref="235747882" role=""/>
    <member type="way" ref="59272671" role=""/>
    <member type="way" ref="808607457" role=""/>
    <member type="way" ref="507778404" role=""/>
    <member type="way" ref="258590637" role=""/>
    <member type="way" ref="41517345" role=""/>
    <member type="way" ref="808613233" role=""/>
    <member type="way" ref="8172576" role=""/>
    <member type="way" ref="1307836562" role=""/>
    <member type="way" ref="42709092" role=""/>
    <member type="way" ref="667513318" role=""/>
    <member type="way" ref="41517346" role=""/>
    <member type="way" ref="2199751" role=""/>
    <member type="way" ref="499705520" role=""/>
    <member type="way" ref="501287734" role=""/>
    <member type="way" ref="42709093" role=""/>
    <member type="way" ref="42709094" role=""/>
    <member type="way" ref="232920161" role=""/>
    <member type="way" ref="38895572" role=""/>
    <member type="way" ref="204726887" role=""/>
    <member type="way" ref="204726687" role=""/>
    <member type="way" ref="1015989832" role=""/>
    <member type="way" ref="38895571" role=""/>
    <member type="way" ref="46180198" role=""/>
    <member type="way" ref="468680743" role=""/>
    <member type="way" ref="47007863" role=""/>
    <member type="way" ref="233068399" role=""/>
    <member type="way" ref="1333743358" role=""/>
    <member type="way" ref="1106516556" role=""/>
    <member type="way" ref="1333743359" role=""/>
    <member type="way" ref="977590194" role=""/>
    <member type="way" ref="233067163" role=""/>
    <member type="way" ref="977590195" role=""/>
    <member type="way" ref="233070704" role=""/>
    <member type="way" ref="47007864" role=""/>
    <member type="way" ref="25469620" role=""/>
    <member type="way" ref="233070705" role=""/>
    <member type="way" ref="209691456" role=""/>
    <member type="way" ref="209691454" role=""/>
    <member type="way" ref="955518102" role=""/>
    <member type="way" ref="728793125" role=""/>
    <member type="way" ref="728793128" role=""/>
    <member type="way" ref="977088264" role=""/>
    <member type="way" ref="972210875" role=""/>
    <member type="way" ref="93773949" role=""/>
    <member type="way" ref="33096424" role=""/>
    <member type="way" ref="33096423" role=""/>
    <member type="way" ref="31039" role=""/>
    <member type="way" ref="1065177553" role=""/>
    <member type="way" ref="101982008" role=""/>
    <member type="way" ref="564099715" role=""/>
    <member type="way" ref="685020270" role=""/>
    <member type="way" ref="299682132" role=""/>
    <member type="way" ref="1067635356" role=""/>
    <member type="way" ref="667745342" role=""/>
    <member type="way" ref="264965256" role=""/>
    <member type="way" ref="264965257" role=""/>
    <member type="way" ref="912201551" role=""/>
    <member type="way" ref="299682133" role=""/>
    <member type="way" ref="1271099762" role=""/>
    <member type="way" ref="48465025" role=""/>
    <member type="way" ref="48465026" role=""/>
    <member type="way" ref="1067635355" role=""/>
    <member type="way" ref="674795487" role=""/>
    <member type="way" ref="303559647" role=""/>
    <member type="way" ref="381411919" role=""/>
    <member type="way" ref="678745736" role=""/>
    <member type="way" ref="996664293" role=""/>
    <member type="way" ref="996664292" role=""/>
    <member type="way" ref="587317657" role=""/>
    <member type="way" ref="913020667" role=""/>
    <member type="way" ref="996665163" role=""/>
    <member type="way" ref="17929789" role=""/>
    <member type="way" ref="996665162" role=""/>
    <member type="way" ref="674756319" role=""/>
    <member type="way" ref="685020269" role=""/>
    <member type="way" ref="303559648" role=""/>
    <member type="way" ref="41588174" role=""/>
    <member type="way" ref="589640599" role=""/>
    <member type="way" ref="685020271" role=""/>
    <member type="way" ref="674756318" role=""/>
    <member type="way" ref="279154280" role=""/>
    <member type="way" ref="1264391400" role=""/>
    <member type="way" ref="1264391401" role=""/>
    <member type="way" ref="1264391402" role=""/>
    <member type="way" ref="1264391403" role=""/>
    <member type="way" ref="1264391404" role=""/>
    <member type="way" ref="1264391397" role=""/>
    <member type="way" ref="201303145" role=""/>
    <member type="way" ref="279154266" role=""/>
    <member type="way" ref="1065177555" role=""/>
    <member type="way" ref="279154267" role=""/>
    <member type="way" ref="279154270" role=""/>
    <member type="way" ref="823008429" role=""/>
    <member type="way" ref="825288061" role=""/>
    <member type="way" ref="1112581129" role=""/>
    <member type="way" ref="35085540" role=""/>
    <member type="way" ref="235993022" role=""/>
    <member type="way" ref="825288047" role=""/>
    <member type="way" ref="1112581130" role=""/>
    <member type="way" ref="235992911" role=""/>
    <member type="way" ref="1112581131" role=""/>
    <member type="way" ref="825288051" role=""/>
    <member type="way" ref="501243983" role=""/>
    <member type="way" ref="26834677" role=""/>
    <member type="way" ref="62036633" role=""/>
    <member type="way" ref="648568130" role=""/>
    <member type="way" ref="1265033829" role=""/>
    <member type="way" ref="1265033830" role=""/>
    <member type="way" ref="246170014" role=""/>
    <member type="way" ref="95709545" role=""/>
    <member type="way" ref="1265033821" role=""/>
    <member type="way" ref="1265033832" role=""/>
    <member type="way" ref="653692202" role=""/>
    <member type="way" ref="62036630" role=""/>
    <member type="way" ref="504568375" role=""/>
    <member type="way" ref="4253988" role=""/>
    <member type="way" ref="41518100" role=""/>
    <member type="way" ref="1112581137" role=""/>
    <member type="way" ref="746410871" role=""/>
    <member type="way" ref="825288054" role=""/>
    <member type="way" ref="837448598" role=""/>
    <member type="way" ref="825288043" role=""/>
    <member type="way" ref="746410870" role=""/>
    <member type="way" ref="746410865" role=""/>
    <member type="way" ref="825288045" role=""/>
    <member type="way" ref="746410867" role=""/>
    <member type="way" ref="825182593" role=""/>
    <member type="way" ref="746410874" role=""/>
    <member type="way" ref="121988892" role=""/>
    <member type="way" ref="1112581142" role=""/>
    <member type="way" ref="207115414" role=""/>
    <member type="way" ref="825288048" role=""/>
    <member type="way" ref="1232975552" role=""/>
    <member type="way" ref="1112581146" role=""/>
    <member type="way" ref="1112581147" role=""/>
    <member type="way" ref="234575098" role=""/>
    <member type="way" ref="825184199" role=""/>
    <member type="way" ref="234575101" role=""/>
    <member type="way" ref="825184200" role=""/>
    <member type="way" ref="825518134" role=""/>
    <member type="way" ref="1232962022" role=""/>
    <member type="way" ref="825518135" role=""/>
    <member type="way" ref="38060076" role=""/>
    <member type="way" ref="746410873" role=""/>
    <member type="way" ref="1112581148" role=""/>
    <member type="way" ref="1112581149" role=""/>
    <member type="way" ref="1112581150" role=""/>
    <member type="way" ref="1232962018" role=""/>
    <member type="way" ref="1112581152" role=""/>
    <member type="way" ref="1112581151" role=""/>
    <member type="way" ref="746410869" role=""/>
    <member type="way" ref="379356920" role=""/>
    <member type="way" ref="207107597" role=""/>
    <member type="way" ref="380467034" role=""/>
    <member type="way" ref="1065258330" role=""/>
    <member type="way" ref="234572145" role=""/>
    <member type="way" ref="367808662" role=""/>
    <member type="way" ref="36814929" role=""/>
    <member type="way" ref="1065218273" role=""/>
    <member type="way" ref="367808658" role=""/>
    <member type="way" ref="1163445081" role=""/>
    <member type="way" ref="1065218272" role=""/>
    <member type="way" ref="43892835" role=""/>
    <member type="way" ref="1065218271" role=""/>
    <member type="way" ref="367808673" role=""/>
    <member type="way" ref="286754719" role=""/>
    <member type="way" ref="1145582373" role=""/>
    <member type="way" ref="43892837" role=""/>
    <member type="way" ref="299652848" role=""/>
    <member type="way" ref="201491583" role=""/>
    <member type="way" ref="201493132" role=""/>
    <member type="way" ref="1212624126" role=""/>
    <member type="way" ref="837464374" role=""/>
    <member type="way" ref="564115127" role=""/>
    <member type="way" ref="1237115246" role=""/>
    <member type="way" ref="1237115247" role=""/>
    <member type="way" ref="825529981" role=""/>
    <member type="way" ref="1212624127" role=""/>
    <member type="way" ref="825529978" role=""/>
    <member type="way" ref="22813886" role=""/>
    <member type="way" ref="1272910830" role=""/>
    <member type="way" ref="1065258323" role=""/>
    <member type="way" ref="825529979" role=""/>
    <member type="way" ref="1272910831" role=""/>
    <member type="way" ref="5044805" role=""/>
    <member type="way" ref="1256019036" role=""/>
    <member type="way" ref="837464375" role=""/>
    <member type="way" ref="1272910643" role=""/>
    <member type="way" ref="166369924" role=""/>
    <member type="way" ref="1256019037" role=""/>
    <member type="way" ref="5044806" role=""/>
    <member type="way" ref="835624890" role=""/>
    <member type="way" ref="564115131" role=""/>
    <member type="way" ref="564115147" role=""/>
    <member type="way" ref="835624889" role=""/>
    <member type="way" ref="837464369" role=""/>
    <member type="way" ref="1265029522" role=""/>
    <member type="way" ref="823982876" role=""/>
    <member type="way" ref="1265029521" role=""/>
    <member type="way" ref="823982874" role=""/>
    <member type="way" ref="1237115249" role=""/>
    <member type="way" ref="22813885" role=""/>
    <member type="way" ref="823982875" role=""/>
    <member type="way" ref="237396923" role=""/>
    <member type="way" ref="1256019039" role=""/>
    <member type="way" ref="1265029519" role=""/>
    <member type="way" ref="564115143" role=""/>
    <member type="way" ref="1265029520" role=""/>
    <member type="way" ref="837464385" role=""/>
    <member type="way" ref="837464383" role=""/>
    <member type="way" ref="1256019040" role=""/>
    <member type="way" ref="1338155300" role=""/>
    <member type="way" ref="837464368" role=""/>
    <member type="way" ref="837464371" role=""/>
    <member type="way" ref="835625840" role=""/>
    <member type="way" ref="1338155292" role=""/>
    <member type="way" ref="374047987" role=""/>
    <member type="way" ref="1070356411" role=""/>
    <member type="way" ref="237396922" role=""/>
    <member type="way" ref="837464390" role=""/>
    <member type="way" ref="1302792435" role=""/>
    <member type="way" ref="237396755" role=""/>
    <member type="way" ref="871216780" role=""/>
    <member type="way" ref="882785553" role=""/>
    <member type="way" ref="871216781" role=""/>
    <member type="way" ref="371312478" role=""/>
    <member type="way" ref="564115135" role=""/>
    <member type="way" ref="837464392" role=""/>
    <member type="way" ref="929968173" role=""/>
    <member type="way" ref="237396757" role=""/>
    <member type="way" ref="237396756" role=""/>
    <member type="way" ref="871216779" role=""/>
    <member type="way" ref="1272914620" role=""/>
    <member type="way" ref="99961322" role=""/>
    <member type="way" ref="1288823362" role=""/>
    <member type="way" ref="929968168" role=""/>
    <member type="way" ref="47048375" role=""/>
    <member type="way" ref="237396464" role=""/>
    <member type="way" ref="929968149" role=""/>
    <member type="way" ref="237396463" role=""/>
    <member type="way" ref="562604872" role=""/>
    <member type="way" ref="1238201155" role=""/>
    <member type="way" ref="857641113" role=""/>
    <member type="way" ref="562604873" role=""/>
    <member type="way" ref="929968152" role=""/>
    <member type="way" ref="237396465" role=""/>
    <member type="way" ref="929968151" role=""/>
    <member type="way" ref="47048379" role=""/>
    <member type="way" ref="929968154" role=""/>
    <member type="way" ref="1238199844" role=""/>
    <member type="way" ref="1238199845" role=""/>
    <member type="way" ref="929968153" role=""/>
    <member type="way" ref="929968155" role=""/>
    <member type="way" ref="17940466" role=""/>
    <member type="way" ref="1238199843" role=""/>
    <member type="way" ref="929968157" role=""/>
    <member type="way" ref="4252419" role=""/>
    <member type="way" ref="224180702" role=""/>
    <member type="way" ref="809353488" role=""/>
    <member type="way" ref="809353490" role=""/>
    <member type="way" ref="808159051" role=""/>
    <member type="way" ref="808159052" role=""/>
    <member type="way" ref="562604875" role=""/>
    <member type="way" ref="954104554" role=""/>
    <member type="way" ref="809354378" role=""/>
    <member type="way" ref="815987129" role=""/>
    <member type="way" ref="260458986" role=""/>
    <member type="way" ref="1039149769" role=""/>
    <member type="way" ref="260458984" role=""/>
    <member type="way" ref="17940464" role=""/>
    <member type="way" ref="1039149770" role=""/>
    <member type="way" ref="562604871" role=""/>
    <member type="way" ref="1017681366" role=""/>
    <member type="way" ref="1039149771" role=""/>
    <member type="way" ref="1039149774" role=""/>
    <member type="way" ref="1039149776" role=""/>
    <member type="way" ref="1039149773" role=""/>
    <member type="way" ref="1039149772" role=""/>
    <member type="way" ref="1039149775" role=""/>
    <member type="way" ref="17940465" role=""/>
    <member type="way" ref="4252415" role=""/>
    <member type="way" ref="909467161" role=""/>
    <member type="way" ref="1039149777" role=""/>
    <member type="way" ref="435347695" role=""/>
    <member type="way" ref="909467160" role=""/>
    <member type="way" ref="435347694" role=""/>
    <member type="way" ref="909467159" role=""/>
    <member type="way" ref="909467156" role=""/>
    <member type="way" ref="1039143770" role=""/>
    <member type="way" ref="745715066" role=""/>
    <member type="way" ref="1039143771" role=""/>
    <member type="way" ref="909459429" role=""/>
    <member type="way" ref="1039143769" role=""/>
    <member type="way" ref="909459550" role=""/>
    <member type="way" ref="4252416" role=""/>
    <member type="way" ref="224180511" role=""/>
    <member type="way" ref="1064384185" role=""/>
    <member type="way" ref="1064384184" role=""/>
    <member type="way" ref="224180699" role=""/>
    <member type="way" ref="4252418" role=""/>
    <member type="way" ref="395196459" role=""/>
    <member type="way" ref="395196460" role=""/>
    <member type="way" ref="968622890" role=""/>
    <member type="way" ref="968622889" role=""/>
    <member type="way" ref="1064395424" role=""/>
    <member type="way" ref="1064395423" role=""/>
    <member type="way" ref="1064395422" role=""/>
    <member type="way" ref="4247639" role=""/>
    <member type="way" ref="1064395421" role=""/>
    <member type="way" ref="22617685" role=""/>
    <member type="way" ref="1064395420" role=""/>
    <member type="way" ref="562087583" role=""/>
    <member type="way" ref="1298327174" role=""/>
    <member type="way" ref="1298327178" role=""/>
    <member type="way" ref="1298327176" role=""/>
    <member type="way" ref="1298327177" role=""/>
    <member type="way" ref="1335324967" role=""/>
    <member type="way" ref="30901819" role=""/>
    <member type="way" ref="388339789" role=""/>
    <tag k="from" v="Victoria Bus Station"/>
    <tag k="name" v="London Buses route 390 → Archway"/>
    <tag k="network" v="London Buses"/>
    <tag k="network:wikidata" v="Q1192411"/>
    <tag k="network:wikipedia" v="en:London Buses"/>
    <tag k="operator" v="Metroline"/>
    <tag k="public_transport:version" v="2"/>
    <tag k="ref" v="390"/>
    <tag k="route" v="bus"/>
    <tag k="to" v="Archway Station"/>
    <tag k="type" v="route"/>
  </relation>
  <relation id="4005622" version="181" timestamp="2024-11-27T04:02:00Z" changeset="159641411" uid="322039" user="MacLondon">
    <member type="node" ref="3915505211" role="stop_entry_only"/>
    <member type="node" ref="469759918" role="platform_entry_only"/>
    <member type="node" ref="5419087822" role="stop"/>
    <member type="node" ref="469765490" role="platform"/>
    <member type="node" ref="5419087823" role="stop"/>
    <member type="node" ref="469775236" role="platform"/>
    <member type="node" ref="10908805745" role="stop"/>
    <member type="node" ref="469786544" role="platform"/>
    <member type="node" ref="3981042518" role="stop"/>
    <member type="node" ref="469760256" role="platform"/>
    <member type="node" ref="5403935697" role="stop"/>
    <member type="node" ref="469765378" role="platform"/>
    <member type="node" ref="5403935695" role="stop"/>
    <member type="node" ref="469772725" role="platform"/>
    <member type="node" ref="5423573774" role="stop"/>
    <member type="node" ref="469786546" role="platform"/>
    <member type="node" ref="5423573773" role="stop"/>
    <member type="node" ref="469772199" role="platform"/>
    <member type="node" ref="5423573772" role="stop"/>
    <member type="node" ref="469781906" role="platform"/>
    <member type="node" ref="5423573757" role="stop"/>
    <member type="node" ref="469764345" role="platform"/>
    <member type="node" ref="198089" role="stop"/>
    <member type="node" ref="469785840" role="platform"/>
    <member type="node" ref="5435838666" role="stop"/>
    <member type="node" ref="469785841" role="platform"/>
    <member type="node" ref="198088" role="stop"/>
    <member type="node" ref="469778247" role="platform"/>
    <member type="node" ref="5435838665" role="stop"/>
    <member type="node" ref="469786541" role="platform"/>
    <member type="node" ref="4680842272" role="stop"/>
    <member type="node" ref="469789685" role="platform"/>
    <member type="node" ref="4680842273" role="stop"/>
    <member type="node" ref="469761428" role="platform"/>
    <member type="node" ref="427931765" role="stop"/>
    <member type="node" ref="469760948" role="platform"/>
    <member type="node" ref="3523544582" role="stop"/>
    <member type="node" ref="469765212" role="platform"/>
    <member type="node" ref="4547526149" role="stop"/>
    <member type="node" ref="469773514" role="platform"/>
    <member type="node" ref="4544414344" role="stop"/>
    <member type="node" ref="469760117" role="platform"/>
    <member type="node" ref="4505496771" role="stop"/>
    <member type="node" ref="469760120" role="platform"/>
    <member type="node" ref="469784435" role="stop"/>
    <member type="node" ref="4543005958" role="platform"/>
    <member type="node" ref="10910562922" role="stop"/>
    <member type="node" ref="6391776690" role="platform"/>
    <member type="node" ref="10910562921" role="stop"/>
    <member type="node" ref="6391776691" role="platform"/>
    <member type="node" ref="3519133221" role="stop"/>
    <member type="node" ref="6391776689" role="platform"/>
    <member type="node" ref="8657219640" role="stop"/>
    <member type="node" ref="8657219639" role="platform"/>
    <member type="node" ref="4581297847" role="stop"/>
    <member type="node" ref="469776730" role="platform"/>
    <member type="node" ref="4582907652" role="stop"/>
    <member type="node" ref="469787004" role="platform"/>
    <member type="node" ref="4587534727" role="stop"/>
    <member type="node" ref="469780152" role="platform"/>
    <member type="node" ref="3667224163" role="stop"/>
    <member type="node" ref="469760404" role="platform"/>
    <member type="node" ref="3667250842" role="stop"/>
    <member type="node" ref="469768253" role="platform"/>
    <member type="node" ref="469774039" role="stop"/>
    <member type="node" ref="3667286733" role="platform"/>
    <member type="node" ref="469760890" role="stop"/>
    <member type="node" ref="3667309722" role="platform"/>
    <member type="node" ref="728177198" role="stop"/>
    <member type="node" ref="469786293" role="platform"/>
    <member type="node" ref="2213529567" role="stop"/>
    <member type="node" ref="469766070" role="platform"/>
    <member type="node" ref="1272398985" role="stop_exit_only"/>
    <member type="node" ref="3063478692" role="platform_exit_only"/>
    <member type="way" ref="30901819" role=""/>
    <member type="way" ref="1335324967" role=""/>
    <member type="way" ref="1298327177" role=""/>
    <member type="way" ref="1298327176" role=""/>
    <member type="way" ref="1298327178" role=""/>
    <member type="way" ref="1298327174" role=""/>
    <member type="way" ref="562087583" role=""/>
    <member type="way" ref="1064395420" role=""/>
    <member type="way" ref="22617685" role=""/>
    <member type="way" ref="1064395421" role=""/>
    <member type="way" ref="4247639" role=""/>
    <member type="way" ref="1064395422" role=""/>
    <member type="way" ref="1064395423" role=""/>
    <member type="way" ref="1064395424" role=""/>
    <member type="way" ref="968622889" role=""/>
    <member type="way" ref="968622890" role=""/>
    <member type="way" ref="395196460" role=""/>
    <member type="way" ref="395196459" role=""/>
    <member type="way" ref="4252418" role=""/>
    <member type="way" ref="224180703" role=""/>
    <member type="way" ref="4252417" role=""/>
    <member type="way" ref="435349867" role=""/>
    <member type="way" ref="562604876" role=""/>
    <member type="way" ref="253359951" role=""/>
    <member type="way" ref="562604877" role=""/>
    <member type="way" ref="15692877" role=""/>
    <member type="way" ref="1316549430" role=""/>
    <member type="way" ref="494045613" role=""/>
    <member type="way" ref="39189813" role=""/>
    <member type="way" ref="929968159" role=""/>
    <member type="way" ref="929968158" role=""/>
    <member type="way" ref="562604878" role=""/>
    <member type="way" ref="1238199840" role=""/>
    <member type="way" ref="1238199841" role=""/>
    <member type="way" ref="224180697" role=""/>
    <member type="way" ref="929968157" role=""/>
    <member type="way" ref="1238199843" role=""/>
    <member type="way" ref="17940466" role=""/>
    <member type="way" ref="929968155" role=""/>
    <member type="way" ref="929968153" role=""/>
    <member type="way" ref="1238199845" role=""/>
    <member type="way" ref="1238199844" role=""/>
    <member type="way" ref="929968154" role=""/>
    <member type="way" ref="47048379" role=""/>
    <member type="way" ref="929968151" role=""/>
    <member type="way" ref="237396465" role=""/>
    <member type="way" ref="929968152" role=""/>
    <member type="way" ref="562604873" role=""/>
    <member type="way" ref="857641113" role=""/>
    <member type="way" ref="1238201155" role=""/>
    <member type="way" ref="562604872" role=""/>
    <member type="way" ref="237396463" role=""/>
    <member type="way" ref="929968149" role=""/>
    <member type="way" ref="237396464" role=""/>
    <member type="way" ref="47048375" role=""/>
    <member type="way" ref="929968168" role=""/>
    <member type="way" ref="1288823362" role=""/>
    <member type="way" ref="99961322" role=""/>
    <member type="way" ref="1272914620" role=""/>
    <member type="way" ref="871216779" role=""/>
    <member type="way" ref="237396756" role=""/>
    <member type="way" ref="237396757" role=""/>
    <member type="way" ref="929968173" role=""/>
    <member type="way" ref="837464392" role=""/>
    <member type="way" ref="564115135" role=""/>
    <member type="way" ref="371312478" role=""/>
    <member type="way" ref="871216781" role=""/>
    <member type="way" ref="882785553" role=""/>
    <member type="way" ref="871216780" role=""/>
    <member type="way" ref="237396755" role=""/>
    <member type="way" ref="1302792435" role=""/>
    <member type="way" ref="837464390" role=""/>
    <member type="way" ref="237396922" role=""/>
    <member type="way" ref="1070356411" role=""/>
    <member type="way" ref="374047987" role=""/>
    <member type="way" ref="1338155292" role=""/>
    <member type="way" ref="835625840" role=""/>
    <member type="way" ref="837464371" role=""/>
    <member type="way" ref="837464368" role=""/>
    <member type="way" ref="1338155300" role=""/>
    <member type="way" ref="1256019040" role=""/>
    <member type="way" ref="837464383" role=""/>
    <member type="way" ref="837464385" role=""/>
    <member type="way" ref="1265029520" role=""/>
    <member type="way" ref="564115143" role=""/>
    <member type="way" ref="1265029519" role=""/>
    <member type="way" ref="1256019039" role=""/>
    <member type="way" ref="237396923" role=""/>
    <member type="way" ref="823982875" role=""/>
    <member type="way" ref="22813885" role=""/>
    <member type="way" ref="1237115249" role=""/>
    <member type="way" ref="823982874" role=""/>
    <member type="way" ref="1265029521" role=""/>
    <member type="way" ref="823982876" role=""/>
    <member type="way" ref="1265029522" role=""/>
    <member type="way" ref="837464369" role=""/>
    <member type="way" ref="835624889" role=""/>
    <member type="way" ref="564115147" role=""/>
    <member type="way" ref="564115131" role=""/>
    <member type="way" ref="835624890" role=""/>
    <member type="way" ref="5044806" role=""/>
    <member type="way" ref="1256019037" role=""/>
    <member type="way" ref="166369924" role=""/>
    <member type="way" ref="1272910643" role=""/>
    <member type="way" ref="837464375" role=""/>
    <member type="way" ref="1256019036" role=""/>
    <member type="way" ref="5044805" role=""/>
    <member type="way" ref="1272910831" role=""/>
    <member type="way" ref="825529979" role=""/>
    <member type="way" ref="1065258323" role=""/>
    <member type="way" ref="1272910830" role=""/>
    <member type="way" ref="22813886" role=""/>
    <member type="way" ref="825529978" role=""/>
    <member type="way" ref="1212624127" role=""/>
    <member type="way" ref="825529981" role=""/>
    <member type="way" ref="1237115247" role=""/>
    <member type="way" ref="1237115246" role=""/>
    <member type="way" ref="564115127" role=""/>
    <member type="way" ref="837464374" role=""/>
    <member type="way" ref="201491587" role=""/>
    <member type="way" ref="1237115243" role=""/>
    <member type="way" ref="825529980" role=""/>
    <member type="way" ref="201491584" role=""/>
    <member type="way" ref="1232039578" role=""/>
    <member type="way" ref="825529982" role=""/>
    <member type="way" ref="501181888" role=""/>
    <member type="way" ref="825529976" role=""/>
    <member type="way" ref="648549848" role=""/>
    <member type="way" ref="1238203869" role=""/>
    <member type="way" ref="36775548" role=""/>
    <member type="way" ref="1070366926" role=""/>
    <member type="way" ref="1070366925" role=""/>
    <member type="way" ref="1070366924" role=""/>
    <member type="way" ref="43573215" role=""/>
    <member type="way" ref="1070366922" role=""/>
    <member type="way" ref="1070366921" role=""/>
    <member type="way" ref="1070366920" role=""/>
    <member type="way" ref="1070366923" role=""/>
    <member type="way" ref="1112583431" role=""/>
    <member type="way" ref="1112583432" role=""/>
    <member type="way" ref="564126997" role=""/>
    <member type="way" ref="1112583430" role=""/>
    <member type="way" ref="234289105" role=""/>
    <member type="way" ref="591922930" role=""/>
    <member type="way" ref="1065218270" role=""/>
    <member type="way" ref="41518097" role=""/>
    <member type="way" ref="591922929" role=""/>
    <member type="way" ref="36814928" role=""/>
    <member type="way" ref="367808661" role=""/>
    <member type="way" ref="367808660" role=""/>
    <member type="way" ref="838391221" role=""/>
    <member type="way" ref="380467036" role=""/>
    <member type="way" ref="61904421" role=""/>
    <member type="way" ref="49932192" role=""/>
    <member type="way" ref="1065258329" role=""/>
    <member type="way" ref="234575099" role=""/>
    <member type="way" ref="838389343" role=""/>
    <member type="way" ref="837448602" role=""/>
    <member type="way" ref="746410873" role=""/>
    <member type="way" ref="38060076" role=""/>
    <member type="way" ref="746410868" role=""/>
    <member type="way" ref="1232962021" role=""/>
    <member type="way" ref="829856839" role=""/>
    <member type="way" ref="829856838" role=""/>
    <member type="way" ref="1112581145" role=""/>
    <member type="way" ref="1112581144" role=""/>
    <member type="way" ref="17513377" role=""/>
    <member type="way" ref="1112581143" role=""/>
    <member type="way" ref="561132267" role=""/>
    <member type="way" ref="17513378" role=""/>
    <member type="way" ref="837448604" role=""/>
    <member type="way" ref="825182593" role=""/>
    <member type="way" ref="746410867" role=""/>
    <member type="way" ref="746410872" role=""/>
    <member type="way" ref="746410870" role=""/>
    <member type="way" ref="825288043" role=""/>
    <member type="way" ref="837448598" role=""/>
    <member type="way" ref="825288054" role=""/>
    <member type="way" ref="746410871" role=""/>
    <member type="way" ref="825288057" role=""/>
    <member type="way" ref="837448601" role=""/>
    <member type="way" ref="825288059" role=""/>
    <member type="way" ref="746410866" role=""/>
    <member type="way" ref="746410875" role=""/>
    <member type="way" ref="311804826" role=""/>
    <member type="way" ref="837448597" role=""/>
    <member type="way" ref="24936218" role=""/>
    <member type="way" ref="1112581135" role=""/>
    <member type="way" ref="1112581134" role=""/>
    <member type="way" ref="1112581136" role=""/>
    <member type="way" ref="881317813" role=""/>
    <member type="way" ref="837448599" role=""/>
    <member type="way" ref="1112581132" role=""/>
    <member type="way" ref="1112581133" role=""/>
    <member type="way" ref="24936216" role=""/>
    <member type="way" ref="825178802" role=""/>
    <member type="way" ref="825178804" role=""/>
    <member type="way" ref="837448595" role=""/>
    <member type="way" ref="49934847" role=""/>
    <member type="way" ref="881317812" role=""/>
    <member type="way" ref="825175712" role=""/>
    <member type="way" ref="235992910" role=""/>
    <member type="way" ref="379356922" role=""/>
    <member type="way" ref="527096914" role=""/>
    <member type="way" ref="1112597547" role=""/>
    <member type="way" ref="1065177556" role=""/>
    <member type="way" ref="1062480575" role=""/>
    <member type="way" ref="1059707542" role=""/>
    <member type="way" ref="1059707545" role=""/>
    <member type="way" ref="316158482" role=""/>
    <member type="way" ref="279154263" role=""/>
    <member type="way" ref="279154306" role=""/>
    <member type="way" ref="279154261" role=""/>
    <member type="way" ref="279154281" role=""/>
    <member type="way" ref="279154278" role=""/>
    <member type="way" ref="685100528" role=""/>
    <member type="way" ref="279154280" role=""/>
    <member type="way" ref="674756318" role=""/>
    <member type="way" ref="685020271" role=""/>
    <member type="way" ref="589640599" role=""/>
    <member type="way" ref="41588174" role=""/>
    <member type="way" ref="303559648" role=""/>
    <member type="way" ref="685020269" role=""/>
    <member type="way" ref="674756319" role=""/>
    <member type="way" ref="996665162" role=""/>
    <member type="way" ref="17929789" role=""/>
    <member type="way" ref="996665163" role=""/>
    <member type="way" ref="913020667" role=""/>
    <member type="way" ref="587317657" role=""/>
    <member type="way" ref="996664292" role=""/>
    <member type="way" ref="996664293" role=""/>
    <member type="way" ref="678745736" role=""/>
    <member type="way" ref="381411919" role=""/>
    <member type="way" ref="303559647" role=""/>
    <member type="way" ref="674795487" role=""/>
    <member type="way" ref="1067635355" role=""/>
    <member type="way" ref="48465026" role=""/>
    <member type="way" ref="48465025" role=""/>
    <member type="way" ref="1271099762" role=""/>
    <member type="way" ref="299682133" role=""/>
    <member type="way" ref="912201551" role=""/>
    <member type="way" ref="264965257" role=""/>
    <member type="way" ref="264965256" role=""/>
    <member type="way" ref="667745342" role=""/>
    <member type="way" ref="1067635356" role=""/>
    <member type="way" ref="299682132" role=""/>
    <member type="way" ref="685020270" role=""/>
    <member type="way" ref="564099715" role=""/>
    <member type="way" ref="101982008" role=""/>
    <member type="way" ref="1065177553" role=""/>
    <member type="way" ref="31039" role=""/>
    <member type="way" ref="33096423" role=""/>
    <member type="way" ref="33096424" role=""/>
    <member type="way" ref="93773949" role=""/>
    <member type="way" ref="972210875" role=""/>
    <member type="way" ref="728793122" role=""/>
    <member type="way" ref="977088265" role=""/>
    <member type="way" ref="746024419" role=""/>
    <member type="way" ref="977088266" role=""/>
    <member type="way" ref="194259717" role=""/>
    <member type="way" ref="733855113" role=""/>
    <member type="way" ref="209690397" role=""/>
    <member type="way" ref="233070706" role=""/>
    <member type="way" ref="209692629" role=""/>
    <member type="way" ref="233067166" role=""/>
    <member type="way" ref="233070703" role=""/>
    <member type="way" ref="977590194" role=""/>
    <member type="way" ref="1333743359" role=""/>
    <member type="way" ref="1106516556" role=""/>
    <member type="way" ref="1333743358" role=""/>
    <member type="way" ref="233068399" role=""/>
    <member type="way" ref="47007863" role=""/>
    <member type="way" ref="468680743" role=""/>
    <member type="way" ref="46180198" role=""/>
    <member type="way" ref="38895571" role=""/>
    <member type="way" ref="1015989832" role=""/>
    <member type="way" ref="204726687" role=""/>
    <member type="way" ref="204726887" role=""/>
    <member type="way" ref="38895572" role=""/>
    <member type="way" ref="232920161" role=""/>
    <member type="way" ref="42709094" role=""/>
    <member type="way" ref="42709093" role=""/>
    <member type="way" ref="501287734" role=""/>
    <member type="way" ref="499705520" role=""/>
    <member type="way" ref="2199751" role=""/>
    <member type="way" ref="6808986" role=""/>
    <member type="way" ref="2898488" role=""/>
    <member type="way" ref="239011228" role=""/>
    <member type="way" ref="507778407" role=""/>
    <member type="way" ref="301909292" role=""/>
    <member type="way" ref="240342340" role=""/>
    <member type="way" ref="240342338" role=""/>
    <member type="way" ref="240342144" role=""/>
    <member type="way" ref="240342145" role=""/>
    <member type="way" ref="309458031" role=""/>
    <member type="way" ref="240341241" role=""/>
    <member type="way" ref="91145020" role=""/>
    <member type="way" ref="1069615485" role=""/>
    <member type="way" ref="240341914" role=""/>
    <member type="way" ref="41517347" role=""/>
    <member type="way" ref="4548538" role=""/>
    <member type="way" ref="38748502" role=""/>
    <member type="way" ref="235747880" role=""/>
    <member type="way" ref="198949189" role=""/>
    <member type="way" ref="157324826" role=""/>
    <member type="way" ref="1055437209" role=""/>
    <member type="way" ref="1055437211" role=""/>
    <member type="way" ref="1105799437" role=""/>
    <member type="way" ref="209681537" role=""/>
    <member type="way" ref="1055437206" role=""/>
    <member type="way" ref="1055437205" role=""/>
    <member type="way" ref="767530622" role=""/>
    <member type="way" ref="1055437197" role=""/>
    <member type="way" ref="767530624" role=""/>
    <member type="way" ref="245608732" role=""/>
    <member type="way" ref="767530623" role=""/>
    <member type="way" ref="245608731" role=""/>
    <member type="way" ref="87371510" role=""/>
    <member type="way" ref="206702994" role=""/>
    <member type="way" ref="245607865" role=""/>
    <member type="way" ref="209681425" role=""/>
    <member type="way" ref="4257003" role=""/>
    <member type="way" ref="215103265" role=""/>
    <member type="way" ref="211341717" role=""/>
    <member type="way" ref="1069339265" role=""/>
    <member type="way" ref="615086299" role=""/>
    <member type="way" ref="222523894" role=""/>
    <member type="way" ref="34433563" role=""/>
    <member type="way" ref="4257019" role=""/>
    <member type="way" ref="107158457" role=""/>
    <tag k="from" v="Archway Station"/>
    <tag k="name" v="London Buses route 390 → Victoria"/>
    <tag k="network" v="London Buses"/>
    <tag k="network:wikidata" v="Q1192411"/>
    <tag k="network:wikipedia" v="en:London Buses"/>
    <tag k="operator" v="Metroline"/>
    <tag k="public_transport:version" v="2"/>
    <tag k="ref" v="390"/>
    <tag k="route" v="bus"/>
    <tag k="to" v="Victoria Bus Station"/>
    <tag k="type" v="route"/>
  </relation>
  <relation id="5664221" version="11" timestamp="2023-10-01T11:50:30Z" changeset="141984683" uid="3381552" user="tubbai11">
    <member type="way" ref="186977360" role="depot"/>
    <member type="relation" ref="7406221" role=""/>
    <member type="relation" ref="7406220" role=""/>
    <tag k="name" v="London Buses route N5"/>
    <tag k="network" v="London Buses"/>
    <tag k="network:wikidata" v="Q1192411"/>
    <tag k="network:wikipedia" v="en:London Buses"/>
    <tag k="operator" v="RATP Dev Transit London"/>
    <tag k="ref" v="N5"/>
    <tag k="route_master" v="bus"/>
    <tag k="type" v="route_master"/>
    <tag k="wheelchair" v="yes"/>
  </relation>
  <relation id="5664223" version="8" timestamp="2022-01-02T21:42:54Z" changeset="115686752" uid="5589" user="user_5589">
    <member type="way" ref="499711138" role="depot"/>
    <member type="relation" ref="8211794" role=""/>
    <member type="relation" ref="8211793" role=""/>
    <tag k="name" v="London Buses route N279"/>
    <tag k="network" v="London Buses"/>
    <tag k="network:wikidata" v="Q1192411"/>
    <tag k="network:wikipedia" v="en:London Buses"/>
    <tag k="operator" v="Arriva London"/>
    <tag k="ref" v="N279"/>
    <tag k="route_master" v="bus"/>
    <tag k="type" v="route_master"/>
    <tag k="wheelchair" v="yes"/>
  </relation>
  <relation id="5664224" version="8" timestamp="2022-02-12T14:09:33Z" changeset="117322917" uid="3306" user="Russ">
    <member type="way" ref="28311206" role="depot"/>
    <member type="relation" ref="8211709" role=""/>
    <member type="relation" ref="8211710" role=""/>
    <tag k="name" v="London Buses route N29"/>
    <tag k="network" v="London Buses"/>
    <tag k="network:wikidata" v="Q1192411"/>
    <tag k="network:wikipedia" v="en:London Buses"/>
    <tag k="operator" v="Arriva London"/>
    <tag k="ref" v="N29"/>
    <tag k="route_master" v="bus"/>
    <tag k="type" v="route_master"/>
    <tag k="wheelchair" v="yes"/>
  </relation>
  <relation id="5664225" version="8" timestamp="2022-02-05T16:23:05Z" changeset="117051288" uid="3381552" user="tubbai11">
    <member type="way" ref="70609516" role="depot"/>
    <member type="relation" ref="8211682" role=""/>
    <member type="relation" ref="8211681" role=""/>
    <tag k="name" v="London Buses route N20"/>
    <tag k="network" v="London Buses"/>
    <tag k="network:wikidata" v="Q1192411"/>
    <tag k="network:wikipedia" v="en:London Buses"/>
    <tag k="operator" v="Metroline"/>
    <tag k="ref" v="N20"/>
    <tag k="route_master" v="bus"/>
    <tag k="type" v="route_master"/>
    <tag k="wheelchair" v="yes"/>
  </relation>
  <relation id="5664226" version="9" timestamp="2021-11-21T00:53:29Z" changeset="114044469" uid="5589" user="user_5589">
    <member type="way" ref="50694678" role="depot"/>
    <member type="relation" ref="8211727" role=""/>
    <member type="relation" ref="8211728" role=""/>
    <tag k="name" v="London Buses route N73"/>
    <tag k="network" v="London Buses"/>
    <tag k="network:wikidata" v="Q1192411"/>
    <tag k="network:wikipedia" v="en:London Buses"/>
    <tag k="operator" v="Arriva London"/>
    <tag k="ref" v="N73"/>
    <tag k="route_master" v="bus"/>
    <tag k="type" v="route_master"/>
    <tag k="wheelchair" v="yes"/>
  </relation>
  <relation id="5664227" version="9" timestamp="2021-11-19T00:52:42Z" changeset="113968821" uid="5589" user="user_5589">
    <member type="way" ref="50694678" role="depot"/>
    <member type="relation" ref="8211774" role=""/>
    <member type="relation" ref="8211773" role=""/>
    <tag k="name" v="London Buses route N253"/>
    <tag k="network" v="London Buses"/>
    <tag k="network:wikidata" v="Q1192411"/>
    <tag k="network:wikipedia" v="en:London Buses"/>
    <tag k="operator" v="Arriva London"/>
    <tag k="ref" v="N253"/>
    <tag k="route_master" v="bus"/>
    <tag k="type" v="route_master"/>
    <tag k="wheelchair" v="yes"/>
  </relation>
  <relation id="7406220" version="164" timestamp="2024-09-20T10:42:53Z" changeset="156861291" uid="322039" user="MacLondon">
    <member type="node" ref="2580699990" role="stop_entry_only"/>
    <member type="node" ref="469780984" role="platform"/>
    <member type="node" ref="469790151" role="platform"/>
    <member type="node" ref="469767076" role="platform"/>
    <member type="node" ref="469770069" role="platform"/>
    <member type="node" ref="469766147" role="platform"/>
    <member type="node" ref="469785677" role="platform"/>
    <member type="node" ref="469760037" role="platform"/>
    <member type="node" ref="469771246" role="platform"/>
    <member type="node" ref="469767646" role="platform"/>
    <member type="node" ref="469776775" role="platform"/>
    <member type="node" ref="469774785" role="platform"/>
    <member type="node" ref="469778005" role="platform"/>
    <member type="node" ref="6742229791" role="platform"/>
    <member type="node" ref="5618838487" role="stop"/>
    <member type="node" ref="222414" role="stop"/>
    <member type="node" ref="469767756" role="platform"/>
    <member type="node" ref="469767759" role="platform"/>
    <member type="node" ref="469780262" role="platform"/>
    <member type="node" ref="469773050" role="platform"/>
    <member type="node" ref="469789569" role="platform"/>
    <member type="node" ref="469790100" role="platform"/>
    <member type="node" ref="469761382" role="platform"/>
    <member type="node" ref="4958739432" role="platform"/>
    <member type="node" ref="4958739434" role="platform"/>
    <member type="node" ref="469760776" role="platform"/>
    <member type="node" ref="469764325" role="platform"/>
    <member type="node" ref="469770469" role="platform"/>
    <member type="node" ref="469775562" role="platform"/>
    <member type="node" ref="469769727" role="platform"/>
    <member type="node" ref="1678368996" role="stop"/>
    <member type="node" ref="893961894" role="stop"/>
    <member type="node" ref="3930102465" role="stop"/>
    <member type="node" ref="196714" role="stop"/>
    <member type="node" ref="3925844167" role="stop"/>
    <member type="node" ref="3925844189" role="stop"/>
    <member type="node" ref="3925844183" role="stop"/>
    <member type="node" ref="469772301" role="platform"/>
    <member type="node" ref="3875476031" role="stop"/>
    <member type="node" ref="469760205" role="platform"/>
    <member type="node" ref="469760203" role="platform"/>
    <member type="node" ref="469777600" role="platform"/>
    <member type="node" ref="469786894" role="platform"/>
    <member type="node" ref="469759962" role="platform"/>
    <member type="node" ref="469767920" role="platform"/>
    <member type="node" ref="469785744" role="platform"/>
    <member type="node" ref="469781595" role="platform"/>
    <member type="node" ref="469781066" role="platform"/>
    <member type="node" ref="469766445" role="platform"/>
    <member type="node" ref="11817690882" role="platform"/>
    <member type="node" ref="469771775" role="platform"/>
    <member type="node" ref="469765187" role="platform"/>
    <member type="node" ref="293390294" role="stop"/>
    <member type="node" ref="389475762" role="stop"/>
    <member type="node" ref="469760437" role="platform"/>
    <member type="node" ref="469762099" role="platform"/>
    <member type="node" ref="4544414346" role="stop"/>
    <member type="node" ref="2532429815" role="stop"/>
    <member type="node" ref="4505496771" role="stop"/>
    <member type="node" ref="469784435" role="stop"/>
    <member type="node" ref="6391776690" role="platform"/>
    <member type="node" ref="6391776691" role="platform"/>
    <member type="node" ref="6391776689" role="platform"/>
    <member type="node" ref="5364578863" role="stop"/>
    <member type="node" ref="5364578862" role="stop"/>
    <member type="node" ref="5364578859" role="stop"/>
    <member type="node" ref="3810553691" role="stop"/>
    <member type="node" ref="4650621306" role="stop_exit_only"/>
    <member type="way" ref="251918071" role=""/>
    <member type="way" ref="499187725" role=""/>
    <member type="way" ref="251918073" role=""/>
    <member type="way" ref="251918074" role=""/>
    <member type="way" ref="4396439" role=""/>
    <member type="way" ref="1304559691" role=""/>
    <member type="way" ref="1304559690" role=""/>
    <member type="way" ref="350204278" role=""/>
    <member type="way" ref="1067614434" role=""/>
    <member type="way" ref="4040265" role=""/>
    <member type="way" ref="52048197" role=""/>
    <member type="way" ref="8125189" role=""/>
    <member type="way" ref="130007417" role=""/>
    <member type="way" ref="8127555" role=""/>
    <member type="way" ref="619827861" role=""/>
    <member type="way" ref="619827864" role=""/>
    <member type="way" ref="571332943" role=""/>
    <member type="way" ref="1034016831" role=""/>
    <member type="way" ref="22626870" role=""/>
    <member type="way" ref="8127554" role=""/>
    <member type="way" ref="8127551" role=""/>
    <member type="way" ref="4393327" role=""/>
    <member type="way" ref="4425853" role=""/>
    <member type="way" ref="40953726" role=""/>
    <member type="way" ref="239512278" role=""/>
    <member type="way" ref="52048549" role=""/>
    <member type="way" ref="40953726" role=""/>
    <member type="way" ref="52048548" role=""/>
    <member type="way" ref="570699294" role=""/>
    <member type="way" ref="570696862" role=""/>
    <member type="way" ref="570684343" role=""/>
    <member type="way" ref="570687978" role=""/>
    <member type="way" ref="239512270" role=""/>
    <member type="way" ref="543765711" role=""/>
    <member type="way" ref="543765714" role=""/>
    <member type="way" ref="543765715" role=""/>
    <member type="way" ref="155441565" role=""/>
    <member type="way" ref="1040122099" role=""/>
    <member type="way" ref="1040122100" role=""/>
    <member type="way" ref="155441564" role=""/>
    <member type="way" ref="22627750" role=""/>
    <member type="way" ref="693118308" role=""/>
    <member type="way" ref="753448898" role=""/>
    <member type="way" ref="22627735" role=""/>
    <member type="way" ref="52048544" role=""/>
    <member type="way" ref="783524731" role=""/>
    <member type="way" ref="783524730" role=""/>
    <member type="way" ref="252948275" role=""/>
    <member type="way" ref="786425675" role=""/>
    <member type="way" ref="235007689" role=""/>
    <member type="way" ref="235007691" role=""/>
    <member type="way" ref="50219179" role=""/>
    <member type="way" ref="1072010393" role=""/>
    <member type="way" ref="1072010394" role=""/>
    <member type="way" ref="1072010395" role=""/>
    <member type="way" ref="1072010396" role=""/>
    <member type="way" ref="217019064" role=""/>
    <member type="way" ref="217019065" role=""/>
    <member type="way" ref="1307315869" role=""/>
    <member type="way" ref="1307315867" role=""/>
    <member type="way" ref="1307315868" role=""/>
    <member type="way" ref="1072010397" role=""/>
    <member type="way" ref="1072010398" role=""/>
    <member type="way" ref="94670390" role=""/>
    <member type="way" ref="1072010399" role=""/>
    <member type="way" ref="1072010400" role=""/>
    <member type="way" ref="601791921" role=""/>
    <member type="way" ref="601791920" role=""/>
    <member type="way" ref="1071989572" role=""/>
    <member type="way" ref="35920773" role=""/>
    <member type="way" ref="4339141" role=""/>
    <member type="way" ref="4846687" role=""/>
    <member type="way" ref="4339142" role=""/>
    <member type="way" ref="22633772" role=""/>
    <member type="way" ref="223889237" role=""/>
    <member type="way" ref="4071919" role=""/>
    <member type="way" ref="969955816" role=""/>
    <member type="way" ref="1262070803" role=""/>
    <member type="way" ref="969955815" role=""/>
    <member type="way" ref="969955814" role=""/>
    <member type="way" ref="155441598" role=""/>
    <member type="way" ref="201120824" role=""/>
    <member type="way" ref="201120829" role=""/>
    <member type="way" ref="223889238" role=""/>
    <member type="way" ref="223889236" role=""/>
    <member type="way" ref="223889235" role=""/>
    <member type="way" ref="201120828" role=""/>
    <member type="way" ref="201120831" role=""/>
    <member type="way" ref="1154057368" role=""/>
    <member type="way" ref="932144204" role=""/>
    <member type="way" ref="188925259" role=""/>
    <member type="way" ref="177102890" role=""/>
    <member type="way" ref="177102891" role=""/>
    <member type="way" ref="155441569" role=""/>
    <member type="way" ref="177102893" role=""/>
    <member type="way" ref="389851450" role=""/>
    <member type="way" ref="51240696" role=""/>
    <member type="way" ref="389851451" role=""/>
    <member type="way" ref="389851452" role=""/>
    <member type="way" ref="389851453" role=""/>
    <member type="way" ref="389851449" role=""/>
    <member type="way" ref="389851447" role=""/>
    <member type="way" ref="371321795" role=""/>
    <member type="way" ref="50841259" role=""/>
    <member type="way" ref="389851448" role=""/>
    <member type="way" ref="50218247" role=""/>
    <member type="way" ref="124989650" role=""/>
    <member type="way" ref="216512942" role=""/>
    <member type="way" ref="216512943" role=""/>
    <member type="way" ref="389409886" role=""/>
    <member type="way" ref="1312594794" role=""/>
    <member type="way" ref="960993290" role=""/>
    <member type="way" ref="42226291" role=""/>
    <member type="way" ref="960875435" role=""/>
    <member type="way" ref="960875436" role=""/>
    <member type="way" ref="389409887" role=""/>
    <member type="way" ref="1169438656" role=""/>
    <member type="way" ref="155441587" role=""/>
    <member type="way" ref="155441592" role=""/>
    <member type="way" ref="155441590" role=""/>
    <member type="way" ref="155441581" role=""/>
    <member type="way" ref="1171507751" role=""/>
    <member type="way" ref="3365870" role=""/>
    <member type="way" ref="657654913" role=""/>
    <member type="way" ref="1171507735" role=""/>
    <member type="way" ref="1171507736" role=""/>
    <member type="way" ref="657654911" role=""/>
    <member type="way" ref="200082625" role=""/>
    <member type="way" ref="670847701" role=""/>
    <member type="way" ref="684277780" role=""/>
    <member type="way" ref="684277779" role=""/>
    <member type="way" ref="5043295" role=""/>
    <member type="way" ref="46102058" role=""/>
    <member type="way" ref="956043073" role=""/>
    <member type="way" ref="1089300435" role=""/>
    <member type="way" ref="1089300434" role=""/>
    <member type="way" ref="956043074" role=""/>
    <member type="way" ref="1089300436" role=""/>
    <member type="way" ref="870460272" role=""/>
    <member type="way" ref="4255583" role=""/>
    <member type="way" ref="870440913" role=""/>
    <member type="way" ref="870440915" role=""/>
    <member type="way" ref="1157541285" role=""/>
    <member type="way" ref="617859552" role=""/>
    <member type="way" ref="1089286090" role=""/>
    <member type="way" ref="1089286088" role=""/>
    <member type="way" ref="1089286089" role=""/>
    <member type="way" ref="50840357" role=""/>
    <member type="way" ref="1157541286" role=""/>
    <member type="way" ref="1157541287" role=""/>
    <member type="way" ref="1089581483" role=""/>
    <member type="way" ref="1157541288" role=""/>
    <member type="way" ref="1157541289" role=""/>
    <member type="way" ref="870453072" role=""/>
    <member type="way" ref="1089286087" role=""/>
    <member type="way" ref="1089286086" role=""/>
    <member type="way" ref="1157541290" role=""/>
    <member type="way" ref="1089286085" role=""/>
    <member type="way" ref="1089286084" role=""/>
    <member type="way" ref="1157541291" role=""/>
    <member type="way" ref="870453078" role=""/>
    <member type="way" ref="870453073" role=""/>
    <member type="way" ref="1089581482" role=""/>
    <member type="way" ref="870453080" role=""/>
    <member type="way" ref="1089286083" role=""/>
    <member type="way" ref="1089286080" role=""/>
    <member type="way" ref="1089286081" role=""/>
    <member type="way" ref="870448310" role=""/>
    <member type="way" ref="1089580761" role=""/>
    <member type="way" ref="1157542398" role=""/>
    <member type="way" ref="1089286082" role=""/>
    <member type="way" ref="870448314" role=""/>
    <member type="way" ref="870432411" role=""/>
    <member type="way" ref="1089580281" role=""/>
    <member type="way" ref="1089580282" role=""/>
    <member type="way" ref="1089286079" role=""/>
    <member type="way" ref="1089580283" role=""/>
    <member type="way" ref="1089286078" role=""/>
    <member type="way" ref="1089580285" role=""/>
    <member type="way" ref="1089580284" role=""/>
    <member type="way" ref="1089199715" role=""/>
    <member type="way" ref="1089580286" role=""/>
    <member type="way" ref="870432410" role=""/>
    <member type="way" ref="1089199712" role=""/>
    <member type="way" ref="1089199711" role=""/>
    <member type="way" ref="1089199714" role=""/>
    <member type="way" ref="1089199713" role=""/>
    <member type="way" ref="870425508" role=""/>
    <member type="way" ref="1089199710" role=""/>
    <member type="way" ref="1089199709" role=""/>
    <member type="way" ref="1089199708" role=""/>
    <member type="way" ref="1089199707" role=""/>
    <member type="way" ref="1089199706" role=""/>
    <member type="way" ref="870425509" role=""/>
    <member type="way" ref="870420278" role=""/>
    <member type="way" ref="1089199705" role=""/>
    <member type="way" ref="1089199704" role=""/>
    <member type="way" ref="1089199703" role=""/>
    <member type="way" ref="1069301596" role=""/>
    <member type="way" ref="1089199702" role=""/>
    <member type="way" ref="870420281" role=""/>
    <member type="way" ref="1089199701" role=""/>
    <member type="way" ref="870420279" role=""/>
    <member type="way" ref="1089199700" role=""/>
    <member type="way" ref="1089199699" role=""/>
    <member type="way" ref="1059988396" role=""/>
    <member type="way" ref="1089199698" role=""/>
    <member type="way" ref="870420273" role=""/>
    <member type="way" ref="1089199695" role=""/>
    <member type="way" ref="1059988400" role=""/>
    <member type="way" ref="1059988399" role=""/>
    <member type="way" ref="1059988398" role=""/>
    <member type="way" ref="1059988397" role=""/>
    <member type="way" ref="1059988402" role=""/>
    <member type="way" ref="870420275" role=""/>
    <member type="way" ref="1059988401" role=""/>
    <member type="way" ref="870420272" role=""/>
    <member type="way" ref="1046384061" role=""/>
    <member type="way" ref="1046384060" role=""/>
    <member type="way" ref="1069301598" role=""/>
    <member type="way" ref="816227976" role=""/>
    <member type="way" ref="816227977" role=""/>
    <member type="way" ref="1089189873" role=""/>
    <member type="way" ref="299392143" role=""/>
    <member type="way" ref="1059988404" role=""/>
    <member type="way" ref="816231080" role=""/>
    <member type="way" ref="1059988403" role=""/>
    <member type="way" ref="816231082" role=""/>
    <member type="way" ref="1059988405" role=""/>
    <member type="way" ref="1059988406" role=""/>
    <member type="way" ref="1059988407" role=""/>
    <member type="way" ref="1059988408" role=""/>
    <member type="way" ref="1059988409" role=""/>
    <member type="way" ref="1059988410" role=""/>
    <member type="way" ref="816231081" role=""/>
    <member type="way" ref="1059988412" role=""/>
    <member type="way" ref="1059988413" role=""/>
    <member type="way" ref="844428626" role=""/>
    <member type="way" ref="1059988415" role=""/>
    <member type="way" ref="1059988414" role=""/>
    <member type="way" ref="844428623" role=""/>
    <member type="way" ref="706483975" role=""/>
    <member type="way" ref="51954144" role=""/>
    <member type="way" ref="1059988417" role=""/>
    <member type="way" ref="1316898372" role=""/>
    <member type="way" ref="706483977" role=""/>
    <member type="way" ref="1059988418" role=""/>
    <member type="way" ref="1059988420" role=""/>
    <member type="way" ref="1059988422" role=""/>
    <member type="way" ref="1059988423" role=""/>
    <member type="way" ref="844428617" role=""/>
    <member type="way" ref="1288212748" role=""/>
    <member type="way" ref="844428624" role=""/>
    <member type="way" ref="1297221281" role=""/>
    <member type="way" ref="1301876296" role=""/>
    <member type="way" ref="1297221282" role=""/>
    <member type="way" ref="51954141" role=""/>
    <member type="way" ref="61841419" role=""/>
    <member type="way" ref="217561612" role=""/>
    <member type="way" ref="920928415" role=""/>
    <member type="way" ref="1288212744" role=""/>
    <member type="way" ref="920928414" role=""/>
    <member type="way" ref="844428619" role=""/>
    <member type="way" ref="1274576332" role=""/>
    <member type="way" ref="51955425" role=""/>
    <member type="way" ref="1274576333" role=""/>
    <member type="way" ref="1288212743" role=""/>
    <member type="way" ref="962951403" role=""/>
    <member type="way" ref="1288212742" role=""/>
    <member type="way" ref="1288143739" role=""/>
    <member type="way" ref="844428621" role=""/>
    <member type="way" ref="1288212741" role=""/>
    <member type="way" ref="997244020" role=""/>
    <member type="way" ref="871359466" role=""/>
    <member type="way" ref="1272643069" role=""/>
    <member type="way" ref="962951402" role=""/>
    <member type="way" ref="844428614" role=""/>
    <member type="way" ref="1059988429" role=""/>
    <member type="way" ref="1059988430" role=""/>
    <member type="way" ref="1069301600" role=""/>
    <member type="way" ref="1059988431" role=""/>
    <member type="way" ref="1059988432" role=""/>
    <member type="way" ref="706507527" role=""/>
    <member type="way" ref="1059988434" role=""/>
    <member type="way" ref="4366262" role=""/>
    <member type="way" ref="706507525" role=""/>
    <member type="way" ref="511789325" role=""/>
    <member type="way" ref="2372215" role=""/>
    <member type="way" ref="997074160" role=""/>
    <member type="way" ref="552719903" role=""/>
    <member type="way" ref="997074944" role=""/>
    <member type="way" ref="997074159" role=""/>
    <member type="way" ref="997074158" role=""/>
    <member type="way" ref="4252251" role=""/>
    <member type="way" ref="1152687506" role=""/>
    <member type="way" ref="1152687507" role=""/>
    <member type="way" ref="1152687508" role=""/>
    <member type="way" ref="226098091" role=""/>
    <member type="way" ref="48379514" role=""/>
    <member type="way" ref="48379513" role=""/>
    <member type="way" ref="1152687509" role=""/>
    <member type="way" ref="47048979" role=""/>
    <member type="way" ref="1069301602" role=""/>
    <member type="way" ref="1069301601" role=""/>
    <member type="way" ref="253360360" role=""/>
    <member type="way" ref="4367360" role=""/>
    <member type="way" ref="586649845" role=""/>
    <member type="way" ref="211950233" role=""/>
    <member type="way" ref="1074324493" role=""/>
    <member type="way" ref="586151544" role=""/>
    <member type="way" ref="1074324494" role=""/>
    <member type="way" ref="41383226" role=""/>
    <member type="way" ref="237414591" role=""/>
    <member type="way" ref="4680883" role=""/>
    <member type="way" ref="1065258316" role=""/>
    <member type="way" ref="1197502283" role=""/>
    <member type="way" ref="396327478" role=""/>
    <member type="way" ref="1065258315" role=""/>
    <member type="way" ref="396327477" role=""/>
    <member type="way" ref="1221771036" role=""/>
    <member type="way" ref="1221661963" role=""/>
    <member type="way" ref="1221771035" role=""/>
    <member type="way" ref="583871396" role=""/>
    <member type="way" ref="1274185527" role=""/>
    <member type="way" ref="1308796308" role=""/>
    <member type="way" ref="161652141" role=""/>
    <member type="way" ref="1308852847" role=""/>
    <member type="way" ref="1308796311" role=""/>
    <member type="way" ref="1288150330" role=""/>
    <member type="way" ref="1272434499" role=""/>
    <member type="way" ref="1288150332" role=""/>
    <member type="way" ref="1065258327" role=""/>
    <member type="way" ref="1272434502" role=""/>
    <member type="way" ref="1065258328" role=""/>
    <member type="way" ref="1200989935" role=""/>
    <member type="way" ref="26834676" role=""/>
    <member type="way" ref="504568298" role=""/>
    <member type="way" ref="246170016" role=""/>
    <member type="way" ref="1200989934" role=""/>
    <member type="way" ref="246170015" role=""/>
    <member type="way" ref="62036634" role=""/>
    <member type="way" ref="24936216" role=""/>
    <member type="way" ref="825178802" role=""/>
    <member type="way" ref="825178804" role=""/>
    <member type="way" ref="837448595" role=""/>
    <member type="way" ref="49934847" role=""/>
    <member type="way" ref="881317812" role=""/>
    <member type="way" ref="825175712" role=""/>
    <member type="way" ref="235992910" role=""/>
    <member type="way" ref="379356922" role=""/>
    <member type="way" ref="527096914" role=""/>
    <member type="way" ref="1112597547" role=""/>
    <member type="way" ref="1065177556" role=""/>
    <member type="way" ref="1062480575" role=""/>
    <member type="way" ref="1059707542" role=""/>
    <member type="way" ref="1059707545" role=""/>
    <member type="way" ref="316158482" role=""/>
    <member type="way" ref="279154263" role=""/>
    <member type="way" ref="279154306" role=""/>
    <member type="way" ref="279154261" role=""/>
    <member type="way" ref="279154281" role=""/>
    <member type="way" ref="279154278" role=""/>
    <member type="way" ref="685100528" role=""/>
    <member type="way" ref="279154280" role=""/>
    <member type="way" ref="674756318" role=""/>
    <member type="way" ref="685020271" role=""/>
    <member type="way" ref="589640599" role=""/>
    <member type="way" ref="41588174" role=""/>
    <member type="way" ref="303559648" role=""/>
    <member type="way" ref="685020269" role=""/>
    <member type="way" ref="674756319" role=""/>
    <member type="way" ref="996665162" role=""/>
    <member type="way" ref="17929789" role=""/>
    <member type="way" ref="996665163" role=""/>
    <member type="way" ref="913020667" role=""/>
    <member type="way" ref="587317657" role=""/>
    <member type="way" ref="996664292" role=""/>
    <member type="way" ref="996664293" role=""/>
    <member type="way" ref="678745736" role=""/>
    <member type="way" ref="381411919" role=""/>
    <member type="way" ref="303559647" role=""/>
    <member type="way" ref="674795487" role=""/>
    <member type="way" ref="1067635355" role=""/>
    <member type="way" ref="48465026" role=""/>
    <member type="way" ref="48465025" role=""/>
    <member type="way" ref="1271099762" role=""/>
    <member type="way" ref="299682133" role=""/>
    <member type="way" ref="912201551" role=""/>
    <member type="way" ref="264965257" role=""/>
    <member type="way" ref="264965256" role=""/>
    <member type="way" ref="667745342" role=""/>
    <member type="way" ref="1067635356" role=""/>
    <member type="way" ref="299682132" role=""/>
    <member type="way" ref="685020270" role=""/>
    <member type="way" ref="564099715" role=""/>
    <member type="way" ref="101982008" role=""/>
    <member type="way" ref="1065177553" role=""/>
    <member type="way" ref="31039" role=""/>
    <member type="way" ref="1049590080" role=""/>
    <member type="way" ref="315631030" role=""/>
    <member type="way" ref="293637093" role=""/>
    <member type="way" ref="233075058" role=""/>
    <member type="way" ref="116615382" role=""/>
    <member type="way" ref="1049590470" role=""/>
    <member type="way" ref="242166996" role=""/>
    <member type="way" ref="1049590471" role=""/>
    <member type="way" ref="628429131" role=""/>
    <member type="way" ref="628429129" role=""/>
    <member type="way" ref="271816293" role=""/>
    <member type="way" ref="5003469" role=""/>
    <member type="way" ref="585785135" role=""/>
    <member type="way" ref="4382814" role=""/>
    <member type="way" ref="4382813" role=""/>
    <member type="way" ref="4082596" role=""/>
    <member type="way" ref="49798450" role=""/>
    <member type="way" ref="49798167" role=""/>
    <member type="way" ref="647037416" role=""/>
    <member type="way" ref="647037415" role=""/>
    <member type="way" ref="647037414" role=""/>
    <member type="way" ref="267213248" role=""/>
    <member type="way" ref="267213404" role=""/>
    <member type="way" ref="480094743" role=""/>
    <member type="way" ref="1065112863" role=""/>
    <member type="way" ref="230506725" role=""/>
    <member type="way" ref="43154948" role=""/>
    <member type="way" ref="230506728" role=""/>
    <member type="way" ref="43118734" role=""/>
    <member type="way" ref="451852747" role=""/>
    <member type="way" ref="43365536" role=""/>
    <member type="way" ref="23715305" role=""/>
    <member type="way" ref="39093506" role=""/>
    <tag k="from" v="Edgware Bus Station"/>
    <tag k="name" v="London Buses route N5 → Trafalgar Square"/>
    <tag k="network" v="London Buses"/>
    <tag k="network:wikidata" v="Q1192411"/>
    <tag k="network:wikipedia" v="en:London Buses"/>
    <tag k="note" v="Intricate relation - do not auto-sort."/>
    <tag k="operator" v="RATP Dev Transit London"/>
    <tag k="operator:wikidata" v="Q108872256"/>
    <tag k="public_transport:version" v="2"/>
    <tag k="ref" v="N5"/>
    <tag k="route" v="bus"/>
    <tag k="to" v="Whitehall / Trafalgar Square"/>
    <tag k="type" v="route"/>
  </relation>
  <relation id="7406221" version="151" timestamp="2024-09-20T12:28:58Z" changeset="156865681" uid="322039" user="MacLondon">
    <member type="node" ref="3810553690" role="stop_entry_only"/>
    <member type="node" ref="5364578860" role="stop"/>
    <member type="node" ref="5364578865" role="stop"/>
    <member type="node" ref="5364578866" role="stop"/>
    <member type="node" ref="5434424322" role="stop"/>
    <member type="node" ref="469760233" role="platform"/>
    <member type="node" ref="5440856682" role="stop"/>
    <member type="node" ref="4543005956" role="stop"/>
    <member type="node" ref="1317141120" role="stop"/>
    <member type="node" ref="773273717" role="stop"/>
    <member type="node" ref="4544414347" role="stop"/>
    <member type="node" ref="469762098" role="platform"/>
    <member type="node" ref="469760433" role="platform"/>
    <member type="node" ref="469765190" role="platform"/>
    <member type="node" ref="5678978838" role="stop"/>
    <member type="node" ref="469771705" role="platform"/>
    <member type="node" ref="469782548" role="platform"/>
    <member type="node" ref="469781065" role="platform"/>
    <member type="node" ref="469781594" role="platform"/>
    <member type="node" ref="469785743" role="platform"/>
    <member type="node" ref="469759961" role="platform"/>
    <member type="node" ref="469786895" role="platform"/>
    <member type="node" ref="469777599" role="platform"/>
    <member type="node" ref="469760204" role="platform"/>
    <member type="node" ref="3925867579" role="stop"/>
    <member type="node" ref="9391971769" role="stop"/>
    <member type="node" ref="469772302" role="platform"/>
    <member type="node" ref="3925844186" role="stop"/>
    <member type="node" ref="3925844190" role="stop"/>
    <member type="node" ref="3925844168" role="stop"/>
    <member type="node" ref="3930102460" role="stop"/>
    <member type="node" ref="3930102466" role="stop"/>
    <member type="node" ref="3930102471" role="stop"/>
    <member type="node" ref="1694551994" role="stop"/>
    <member type="node" ref="469769728" role="platform"/>
    <member type="node" ref="469775565" role="platform"/>
    <member type="node" ref="469770467" role="platform"/>
    <member type="node" ref="469764326" role="platform"/>
    <member type="node" ref="469760777" role="platform"/>
    <member type="node" ref="4958739433" role="platform"/>
    <member type="node" ref="4958739435" role="platform"/>
    <member type="node" ref="469761383" role="platform"/>
    <member type="node" ref="469789566" role="platform"/>
    <member type="node" ref="469789693" role="platform"/>
    <member type="node" ref="469789568" role="platform"/>
    <member type="node" ref="469773048" role="platform"/>
    <member type="node" ref="469780263" role="platform"/>
    <member type="node" ref="469767760" role="platform"/>
    <member type="node" ref="469767757" role="platform"/>
    <member type="node" ref="5618838490" role="stop"/>
    <member type="node" ref="5618838489" role="stop"/>
    <member type="node" ref="5618838488" role="stop"/>
    <member type="node" ref="6742229790" role="platform"/>
    <member type="node" ref="469778006" role="platform"/>
    <member type="node" ref="469774786" role="platform"/>
    <member type="node" ref="469762730" role="platform"/>
    <member type="node" ref="469767647" role="platform"/>
    <member type="node" ref="469769433" role="platform"/>
    <member type="node" ref="469760039" role="platform"/>
    <member type="node" ref="469766149" role="platform"/>
    <member type="node" ref="469766148" role="platform"/>
    <member type="node" ref="469768259" role="platform"/>
    <member type="node" ref="469767075" role="platform"/>
    <member type="node" ref="469781998" role="platform"/>
    <member type="node" ref="2580700002" role="stop_exit_only"/>
    <member type="way" ref="480094742" role=""/>
    <member type="way" ref="267213537" role=""/>
    <member type="way" ref="267213403" role=""/>
    <member type="way" ref="647037414" role=""/>
    <member type="way" ref="647037415" role=""/>
    <member type="way" ref="647037416" role=""/>
    <member type="way" ref="49798167" role=""/>
    <member type="way" ref="49798450" role=""/>
    <member type="way" ref="4082596" role=""/>
    <member type="way" ref="4382813" role=""/>
    <member type="way" ref="4382814" role=""/>
    <member type="way" ref="585785135" role=""/>
    <member type="way" ref="5003469" role=""/>
    <member type="way" ref="271816293" role=""/>
    <member type="way" ref="264966078" role=""/>
    <member type="way" ref="628429131" role=""/>
    <member type="way" ref="1049590471" role=""/>
    <member type="way" ref="242166996" role=""/>
    <member type="way" ref="1049590470" role=""/>
    <member type="way" ref="116615382" role=""/>
    <member type="way" ref="233075058" role=""/>
    <member type="way" ref="293637093" role=""/>
    <member type="way" ref="315631030" role=""/>
    <member type="way" ref="1049590080" role=""/>
    <member type="way" ref="31039" role=""/>
    <member type="way" ref="1065177553" role=""/>
    <member type="way" ref="101982008" role=""/>
    <member type="way" ref="564099715" role=""/>
    <member type="way" ref="685020270" role=""/>
    <member type="way" ref="299682132" role=""/>
    <member type="way" ref="1067635356" role=""/>
    <member type="way" ref="667745342" role=""/>
    <member type="way" ref="264965256" role=""/>
    <member type="way" ref="264965257" role=""/>
    <member type="way" ref="912201551" role=""/>
    <member type="way" ref="299682133" role=""/>
    <member type="way" ref="1271099762" role=""/>
    <member type="way" ref="48465025" role=""/>
    <member type="way" ref="48465026" role=""/>
    <member type="way" ref="1067635355" role=""/>
    <member type="way" ref="674795487" role=""/>
    <member type="way" ref="303559647" role=""/>
    <member type="way" ref="381411919" role=""/>
    <member type="way" ref="678745736" role=""/>
    <member type="way" ref="996664293" role=""/>
    <member type="way" ref="996664292" role=""/>
    <member type="way" ref="587317657" role=""/>
    <member type="way" ref="913020667" role=""/>
    <member type="way" ref="996665163" role=""/>
    <member type="way" ref="17929789" role=""/>
    <member type="way" ref="996665162" role=""/>
    <member type="way" ref="674756319" role=""/>
    <member type="way" ref="685020269" role=""/>
    <member type="way" ref="303559648" role=""/>
    <member type="way" ref="41588174" role=""/>
    <member type="way" ref="589640599" role=""/>
    <member type="way" ref="685020271" role=""/>
    <member type="way" ref="674756318" role=""/>
    <member type="way" ref="279154280" role=""/>
    <member type="way" ref="1264391400" role=""/>
    <member type="way" ref="1264391401" role=""/>
    <member type="way" ref="1264391402" role=""/>
    <member type="way" ref="1264391403" role=""/>
    <member type="way" ref="1264391404" role=""/>
    <member type="way" ref="1264391397" role=""/>
    <member type="way" ref="201303145" role=""/>
    <member type="way" ref="279154266" role=""/>
    <member type="way" ref="1065177555" role=""/>
    <member type="way" ref="279154267" role=""/>
    <member type="way" ref="279154270" role=""/>
    <member type="way" ref="823008429" role=""/>
    <member type="way" ref="825288061" role=""/>
    <member type="way" ref="1112581129" role=""/>
    <member type="way" ref="35085540" role=""/>
    <member type="way" ref="235993022" role=""/>
    <member type="way" ref="825288047" role=""/>
    <member type="way" ref="1112581130" role=""/>
    <member type="way" ref="235992911" role=""/>
    <member type="way" ref="1112581131" role=""/>
    <member type="way" ref="825288051" role=""/>
    <member type="way" ref="501243983" role=""/>
    <member type="way" ref="26834677" role=""/>
    <member type="way" ref="62036633" role=""/>
    <member type="way" ref="648568130" role=""/>
    <member type="way" ref="1265033829" role=""/>
    <member type="way" ref="1265033830" role=""/>
    <member type="way" ref="246170014" role=""/>
    <member type="way" ref="95709545" role=""/>
    <member type="way" ref="1265033821" role=""/>
    <member type="way" ref="1265033832" role=""/>
    <member type="way" ref="653692202" role=""/>
    <member type="way" ref="62036630" role=""/>
    <member type="way" ref="504568375" role=""/>
    <member type="way" ref="1065258328" role=""/>
    <member type="way" ref="1272434502" role=""/>
    <member type="way" ref="1065258327" role=""/>
    <member type="way" ref="1288150332" role=""/>
    <member type="way" ref="1272434499" role=""/>
    <member type="way" ref="1288150330" role=""/>
    <member type="way" ref="1308796311" role=""/>
    <member type="way" ref="1308852847" role=""/>
    <member type="way" ref="161652141" role=""/>
    <member type="way" ref="1308796308" role=""/>
    <member type="way" ref="1274185527" role=""/>
    <member type="way" ref="583871396" role=""/>
    <member type="way" ref="4680848" role=""/>
    <member type="way" ref="823011293" role=""/>
    <member type="way" ref="694352951" role=""/>
    <member type="way" ref="823011294" role=""/>
    <member type="way" ref="1225448314" role=""/>
    <member type="way" ref="26781036" role=""/>
    <member type="way" ref="1221761910" role=""/>
    <member type="way" ref="1305477373" role=""/>
    <member type="way" ref="823011291" role=""/>
    <member type="way" ref="217313923" role=""/>
    <member type="way" ref="220412585" role=""/>
    <member type="way" ref="211959862" role=""/>
    <member type="way" ref="224188584" role=""/>
    <member type="way" ref="1026246644" role=""/>
    <member type="way" ref="211956502" role=""/>
    <member type="way" ref="396325642" role=""/>
    <member type="way" ref="211956507" role=""/>
    <member type="way" ref="2372075" role=""/>
    <member type="way" ref="51960889" role=""/>
    <member type="way" ref="1067121888" role=""/>
    <member type="way" ref="742367792" role=""/>
    <member type="way" ref="2372214" role=""/>
    <member type="way" ref="18310162" role=""/>
    <member type="way" ref="8591114" role=""/>
    <member type="way" ref="8591115" role=""/>
    <member type="way" ref="706507526" role=""/>
    <member type="way" ref="706507527" role=""/>
    <member type="way" ref="1059988432" role=""/>
    <member type="way" ref="1059988431" role=""/>
    <member type="way" ref="1069301600" role=""/>
    <member type="way" ref="1059988430" role=""/>
    <member type="way" ref="1059988429" role=""/>
    <member type="way" ref="844428614" role=""/>
    <member type="way" ref="962951402" role=""/>
    <member type="way" ref="1272643069" role=""/>
    <member type="way" ref="871359466" role=""/>
    <member type="way" ref="997244020" role=""/>
    <member type="way" ref="1288212741" role=""/>
    <member type="way" ref="844428621" role=""/>
    <member type="way" ref="1288143739" role=""/>
    <member type="way" ref="1288212742" role=""/>
    <member type="way" ref="962951403" role=""/>
    <member type="way" ref="1288212743" role=""/>
    <member type="way" ref="1274576333" role=""/>
    <member type="way" ref="51955425" role=""/>
    <member type="way" ref="1274576332" role=""/>
    <member type="way" ref="844428619" role=""/>
    <member type="way" ref="920928414" role=""/>
    <member type="way" ref="1288212744" role=""/>
    <member type="way" ref="920928415" role=""/>
    <member type="way" ref="217561612" role=""/>
    <member type="way" ref="61841419" role=""/>
    <member type="way" ref="51954141" role=""/>
    <member type="way" ref="1297221282" role=""/>
    <member type="way" ref="1301876296" role=""/>
    <member type="way" ref="1297221281" role=""/>
    <member type="way" ref="844428624" role=""/>
    <member type="way" ref="1288212748" role=""/>
    <member type="way" ref="844428617" role=""/>
    <member type="way" ref="1059988423" role=""/>
    <member type="way" ref="1059988422" role=""/>
    <member type="way" ref="1059988420" role=""/>
    <member type="way" ref="1059988419" role=""/>
    <member type="way" ref="1316898370" role=""/>
    <member type="way" ref="1316898371" role=""/>
    <member type="way" ref="4262333" role=""/>
    <member type="way" ref="51954144" role=""/>
    <member type="way" ref="706483975" role=""/>
    <member type="way" ref="844428623" role=""/>
    <member type="way" ref="1059988414" role=""/>
    <member type="way" ref="1059988415" role=""/>
    <member type="way" ref="844428626" role=""/>
    <member type="way" ref="1059988413" role=""/>
    <member type="way" ref="1059988412" role=""/>
    <member type="way" ref="816231081" role=""/>
    <member type="way" ref="1059988410" role=""/>
    <member type="way" ref="1059988409" role=""/>
    <member type="way" ref="1059988408" role=""/>
    <member type="way" ref="1059988407" role=""/>
    <member type="way" ref="1059988406" role=""/>
    <member type="way" ref="1059988405" role=""/>
    <member type="way" ref="816231082" role=""/>
    <member type="way" ref="1059988403" role=""/>
    <member type="way" ref="816231080" role=""/>
    <member type="way" ref="1059988404" role=""/>
    <member type="way" ref="299392143" role=""/>
    <member type="way" ref="1089189873" role=""/>
    <member type="way" ref="816227977" role=""/>
    <member type="way" ref="816227976" role=""/>
    <member type="way" ref="1069301598" role=""/>
    <member type="way" ref="1046384060" role=""/>
    <member type="way" ref="1046384061" role=""/>
    <member type="way" ref="870420272" role=""/>
    <member type="way" ref="1059988401" role=""/>
    <member type="way" ref="870420275" role=""/>
    <member type="way" ref="1059988402" role=""/>
    <member type="way" ref="1059988397" role=""/>
    <member type="way" ref="1059988398" role=""/>
    <member type="way" ref="1059988399" role=""/>
    <member type="way" ref="1059988400" role=""/>
    <member type="way" ref="1089199695" role=""/>
    <member type="way" ref="870420273" role=""/>
    <member type="way" ref="1089199698" role=""/>
    <member type="way" ref="1059988396" role=""/>
    <member type="way" ref="1089199699" role=""/>
    <member type="way" ref="1089199700" role=""/>
    <member type="way" ref="870420279" role=""/>
    <member type="way" ref="1089199701" role=""/>
    <member type="way" ref="870420281" role=""/>
    <member type="way" ref="1089199702" role=""/>
    <member type="way" ref="1069301596" role=""/>
    <member type="way" ref="1089199703" role=""/>
    <member type="way" ref="1089199704" role=""/>
    <member type="way" ref="1089199705" role=""/>
    <member type="way" ref="870420278" role=""/>
    <member type="way" ref="870425509" role=""/>
    <member type="way" ref="1089199706" role=""/>
    <member type="way" ref="1089199707" role=""/>
    <member type="way" ref="1089199708" role=""/>
    <member type="way" ref="1089199709" role=""/>
    <member type="way" ref="1089199710" role=""/>
    <member type="way" ref="870425508" role=""/>
    <member type="way" ref="1089199713" role=""/>
    <member type="way" ref="1089199714" role=""/>
    <member type="way" ref="1089199711" role=""/>
    <member type="way" ref="1089199712" role=""/>
    <member type="way" ref="870432410" role=""/>
    <member type="way" ref="1089580286" role=""/>
    <member type="way" ref="1089199715" role=""/>
    <member type="way" ref="1089580284" role=""/>
    <member type="way" ref="1089580285" role=""/>
    <member type="way" ref="1089286078" role=""/>
    <member type="way" ref="1089580283" role=""/>
    <member type="way" ref="1089286079" role=""/>
    <member type="way" ref="1089580282" role=""/>
    <member type="way" ref="1089580281" role=""/>
    <member type="way" ref="870432411" role=""/>
    <member type="way" ref="870448314" role=""/>
    <member type="way" ref="1089286082" role=""/>
    <member type="way" ref="1157542398" role=""/>
    <member type="way" ref="1089580761" role=""/>
    <member type="way" ref="870448310" role=""/>
    <member type="way" ref="1089286081" role=""/>
    <member type="way" ref="1089286080" role=""/>
    <member type="way" ref="1089286083" role=""/>
    <member type="way" ref="870453080" role=""/>
    <member type="way" ref="1089581482" role=""/>
    <member type="way" ref="870453073" role=""/>
    <member type="way" ref="870453078" role=""/>
    <member type="way" ref="1157541291" role=""/>
    <member type="way" ref="1089286084" role=""/>
    <member type="way" ref="1089286085" role=""/>
    <member type="way" ref="1157541290" role=""/>
    <member type="way" ref="1089286086" role=""/>
    <member type="way" ref="1089286087" role=""/>
    <member type="way" ref="870453072" role=""/>
    <member type="way" ref="1157541289" role=""/>
    <member type="way" ref="1157541288" role=""/>
    <member type="way" ref="1089581483" role=""/>
    <member type="way" ref="1157541287" role=""/>
    <member type="way" ref="1157541286" role=""/>
    <member type="way" ref="50840357" role=""/>
    <member type="way" ref="1089286089" role=""/>
    <member type="way" ref="1089286088" role=""/>
    <member type="way" ref="1089286090" role=""/>
    <member type="way" ref="617859552" role=""/>
    <member type="way" ref="1157541285" role=""/>
    <member type="way" ref="870440915" role=""/>
    <member type="way" ref="870440913" role=""/>
    <member type="way" ref="4255583" role=""/>
    <member type="way" ref="870460272" role=""/>
    <member type="way" ref="1089300436" role=""/>
    <member type="way" ref="956043074" role=""/>
    <member type="way" ref="1089300434" role=""/>
    <member type="way" ref="1089300435" role=""/>
    <member type="way" ref="956043073" role=""/>
    <member type="way" ref="46102058" role=""/>
    <member type="way" ref="5043295" role=""/>
    <member type="way" ref="684277779" role=""/>
    <member type="way" ref="684277780" role=""/>
    <member type="way" ref="670847701" role=""/>
    <member type="way" ref="200082625" role=""/>
    <member type="way" ref="657654911" role=""/>
    <member type="way" ref="1171507736" role=""/>
    <member type="way" ref="1171507735" role=""/>
    <member type="way" ref="657654913" role=""/>
    <member type="way" ref="3365870" role=""/>
    <member type="way" ref="1171507751" role=""/>
    <member type="way" ref="155441579" role=""/>
    <member type="way" ref="1171507752" role=""/>
    <member type="way" ref="155441590" role=""/>
    <member type="way" ref="155441591" role=""/>
    <member type="way" ref="155441587" role=""/>
    <member type="way" ref="1169438656" role=""/>
    <member type="way" ref="389409887" role=""/>
    <member type="way" ref="960875434" role=""/>
    <member type="way" ref="960875435" role=""/>
    <member type="way" ref="42226291" role=""/>
    <member type="way" ref="960993290" role=""/>
    <member type="way" ref="1312594794" role=""/>
    <member type="way" ref="389409886" role=""/>
    <member type="way" ref="39465731" role=""/>
    <member type="way" ref="155441568" role=""/>
    <member type="way" ref="216512945" role=""/>
    <member type="way" ref="216512946" role=""/>
    <member type="way" ref="216512944" role=""/>
    <member type="way" ref="124989655" role=""/>
    <member type="way" ref="50218247" role=""/>
    <member type="way" ref="389851448" role=""/>
    <member type="way" ref="50841259" role=""/>
    <member type="way" ref="371321795" role=""/>
    <member type="way" ref="389851447" role=""/>
    <member type="way" ref="389851449" role=""/>
    <member type="way" ref="389851453" role=""/>
    <member type="way" ref="389851452" role=""/>
    <member type="way" ref="389851451" role=""/>
    <member type="way" ref="51240696" role=""/>
    <member type="way" ref="389851450" role=""/>
    <member type="way" ref="177102893" role=""/>
    <member type="way" ref="155441569" role=""/>
    <member type="way" ref="177102891" role=""/>
    <member type="way" ref="177102890" role=""/>
    <member type="way" ref="188925259" role=""/>
    <member type="way" ref="932144204" role=""/>
    <member type="way" ref="1154057368" role=""/>
    <member type="way" ref="201120831" role=""/>
    <member type="way" ref="155441561" role=""/>
    <member type="way" ref="201120835" role=""/>
    <member type="way" ref="8133845" role=""/>
    <member type="way" ref="201120824" role=""/>
    <member type="way" ref="155441598" role=""/>
    <member type="way" ref="969955814" role=""/>
    <member type="way" ref="155441599" role=""/>
    <member type="way" ref="79561892" role=""/>
    <member type="way" ref="969955817" role=""/>
    <member type="way" ref="4071919" role=""/>
    <member type="way" ref="223889237" role=""/>
    <member type="way" ref="22633772" role=""/>
    <member type="way" ref="4339142" role=""/>
    <member type="way" ref="50219180" role=""/>
    <member type="way" ref="1071989573" role=""/>
    <member type="way" ref="50219181" role=""/>
    <member type="way" ref="730905554" role=""/>
    <member type="way" ref="35920773" role=""/>
    <member type="way" ref="1071989572" role=""/>
    <member type="way" ref="601791920" role=""/>
    <member type="way" ref="601791921" role=""/>
    <member type="way" ref="1072010400" role=""/>
    <member type="way" ref="1072010399" role=""/>
    <member type="way" ref="94670390" role=""/>
    <member type="way" ref="1072010398" role=""/>
    <member type="way" ref="199108371" role=""/>
    <member type="way" ref="1307315871" role=""/>
    <member type="way" ref="1307315872" role=""/>
    <member type="way" ref="217019064" role=""/>
    <member type="way" ref="1072010396" role=""/>
    <member type="way" ref="1072010395" role=""/>
    <member type="way" ref="1072010394" role=""/>
    <member type="way" ref="1072010393" role=""/>
    <member type="way" ref="50219179" role=""/>
    <member type="way" ref="235007691" role=""/>
    <member type="way" ref="235007689" role=""/>
    <member type="way" ref="786425675" role=""/>
    <member type="way" ref="252948275" role=""/>
    <member type="way" ref="783524730" role=""/>
    <member type="way" ref="783524731" role=""/>
    <member type="way" ref="52048544" role=""/>
    <member type="way" ref="22627735" role=""/>
    <member type="way" ref="753448898" role=""/>
    <member type="way" ref="693118308" role=""/>
    <member type="way" ref="22627750" role=""/>
    <member type="way" ref="155441564" role=""/>
    <member type="way" ref="1040122100" role=""/>
    <member type="way" ref="1040122099" role=""/>
    <member type="way" ref="155441563" role=""/>
    <member type="way" ref="543765716" role=""/>
    <member type="way" ref="52048552" role=""/>
    <member type="way" ref="570684343" role=""/>
    <member type="way" ref="570696862" role=""/>
    <member type="way" ref="570699294" role=""/>
    <member type="way" ref="52048548" role=""/>
    <member type="way" ref="40953726" role=""/>
    <member type="way" ref="239512278" role=""/>
    <member type="way" ref="52048549" role=""/>
    <member type="way" ref="40953726" role=""/>
    <member type="way" ref="4425853" role=""/>
    <member type="way" ref="4393327" role=""/>
    <member type="way" ref="8127551" role=""/>
    <member type="way" ref="8127554" role=""/>
    <member type="way" ref="22626870" role=""/>
    <member type="way" ref="1034016831" role=""/>
    <member type="way" ref="571332943" role=""/>
    <member type="way" ref="619827864" role=""/>
    <member type="way" ref="619827861" role=""/>
    <member type="way" ref="8127555" role=""/>
    <member type="way" ref="130007417" role=""/>
    <member type="way" ref="8125189" role=""/>
    <member type="way" ref="52048197" role=""/>
    <member type="way" ref="4040265" role=""/>
    <member type="way" ref="1067614434" role=""/>
    <member type="way" ref="1067614433" role=""/>
    <member type="way" ref="1067614432" role=""/>
    <member type="way" ref="1067614431" role=""/>
    <member type="way" ref="1067614430" role=""/>
    <member type="way" ref="1067614429" role=""/>
    <member type="way" ref="1067614428" role=""/>
    <member type="way" ref="350204273" role=""/>
    <member type="way" ref="1307304925" role=""/>
    <member type="way" ref="1304559690" role=""/>
    <member type="way" ref="1304559691" role=""/>
    <member type="way" ref="4396439" role=""/>
    <member type="way" ref="251918072" role=""/>
    <member type="way" ref="23111278" role=""/>
    <tag k="from" v="Trafalgar Square / Charing Cross Station"/>
    <tag k="name" v="London Buses route N5 → Edgware"/>
    <tag k="network" v="London Buses"/>
    <tag k="network:wikidata" v="Q1192411"/>
    <tag k="network:wikipedia" v="en:London Buses"/>
    <tag k="note" v="Intricate relation - do not auto-sort."/>
    <tag k="operator" v="RATP Dev Transit London"/>
    <tag k="operator:wikidata" v="Q108872256"/>
    <tag k="public_transport:version" v="2"/>
    <tag k="ref" v="N5"/>
    <tag k="route" v="bus"/>
    <tag k="to" v="Edgware Station"/>
    <tag k="type" v="route"/>
  </relation>
  <relation id="8211681" version="130" timestamp="2024-11-19T09:08:13Z" changeset="159314859" uid="2230609" user="Σεραφειμ">
    <member type="node" ref="5589393328" role="platform_entry_only"/>
    <member type="node" ref="469784392" role="platform"/>
    <member type="node" ref="469786675" role="platform"/>
    <member type="node" ref="4946936484" role="stop"/>
    <member type="node" ref="469774298" role="platform"/>
    <member type="node" ref="469760784" role="platform"/>
    <member type="node" ref="469763812" role="platform"/>
    <member type="node" ref="469780980" role="platform"/>
    <member type="node" ref="469768224" role="platform"/>
    <member type="node" ref="469773508" role="platform"/>
    <member type="node" ref="469783036" role="platform"/>
    <member type="node" ref="469770258" role="platform"/>
    <member type="node" ref="469765645" role="platform"/>
    <member type="node" ref="469789280" role="platform"/>
    <member type="node" ref="469770248" role="platform"/>
    <member type="node" ref="469770246" role="platform"/>
    <member type="node" ref="469768190" role="platform"/>
    <member type="node" ref="469782402" role="platform"/>
    <member type="node" ref="469779755" role="platform"/>
    <member type="node" ref="469789201" role="platform"/>
    <member type="node" ref="469789203" role="platform"/>
    <member type="node" ref="469786914" role="platform"/>
    <member type="node" ref="469770787" role="platform"/>
    <member type="node" ref="469768693" role="platform"/>
    <member type="node" ref="469774602" role="platform"/>
    <member type="node" ref="469760127" role="platform"/>
    <member type="node" ref="469771904" role="platform"/>
    <member type="node" ref="469769864" role="platform"/>
    <member type="node" ref="469771502" role="platform"/>
    <member type="node" ref="469774412" role="platform"/>
    <member type="node" ref="3903303773" role="stop"/>
    <member type="node" ref="469769887" role="platform"/>
    <member type="node" ref="469776684" role="platform"/>
    <member type="node" ref="469783542" role="platform"/>
    <member type="node" ref="469780892" role="platform"/>
    <member type="node" ref="469761166" role="platform"/>
    <member type="node" ref="469788132" role="platform"/>
    <member type="node" ref="469760072" role="platform"/>
    <member type="node" ref="3904886808" role="stop"/>
    <member type="node" ref="469786846" role="platform"/>
    <member type="node" ref="469775764" role="platform"/>
    <member type="node" ref="469772083" role="platform"/>
    <member type="node" ref="469776915" role="platform"/>
    <member type="node" ref="469760795" role="platform"/>
    <member type="node" ref="5229553608" role="stop"/>
    <member type="node" ref="3902043775" role="stop"/>
    <member type="node" ref="469773630" role="platform"/>
    <member type="node" ref="4062567241" role="stop"/>
    <member type="node" ref="3915505211" role="stop"/>
    <member type="node" ref="5419087822" role="stop"/>
    <member type="node" ref="5419087823" role="stop"/>
    <member type="node" ref="469786544" role="platform"/>
    <member type="node" ref="469773556" role="platform"/>
    <member type="node" ref="469772567" role="platform"/>
    <member type="node" ref="469760922" role="platform"/>
    <member type="node" ref="469770329" role="platform"/>
    <member type="node" ref="469778645" role="platform"/>
    <member type="node" ref="469780521" role="platform"/>
    <member type="node" ref="469765187" role="platform"/>
    <member type="node" ref="293390294" role="stop"/>
    <member type="node" ref="389475762" role="stop"/>
    <member type="node" ref="469760437" role="platform"/>
    <member type="node" ref="469762099" role="platform"/>
    <member type="node" ref="4544414346" role="stop"/>
    <member type="node" ref="2532429815" role="stop"/>
    <member type="node" ref="4505496771" role="stop"/>
    <member type="node" ref="469784435" role="stop"/>
    <member type="node" ref="6391776690" role="platform"/>
    <member type="node" ref="6391776691" role="platform"/>
    <member type="node" ref="6391776689" role="platform"/>
    <member type="node" ref="5364578863" role="stop"/>
    <member type="node" ref="5364578862" role="stop"/>
    <member type="node" ref="5364578859" role="stop"/>
    <member type="node" ref="3810553691" role="stop"/>
    <member type="node" ref="4650621306" role="stop_exit_only"/>
    <member type="way" ref="668010678" role=""/>
    <member type="way" ref="22880219" role=""/>
    <member type="way" ref="47034728" role=""/>
    <member type="way" ref="48736821" role=""/>
    <member type="way" ref="188236589" role=""/>
    <member type="way" ref="1180225072" role=""/>
    <member type="way" ref="1033258747" role=""/>
    <member type="way" ref="1055844966" role=""/>
    <member type="way" ref="1055844964" role=""/>
    <member type="way" ref="1033286373" role=""/>
    <member type="way" ref="1055844959" role=""/>
    <member type="way" ref="52292308" role=""/>
    <member type="way" ref="1055844970" role=""/>
    <member type="way" ref="504546266" role=""/>
    <member type="way" ref="311817421" role=""/>
    <member type="way" ref="1213" role=""/>
    <member type="way" ref="918688531" role=""/>
    <member type="way" ref="298341988" role=""/>
    <member type="way" ref="298341992" role=""/>
    <member type="way" ref="298341990" role=""/>
    <member type="way" ref="190712956" role=""/>
    <member type="way" ref="24551662" role=""/>
    <member type="way" ref="1167463397" role=""/>
    <member type="way" ref="1167463396" role=""/>
    <member type="way" ref="395064663" role=""/>
    <member type="way" ref="314063846" role=""/>
    <member type="way" ref="24772433" role=""/>
    <member type="way" ref="1167463394" role=""/>
    <member type="way" ref="52292310" role=""/>
    <member type="way" ref="8119812" role=""/>
    <member type="way" ref="677638540" role=""/>
    <member type="way" ref="1167463395" role=""/>
    <member type="way" ref="8119811" role=""/>
    <member type="way" ref="281551520" role=""/>
    <member type="way" ref="8119809" role=""/>
    <member type="way" ref="1022446459" role=""/>
    <member type="way" ref="1255201689" role=""/>
    <member type="way" ref="1255201688" role=""/>
    <member type="way" ref="1255201686" role=""/>
    <member type="way" ref="65350537" role=""/>
    <member type="way" ref="1210" role=""/>
    <member type="way" ref="247160426" role=""/>
    <member type="way" ref="247160425" role=""/>
    <member type="way" ref="1022102839" role=""/>
    <member type="way" ref="218997356" role=""/>
    <member type="way" ref="1189160210" role=""/>
    <member type="way" ref="106292657" role=""/>
    <member type="way" ref="1022108222" role=""/>
    <member type="way" ref="1022108221" role=""/>
    <member type="way" ref="1243947114" role=""/>
    <member type="way" ref="1243947119" role=""/>
    <member type="way" ref="1243947113" role=""/>
    <member type="way" ref="130007415" role=""/>
    <member type="way" ref="1243947118" role=""/>
    <member type="way" ref="1243947111" role=""/>
    <member type="way" ref="1243947110" role=""/>
    <member type="way" ref="47010584" role=""/>
    <member type="way" ref="75" role=""/>
    <member type="way" ref="188086951" role=""/>
    <member type="way" ref="591444498" role=""/>
    <member type="way" ref="211919303" role=""/>
    <member type="way" ref="23100805" role=""/>
    <member type="way" ref="665523507" role=""/>
    <member type="way" ref="46919017" role=""/>
    <member type="way" ref="217112712" role=""/>
    <member type="way" ref="618999267" role=""/>
    <member type="way" ref="618999270" role=""/>
    <member type="way" ref="198188710" role=""/>
    <member type="way" ref="501230562" role=""/>
    <member type="way" ref="618999274" role=""/>
    <member type="way" ref="877505041" role=""/>
    <member type="way" ref="1255916658" role=""/>
    <member type="way" ref="1255916662" role=""/>
    <member type="way" ref="1255916661" role=""/>
    <member type="way" ref="132746848" role=""/>
    <member type="way" ref="4341987" role=""/>
    <member type="way" ref="8119743" role=""/>
    <member type="way" ref="33337978" role=""/>
    <member type="way" ref="591032419" role=""/>
    <member type="way" ref="26929914" role=""/>
    <member type="way" ref="321543564" role=""/>
    <member type="way" ref="74" role=""/>
    <member type="way" ref="314063858" role=""/>
    <member type="way" ref="23516760" role=""/>
    <member type="way" ref="23516763" role=""/>
    <member type="way" ref="591032418" role=""/>
    <member type="way" ref="51182083" role=""/>
    <member type="way" ref="51182333" role=""/>
    <member type="way" ref="79" role=""/>
    <member type="way" ref="51182082" role=""/>
    <member type="way" ref="196819589" role=""/>
    <member type="way" ref="196819588" role=""/>
    <member type="way" ref="605387696" role=""/>
    <member type="way" ref="605387698" role=""/>
    <member type="way" ref="51182819" role=""/>
    <member type="way" ref="597540462" role=""/>
    <member type="way" ref="597540461" role=""/>
    <member type="way" ref="949707788" role=""/>
    <member type="way" ref="965415906" role=""/>
    <member type="way" ref="2211" role=""/>
    <member type="way" ref="668139267" role=""/>
    <member type="way" ref="668139265" role=""/>
    <member type="way" ref="1138957698" role=""/>
    <member type="way" ref="1156262446" role=""/>
    <member type="way" ref="1156262493" role=""/>
    <member type="way" ref="1138957697" role=""/>
    <member type="way" ref="1140250550" role=""/>
    <member type="way" ref="8119969" role=""/>
    <member type="way" ref="2212" role=""/>
    <member type="way" ref="314063853" role=""/>
    <member type="way" ref="1067663261" role=""/>
    <member type="way" ref="164438773" role=""/>
    <member type="way" ref="843575639" role=""/>
    <member type="way" ref="297004517" role=""/>
    <member type="way" ref="1154757514" role=""/>
    <member type="way" ref="229588921" role=""/>
    <member type="way" ref="130883592" role=""/>
    <member type="way" ref="504127883" role=""/>
    <member type="way" ref="229588926" role=""/>
    <member type="way" ref="504127880" role=""/>
    <member type="way" ref="147019552" role=""/>
    <member type="way" ref="1154757509" role=""/>
    <member type="way" ref="8124107" role=""/>
    <member type="way" ref="8124108" role=""/>
    <member type="way" ref="1154864103" role=""/>
    <member type="way" ref="2495382" role=""/>
    <member type="way" ref="475176760" role=""/>
    <member type="way" ref="676199551" role=""/>
    <member type="way" ref="24756917" role=""/>
    <member type="way" ref="386968668" role=""/>
    <member type="way" ref="386848896" role=""/>
    <member type="way" ref="2236564" role=""/>
    <member type="way" ref="403966474" role=""/>
    <member type="way" ref="130883596" role=""/>
    <member type="way" ref="1064395412" role=""/>
    <member type="way" ref="403966475" role=""/>
    <member type="way" ref="130883595" role=""/>
    <member type="way" ref="403966476" role=""/>
    <member type="way" ref="484940168" role=""/>
    <member type="way" ref="388339778" role=""/>
    <member type="way" ref="823520722" role=""/>
    <member type="way" ref="388339780" role=""/>
    <member type="way" ref="1128345666" role=""/>
    <member type="way" ref="35400434" role=""/>
    <member type="way" ref="51240700" role=""/>
    <member type="way" ref="2495383" role=""/>
    <member type="way" ref="460425289" role=""/>
    <member type="way" ref="482771660" role=""/>
    <member type="way" ref="47034327" role=""/>
    <member type="way" ref="241169593" role=""/>
    <member type="way" ref="1128122346" role=""/>
    <member type="way" ref="1128122347" role=""/>
    <member type="way" ref="1128345667" role=""/>
    <member type="way" ref="388339788" role=""/>
    <member type="way" ref="388339789" role=""/>
    <member type="way" ref="30901819" role=""/>
    <member type="way" ref="1335324967" role=""/>
    <member type="way" ref="1298327177" role=""/>
    <member type="way" ref="1298327176" role=""/>
    <member type="way" ref="1298327178" role=""/>
    <member type="way" ref="1298327174" role=""/>
    <member type="way" ref="562087583" role=""/>
    <member type="way" ref="1064395420" role=""/>
    <member type="way" ref="22617685" role=""/>
    <member type="way" ref="1064395421" role=""/>
    <member type="way" ref="4247639" role=""/>
    <member type="way" ref="1064395422" role=""/>
    <member type="way" ref="1064395423" role=""/>
    <member type="way" ref="1064395424" role=""/>
    <member type="way" ref="968622889" role=""/>
    <member type="way" ref="968622890" role=""/>
    <member type="way" ref="1064384168" role=""/>
    <member type="way" ref="1064384169" role=""/>
    <member type="way" ref="885707004" role=""/>
    <member type="way" ref="1064384170" role=""/>
    <member type="way" ref="885707008" role=""/>
    <member type="way" ref="885707014" role=""/>
    <member type="way" ref="885707005" role=""/>
    <member type="way" ref="885707011" role=""/>
    <member type="way" ref="4276831" role=""/>
    <member type="way" ref="22597485" role=""/>
    <member type="way" ref="1064384180" role=""/>
    <member type="way" ref="1064384181" role=""/>
    <member type="way" ref="22597484" role=""/>
    <member type="way" ref="27611873" role=""/>
    <member type="way" ref="643357249" role=""/>
    <member type="way" ref="643357248" role=""/>
    <member type="way" ref="1055242555" role=""/>
    <member type="way" ref="4262451" role=""/>
    <member type="way" ref="1069301604" role=""/>
    <member type="way" ref="1069301603" role=""/>
    <member type="way" ref="4262452" role=""/>
    <member type="way" ref="723841051" role=""/>
    <member type="way" ref="83358161" role=""/>
    <member type="way" ref="835618252" role=""/>
    <member type="way" ref="1245958912" role=""/>
    <member type="way" ref="1262812689" role=""/>
    <member type="way" ref="1262812694" role=""/>
    <member type="way" ref="1061092782" role=""/>
    <member type="way" ref="83358163" role=""/>
    <member type="way" ref="4252251" role=""/>
    <member type="way" ref="1152687506" role=""/>
    <member type="way" ref="1152687507" role=""/>
    <member type="way" ref="1152687508" role=""/>
    <member type="way" ref="226098091" role=""/>
    <member type="way" ref="48379514" role=""/>
    <member type="way" ref="48379513" role=""/>
    <member type="way" ref="1152687509" role=""/>
    <member type="way" ref="47048979" role=""/>
    <member type="way" ref="1069301602" role=""/>
    <member type="way" ref="1069301601" role=""/>
    <member type="way" ref="253360360" role=""/>
    <member type="way" ref="4367360" role=""/>
    <member type="way" ref="586649845" role=""/>
    <member type="way" ref="211950233" role=""/>
    <member type="way" ref="1074324493" role=""/>
    <member type="way" ref="586151544" role=""/>
    <member type="way" ref="1074324494" role=""/>
    <member type="way" ref="41383226" role=""/>
    <member type="way" ref="237414591" role=""/>
    <member type="way" ref="4680883" role=""/>
    <member type="way" ref="1065258316" role=""/>
    <member type="way" ref="1197502283" role=""/>
    <member type="way" ref="396327478" role=""/>
    <member type="way" ref="1065258315" role=""/>
    <member type="way" ref="396327477" role=""/>
    <member type="way" ref="1221771036" role=""/>
    <member type="way" ref="1221661963" role=""/>
    <member type="way" ref="1221771035" role=""/>
    <member type="way" ref="583871396" role=""/>
    <member type="way" ref="1274185527" role=""/>
    <member type="way" ref="1308796308" role=""/>
    <member type="way" ref="161652141" role=""/>
    <member type="way" ref="1308852847" role=""/>
    <member type="way" ref="1308796311" role=""/>
    <member type="way" ref="1288150330" role=""/>
    <member type="way" ref="1272434499" role=""/>
    <member type="way" ref="1288150332" role=""/>
    <member type="way" ref="1065258327" role=""/>
    <member type="way" ref="1272434502" role=""/>
    <member type="way" ref="1065258328" role=""/>
    <member type="way" ref="1200989935" role=""/>
    <member type="way" ref="26834676" role=""/>
    <member type="way" ref="504568298" role=""/>
    <member type="way" ref="246170016" role=""/>
    <member type="way" ref="1200989934" role=""/>
    <member type="way" ref="246170015" role=""/>
    <member type="way" ref="62036634" role=""/>
    <member type="way" ref="24936216" role=""/>
    <member type="way" ref="825178802" role=""/>
    <member type="way" ref="825178804" role=""/>
    <member type="way" ref="837448595" role=""/>
    <member type="way" ref="49934847" role=""/>
    <member type="way" ref="881317812" role=""/>
    <member type="way" ref="825175712" role=""/>
    <member type="way" ref="235992910" role=""/>
    <member type="way" ref="379356922" role=""/>
    <member type="way" ref="527096914" role=""/>
    <member type="way" ref="1112597547" role=""/>
    <member type="way" ref="1065177556" role=""/>
    <member type="way" ref="1062480575" role=""/>
    <member type="way" ref="1059707542" role=""/>
    <member type="way" ref="1059707545" role=""/>
    <member type="way" ref="316158482" role=""/>
    <member type="way" ref="279154263" role=""/>
    <member type="way" ref="279154306" role=""/>
    <member type="way" ref="279154261" role=""/>
    <member type="way" ref="279154281" role=""/>
    <member type="way" ref="279154278" role=""/>
    <member type="way" ref="685100528" role=""/>
    <member type="way" ref="279154280" role=""/>
    <member type="way" ref="674756318" role=""/>
    <member type="way" ref="685020271" role=""/>
    <member type="way" ref="589640599" role=""/>
    <member type="way" ref="41588174" role=""/>
    <member type="way" ref="303559648" role=""/>
    <member type="way" ref="685020269" role=""/>
    <member type="way" ref="674756319" role=""/>
    <member type="way" ref="996665162" role=""/>
    <member type="way" ref="17929789" role=""/>
    <member type="way" ref="996665163" role=""/>
    <member type="way" ref="913020667" role=""/>
    <member type="way" ref="587317657" role=""/>
    <member type="way" ref="996664292" role=""/>
    <member type="way" ref="996664293" role=""/>
    <member type="way" ref="678745736" role=""/>
    <member type="way" ref="381411919" role=""/>
    <member type="way" ref="303559647" role=""/>
    <member type="way" ref="674795487" role=""/>
    <member type="way" ref="1067635355" role=""/>
    <member type="way" ref="48465026" role=""/>
    <member type="way" ref="48465025" role=""/>
    <member type="way" ref="1271099762" role=""/>
    <member type="way" ref="299682133" role=""/>
    <member type="way" ref="912201551" role=""/>
    <member type="way" ref="264965257" role=""/>
    <member type="way" ref="264965256" role=""/>
    <member type="way" ref="667745342" role=""/>
    <member type="way" ref="1067635356" role=""/>
    <member type="way" ref="299682132" role=""/>
    <member type="way" ref="685020270" role=""/>
    <member type="way" ref="564099715" role=""/>
    <member type="way" ref="101982008" role=""/>
    <member type="way" ref="1065177553" role=""/>
    <member type="way" ref="31039" role=""/>
    <member type="way" ref="1049590080" role=""/>
    <member type="way" ref="315631030" role=""/>
    <member type="way" ref="293637093" role=""/>
    <member type="way" ref="233075058" role=""/>
    <member type="way" ref="116615382" role=""/>
    <member type="way" ref="1049590470" role=""/>
    <member type="way" ref="242166996" role=""/>
    <member type="way" ref="1049590471" role=""/>
    <member type="way" ref="628429131" role=""/>
    <member type="way" ref="628429129" role=""/>
    <member type="way" ref="271816293" role=""/>
    <member type="way" ref="5003469" role=""/>
    <member type="way" ref="585785135" role=""/>
    <member type="way" ref="4382814" role=""/>
    <member type="way" ref="4382813" role=""/>
    <member type="way" ref="4082596" role=""/>
    <member type="way" ref="49798450" role=""/>
    <member type="way" ref="49798167" role=""/>
    <member type="way" ref="647037416" role=""/>
    <member type="way" ref="647037415" role=""/>
    <member type="way" ref="647037414" role=""/>
    <member type="way" ref="267213248" role=""/>
    <member type="way" ref="267213404" role=""/>
    <member type="way" ref="480094743" role=""/>
    <member type="way" ref="1065112863" role=""/>
    <member type="way" ref="230506725" role=""/>
    <member type="way" ref="43154948" role=""/>
    <member type="way" ref="230506728" role=""/>
    <member type="way" ref="43118734" role=""/>
    <member type="way" ref="451852747" role=""/>
    <member type="way" ref="43365536" role=""/>
    <member type="way" ref="23715305" role=""/>
    <member type="way" ref="39093506" role=""/>
    <tag k="from" v="Barnet Hospital"/>
    <tag k="name" v="London Buses route N20 → Trafalgar Square"/>
    <tag k="network" v="London Buses"/>
    <tag k="network:wikidata" v="Q1192411"/>
    <tag k="network:wikipedia" v="en:London Buses"/>
    <tag k="operator" v="Metroline"/>
    <tag k="public_transport:version" v="2"/>
    <tag k="ref" v="N20"/>
    <tag k="route" v="bus"/>
    <tag k="to" v="Whitehall / Trafalgar Square"/>
    <tag k="type" v="route"/>
  </relation>
  <relation id="8211682" version="126" timestamp="2024-11-22T21:39:46Z" changeset="159476361" uid="22067490" user="VLD294">
    <member type="node" ref="3810553690" role="stop_entry_only"/>
    <member type="node" ref="5364578860" role="stop"/>
    <member type="node" ref="5364578865" role="stop"/>
    <member type="node" ref="5364578866" role="stop"/>
    <member type="node" ref="5434424322" role="stop"/>
    <member type="node" ref="469760233" role="platform"/>
    <member type="node" ref="5440856682" role="stop"/>
    <member type="node" ref="4543005956" role="stop"/>
    <member type="node" ref="1317141120" role="stop"/>
    <member type="node" ref="773273717" role="stop"/>
    <member type="node" ref="4544414347" role="stop"/>
    <member type="node" ref="469762098" role="platform"/>
    <member type="node" ref="469760433" role="platform"/>
    <member type="node" ref="294016427" role="platform"/>
    <member type="node" ref="5678978839" role="stop"/>
    <member type="node" ref="469760043" role="platform"/>
    <member type="node" ref="469771774" role="platform"/>
    <member type="node" ref="469778641" role="platform"/>
    <member type="node" ref="469766356" role="platform"/>
    <member type="node" ref="469760923" role="platform"/>
    <member type="node" ref="469772565" role="platform"/>
    <member type="node" ref="469773555" role="platform"/>
    <member type="node" ref="469766976" role="platform"/>
    <member type="node" ref="469786545" role="platform"/>
    <member type="node" ref="5419087824" role="stop"/>
    <member type="node" ref="5419087821" role="stop"/>
    <member type="node" ref="3915505208" role="stop"/>
    <member type="node" ref="4062567240" role="stop"/>
    <member type="node" ref="4062567239" role="stop"/>
    <member type="node" ref="3902043776" role="stop"/>
    <member type="node" ref="469781934" role="platform"/>
    <member type="node" ref="469781144" role="platform"/>
    <member type="node" ref="469786845" role="platform"/>
    <member type="node" ref="3904886809" role="stop"/>
    <member type="node" ref="469760070" role="platform"/>
    <member type="node" ref="469788129" role="platform"/>
    <member type="node" ref="469762566" role="platform"/>
    <member type="node" ref="469783549" role="platform"/>
    <member type="node" ref="469776685" role="platform"/>
    <member type="node" ref="469769886" role="platform"/>
    <member type="node" ref="3903303774" role="stop"/>
    <member type="node" ref="469774413" role="platform"/>
    <member type="node" ref="469771503" role="platform"/>
    <member type="node" ref="469767106" role="platform"/>
    <member type="node" ref="469771905" role="platform"/>
    <member type="node" ref="469789284" role="platform"/>
    <member type="node" ref="469760126" role="platform"/>
    <member type="node" ref="469774601" role="platform"/>
    <member type="node" ref="469768692" role="platform"/>
    <member type="node" ref="469770786" role="platform"/>
    <member type="node" ref="469786463" role="platform"/>
    <member type="node" ref="469781146" role="platform"/>
    <member type="node" ref="469785414" role="platform"/>
    <member type="node" ref="469779756" role="platform"/>
    <member type="node" ref="469782401" role="platform"/>
    <member type="node" ref="469768189" role="platform"/>
    <member type="node" ref="469782686" role="platform"/>
    <member type="node" ref="469770247" role="platform"/>
    <member type="node" ref="469789279" role="platform"/>
    <member type="node" ref="469765644" role="platform"/>
    <member type="node" ref="469766069" role="platform"/>
    <member type="node" ref="469770257" role="platform"/>
    <member type="node" ref="469782974" role="platform"/>
    <member type="node" ref="469773507" role="platform"/>
    <member type="node" ref="469768223" role="platform"/>
    <member type="node" ref="469763810" role="platform"/>
    <member type="node" ref="469784302" role="platform"/>
    <member type="node" ref="469760783" role="platform"/>
    <member type="node" ref="1600220472" role="stop"/>
    <member type="node" ref="469786674" role="platform"/>
    <member type="node" ref="469774404" role="platform"/>
    <member type="node" ref="469784396" role="platform"/>
    <member type="node" ref="5589393328" role="platform_exit_only"/>
    <member type="way" ref="480094742" role=""/>
    <member type="way" ref="267213537" role=""/>
    <member type="way" ref="267213403" role=""/>
    <member type="way" ref="647037414" role=""/>
    <member type="way" ref="647037415" role=""/>
    <member type="way" ref="647037416" role=""/>
    <member type="way" ref="49798167" role=""/>
    <member type="way" ref="49798450" role=""/>
    <member type="way" ref="4082596" role=""/>
    <member type="way" ref="4382813" role=""/>
    <member type="way" ref="4382814" role=""/>
    <member type="way" ref="585785135" role=""/>
    <member type="way" ref="5003469" role=""/>
    <member type="way" ref="271816293" role=""/>
    <member type="way" ref="264966078" role=""/>
    <member type="way" ref="628429131" role=""/>
    <member type="way" ref="1049590471" role=""/>
    <member type="way" ref="242166996" role=""/>
    <member type="way" ref="1049590470" role=""/>
    <member type="way" ref="116615382" role=""/>
    <member type="way" ref="233075058" role=""/>
    <member type="way" ref="293637093" role=""/>
    <member type="way" ref="315631030" role=""/>
    <member type="way" ref="1049590080" role=""/>
    <member type="way" ref="31039" role=""/>
    <member type="way" ref="1065177553" role=""/>
    <member type="way" ref="101982008" role=""/>
    <member type="way" ref="564099715" role=""/>
    <member type="way" ref="685020270" role=""/>
    <member type="way" ref="299682132" role=""/>
    <member type="way" ref="1067635356" role=""/>
    <member type="way" ref="667745342" role=""/>
    <member type="way" ref="264965256" role=""/>
    <member type="way" ref="264965257" role=""/>
    <member type="way" ref="912201551" role=""/>
    <member type="way" ref="299682133" role=""/>
    <member type="way" ref="1271099762" role=""/>
    <member type="way" ref="48465025" role=""/>
    <member type="way" ref="48465026" role=""/>
    <member type="way" ref="1067635355" role=""/>
    <member type="way" ref="674795487" role=""/>
    <member type="way" ref="303559647" role=""/>
    <member type="way" ref="381411919" role=""/>
    <member type="way" ref="678745736" role=""/>
    <member type="way" ref="996664293" role=""/>
    <member type="way" ref="996664292" role=""/>
    <member type="way" ref="587317657" role=""/>
    <member type="way" ref="913020667" role=""/>
    <member type="way" ref="996665163" role=""/>
    <member type="way" ref="17929789" role=""/>
    <member type="way" ref="996665162" role=""/>
    <member type="way" ref="674756319" role=""/>
    <member type="way" ref="685020269" role=""/>
    <member type="way" ref="303559648" role=""/>
    <member type="way" ref="41588174" role=""/>
    <member type="way" ref="589640599" role=""/>
    <member type="way" ref="685020271" role=""/>
    <member type="way" ref="674756318" role=""/>
    <member type="way" ref="279154280" role=""/>
    <member type="way" ref="1264391400" role=""/>
    <member type="way" ref="1264391401" role=""/>
    <member type="way" ref="1264391402" role=""/>
    <member type="way" ref="1264391403" role=""/>
    <member type="way" ref="1264391404" role=""/>
    <member type="way" ref="1264391397" role=""/>
    <member type="way" ref="201303145" role=""/>
    <member type="way" ref="279154266" role=""/>
    <member type="way" ref="1065177555" role=""/>
    <member type="way" ref="279154267" role=""/>
    <member type="way" ref="279154270" role=""/>
    <member type="way" ref="823008429" role=""/>
    <member type="way" ref="825288061" role=""/>
    <member type="way" ref="1112581129" role=""/>
    <member type="way" ref="35085540" role=""/>
    <member type="way" ref="235993022" role=""/>
    <member type="way" ref="825288047" role=""/>
    <member type="way" ref="1112581130" role=""/>
    <member type="way" ref="235992911" role=""/>
    <member type="way" ref="1112581131" role=""/>
    <member type="way" ref="825288051" role=""/>
    <member type="way" ref="501243983" role=""/>
    <member type="way" ref="26834677" role=""/>
    <member type="way" ref="62036633" role=""/>
    <member type="way" ref="648568130" role=""/>
    <member type="way" ref="1265033829" role=""/>
    <member type="way" ref="1265033830" role=""/>
    <member type="way" ref="246170014" role=""/>
    <member type="way" ref="95709545" role=""/>
    <member type="way" ref="1265033821" role=""/>
    <member type="way" ref="1265033832" role=""/>
    <member type="way" ref="653692202" role=""/>
    <member type="way" ref="62036630" role=""/>
    <member type="way" ref="504568375" role=""/>
    <member type="way" ref="1065258328" role=""/>
    <member type="way" ref="1272434502" role=""/>
    <member type="way" ref="1065258327" role=""/>
    <member type="way" ref="1288150332" role=""/>
    <member type="way" ref="1272434499" role=""/>
    <member type="way" ref="1288150330" role=""/>
    <member type="way" ref="1308796311" role=""/>
    <member type="way" ref="1308852847" role=""/>
    <member type="way" ref="161652141" role=""/>
    <member type="way" ref="1308796308" role=""/>
    <member type="way" ref="1274185527" role=""/>
    <member type="way" ref="583871396" role=""/>
    <member type="way" ref="4680848" role=""/>
    <member type="way" ref="823011293" role=""/>
    <member type="way" ref="694352951" role=""/>
    <member type="way" ref="823011294" role=""/>
    <member type="way" ref="1225448314" role=""/>
    <member type="way" ref="26781036" role=""/>
    <member type="way" ref="1221761910" role=""/>
    <member type="way" ref="1305477373" role=""/>
    <member type="way" ref="823011291" role=""/>
    <member type="way" ref="217313923" role=""/>
    <member type="way" ref="220412585" role=""/>
    <member type="way" ref="211959862" role=""/>
    <member type="way" ref="224188584" role=""/>
    <member type="way" ref="1026246644" role=""/>
    <member type="way" ref="211956502" role=""/>
    <member type="way" ref="396325642" role=""/>
    <member type="way" ref="211956507" role=""/>
    <member type="way" ref="2372075" role=""/>
    <member type="way" ref="51960889" role=""/>
    <member type="way" ref="1067121888" role=""/>
    <member type="way" ref="168107143" role=""/>
    <member type="way" ref="226098089" role=""/>
    <member type="way" ref="930446025" role=""/>
    <member type="way" ref="18309853" role=""/>
    <member type="way" ref="930443769" role=""/>
    <member type="way" ref="930443768" role=""/>
    <member type="way" ref="48379508" role=""/>
    <member type="way" ref="849284648" role=""/>
    <member type="way" ref="849284649" role=""/>
    <member type="way" ref="48379509" role=""/>
    <member type="way" ref="930443764" role=""/>
    <member type="way" ref="18640069" role=""/>
    <member type="way" ref="129383015" role=""/>
    <member type="way" ref="129383013" role=""/>
    <member type="way" ref="83358163" role=""/>
    <member type="way" ref="1061092782" role=""/>
    <member type="way" ref="1061092783" role=""/>
    <member type="way" ref="1262812691" role=""/>
    <member type="way" ref="1262812688" role=""/>
    <member type="way" ref="219982506" role=""/>
    <member type="way" ref="502802551" role=""/>
    <member type="way" ref="722397671" role=""/>
    <member type="way" ref="723841051" role=""/>
    <member type="way" ref="4262452" role=""/>
    <member type="way" ref="1069301603" role=""/>
    <member type="way" ref="1069301604" role=""/>
    <member type="way" ref="4262451" role=""/>
    <member type="way" ref="1055242555" role=""/>
    <member type="way" ref="643357248" role=""/>
    <member type="way" ref="643357249" role=""/>
    <member type="way" ref="27611873" role=""/>
    <member type="way" ref="22597484" role=""/>
    <member type="way" ref="1064384181" role=""/>
    <member type="way" ref="1064384180" role=""/>
    <member type="way" ref="22597485" role=""/>
    <member type="way" ref="4276831" role=""/>
    <member type="way" ref="885707011" role=""/>
    <member type="way" ref="885707005" role=""/>
    <member type="way" ref="885707014" role=""/>
    <member type="way" ref="885707008" role=""/>
    <member type="way" ref="1064384170" role=""/>
    <member type="way" ref="885707004" role=""/>
    <member type="way" ref="1064384169" role=""/>
    <member type="way" ref="1064384168" role=""/>
    <member type="way" ref="968622890" role=""/>
    <member type="way" ref="968622889" role=""/>
    <member type="way" ref="1064395424" role=""/>
    <member type="way" ref="1064395423" role=""/>
    <member type="way" ref="1064395422" role=""/>
    <member type="way" ref="4247639" role=""/>
    <member type="way" ref="1064395421" role=""/>
    <member type="way" ref="22617685" role=""/>
    <member type="way" ref="1064395420" role=""/>
    <member type="way" ref="562087583" role=""/>
    <member type="way" ref="1298327174" role=""/>
    <member type="way" ref="1298327178" role=""/>
    <member type="way" ref="1298327176" role=""/>
    <member type="way" ref="1298327177" role=""/>
    <member type="way" ref="1335324967" role=""/>
    <member type="way" ref="30901819" role=""/>
    <member type="way" ref="388339789" role=""/>
    <member type="way" ref="388339788" role=""/>
    <member type="way" ref="1128345667" role=""/>
    <member type="way" ref="1128122347" role=""/>
    <member type="way" ref="1128122346" role=""/>
    <member type="way" ref="241169593" role=""/>
    <member type="way" ref="47034327" role=""/>
    <member type="way" ref="482771660" role=""/>
    <member type="way" ref="460425289" role=""/>
    <member type="way" ref="460424732" role=""/>
    <member type="way" ref="1336959288" role=""/>
    <member type="way" ref="1336959289" role=""/>
    <member type="way" ref="460808647" role=""/>
    <member type="way" ref="843575089" role=""/>
    <member type="way" ref="460424730" role=""/>
    <member type="way" ref="246017145" role=""/>
    <member type="way" ref="482768616" role=""/>
    <member type="way" ref="482765892" role=""/>
    <member type="way" ref="482765891" role=""/>
    <member type="way" ref="482764866" role=""/>
    <member type="way" ref="482764862" role=""/>
    <member type="way" ref="482764864" role=""/>
    <member type="way" ref="403966473" role=""/>
    <member type="way" ref="403966472" role=""/>
    <member type="way" ref="130883590" role=""/>
    <member type="way" ref="130883594" role=""/>
    <member type="way" ref="130883588" role=""/>
    <member type="way" ref="2236564" role=""/>
    <member type="way" ref="386848896" role=""/>
    <member type="way" ref="386968668" role=""/>
    <member type="way" ref="24756917" role=""/>
    <member type="way" ref="676199551" role=""/>
    <member type="way" ref="475176760" role=""/>
    <member type="way" ref="2495382" role=""/>
    <member type="way" ref="1154864103" role=""/>
    <member type="way" ref="8124108" role=""/>
    <member type="way" ref="8124107" role=""/>
    <member type="way" ref="1154757509" role=""/>
    <member type="way" ref="147019552" role=""/>
    <member type="way" ref="504127880" role=""/>
    <member type="way" ref="2236994" role=""/>
    <member type="way" ref="229588918" role=""/>
    <member type="way" ref="223425687" role=""/>
    <member type="way" ref="130883591" role=""/>
    <member type="way" ref="1154748659" role=""/>
    <member type="way" ref="297032820" role=""/>
    <member type="way" ref="223425689" role=""/>
    <member type="way" ref="843575639" role=""/>
    <member type="way" ref="164438773" role=""/>
    <member type="way" ref="1067663261" role=""/>
    <member type="way" ref="314063853" role=""/>
    <member type="way" ref="2212" role=""/>
    <member type="way" ref="8119969" role=""/>
    <member type="way" ref="1140250550" role=""/>
    <member type="way" ref="31461016" role=""/>
    <member type="way" ref="31461013" role=""/>
    <member type="way" ref="1138957698" role=""/>
    <member type="way" ref="668139265" role=""/>
    <member type="way" ref="668139266" role=""/>
    <member type="way" ref="2211" role=""/>
    <member type="way" ref="965415906" role=""/>
    <member type="way" ref="949707788" role=""/>
    <member type="way" ref="597540461" role=""/>
    <member type="way" ref="597540462" role=""/>
    <member type="way" ref="51182819" role=""/>
    <member type="way" ref="605387698" role=""/>
    <member type="way" ref="605387696" role=""/>
    <member type="way" ref="196819588" role=""/>
    <member type="way" ref="196819589" role=""/>
    <member type="way" ref="51182082" role=""/>
    <member type="way" ref="79" role=""/>
    <member type="way" ref="51182333" role=""/>
    <member type="way" ref="51182083" role=""/>
    <member type="way" ref="591032418" role=""/>
    <member type="way" ref="23516763" role=""/>
    <member type="way" ref="23516760" role=""/>
    <member type="way" ref="314063858" role=""/>
    <member type="way" ref="74" role=""/>
    <member type="way" ref="321543564" role=""/>
    <member type="way" ref="26929914" role=""/>
    <member type="way" ref="591032419" role=""/>
    <member type="way" ref="33337978" role=""/>
    <member type="way" ref="8119743" role=""/>
    <member type="way" ref="4341987" role=""/>
    <member type="way" ref="132746848" role=""/>
    <member type="way" ref="1255916660" role=""/>
    <member type="way" ref="217113587" role=""/>
    <member type="way" ref="46919011" role=""/>
    <member type="way" ref="877505039" role=""/>
    <member type="way" ref="665523506" role=""/>
    <member type="way" ref="211919306" role=""/>
    <member type="way" ref="591444498" role=""/>
    <member type="way" ref="188086951" role=""/>
    <member type="way" ref="75" role=""/>
    <member type="way" ref="47010584" role=""/>
    <member type="way" ref="1243947109" role=""/>
    <member type="way" ref="1243947111" role=""/>
    <member type="way" ref="1243947118" role=""/>
    <member type="way" ref="1243947120" role=""/>
    <member type="way" ref="1243947113" role=""/>
    <member type="way" ref="1243947112" role=""/>
    <member type="way" ref="1243947114" role=""/>
    <member type="way" ref="1022108225" role=""/>
    <member type="way" ref="1022108220" role=""/>
    <member type="way" ref="1022108218" role=""/>
    <member type="way" ref="1022092652" role=""/>
    <member type="way" ref="1022102839" role=""/>
    <member type="way" ref="247160425" role=""/>
    <member type="way" ref="247160426" role=""/>
    <member type="way" ref="1210" role=""/>
    <member type="way" ref="65350537" role=""/>
    <member type="way" ref="1255201687" role=""/>
    <member type="way" ref="1064469179" role=""/>
    <member type="way" ref="211976763" role=""/>
    <member type="way" ref="1022446452" role=""/>
    <member type="way" ref="8119809" role=""/>
    <member type="way" ref="281551520" role=""/>
    <member type="way" ref="8119811" role=""/>
    <member type="way" ref="1167463395" role=""/>
    <member type="way" ref="677638540" role=""/>
    <member type="way" ref="8119812" role=""/>
    <member type="way" ref="52292310" role=""/>
    <member type="way" ref="1167463394" role=""/>
    <member type="way" ref="24772433" role=""/>
    <member type="way" ref="190712957" role=""/>
    <member type="way" ref="1212" role=""/>
    <member type="way" ref="961984441" role=""/>
    <member type="way" ref="584788752" role=""/>
    <member type="way" ref="190712956" role=""/>
    <member type="way" ref="298341990" role=""/>
    <member type="way" ref="298341992" role=""/>
    <member type="way" ref="298341988" role=""/>
    <member type="way" ref="918688531" role=""/>
    <member type="way" ref="1213" role=""/>
    <member type="way" ref="311817420" role=""/>
    <member type="way" ref="311817419" role=""/>
    <member type="way" ref="504546266" role=""/>
    <member type="way" ref="1055844970" role=""/>
    <member type="way" ref="52292308" role=""/>
    <member type="way" ref="542450890" role=""/>
    <member type="way" ref="1055844962" role=""/>
    <member type="way" ref="1055844961" role=""/>
    <member type="way" ref="1055844960" role=""/>
    <member type="way" ref="1180225072" role=""/>
    <member type="way" ref="188236589" role=""/>
    <member type="way" ref="48736821" role=""/>
    <member type="way" ref="47034728" role=""/>
    <member type="way" ref="22880219" role=""/>
    <member type="way" ref="584788753" role=""/>
    <member type="way" ref="614769767" role=""/>
    <member type="way" ref="668010676" role=""/>
    <member type="way" ref="104335925" role=""/>
    <member type="way" ref="615018014" role=""/>
    <member type="way" ref="649076537" role=""/>
    <tag k="from" v="Trafalgar Square / Charing Cross Station"/>
    <tag k="name" v="London Buses route N20 → Barnet Hospital"/>
    <tag k="network" v="London Buses"/>
    <tag k="network:wikidata" v="Q1192411"/>
    <tag k="network:wikipedia" v="en:London Buses"/>
    <tag k="operator" v="Metroline"/>
    <tag k="public_transport:version" v="2"/>
    <tag k="ref" v="N20"/>
    <tag k="route" v="bus"/>
    <tag k="to" v="Barnet Hospital"/>
    <tag k="type" v="route"/>
  </relation>
  <relation id="8211709" version="173" timestamp="2024-11-02T02:22:58Z" changeset="158643146" uid="322039" user="MacLondon">
    <member type="node" ref="3810553690" role="stop_entry_only"/>
    <member type="node" ref="5364578860" role="stop"/>
    <member type="node" ref="5364578865" role="stop"/>
    <member type="node" ref="5364578866" role="stop"/>
    <member type="node" ref="5434424322" role="stop"/>
    <member type="node" ref="469760233" role="platform"/>
    <member type="node" ref="5440856682" role="stop"/>
    <member type="node" ref="4543005956" role="stop"/>
    <member type="node" ref="4543005964" role="stop"/>
    <member type="node" ref="469776972" role="platform"/>
    <member type="node" ref="469760433" role="platform"/>
    <member type="node" ref="469765190" role="platform"/>
    <member type="node" ref="5678978839" role="stop"/>
    <member type="node" ref="469760044" role="platform"/>
    <member type="node" ref="469761215" role="platform"/>
    <member type="node" ref="469780554" role="platform"/>
    <member type="node" ref="469779364" role="platform"/>
    <member type="node" ref="469779698" role="platform"/>
    <member type="node" ref="469765191" role="platform"/>
    <member type="node" ref="469764280" role="platform"/>
    <member type="node" ref="469786542" role="platform"/>
    <member type="node" ref="469771259" role="platform"/>
    <member type="node" ref="469765633" role="platform"/>
    <member type="node" ref="469771476" role="platform"/>
    <member type="node" ref="4665582609" role="stop"/>
    <member type="node" ref="4665582608" role="stop"/>
    <member type="node" ref="2204070118" role="stop"/>
    <member type="node" ref="4665582604" role="stop"/>
    <member type="node" ref="4796120083" role="stop"/>
    <member type="node" ref="4037464685" role="stop"/>
    <member type="node" ref="4037464683" role="stop"/>
    <member type="node" ref="4037464687" role="stop"/>
    <member type="node" ref="469780500" role="platform"/>
    <member type="node" ref="3980609081" role="stop"/>
    <member type="node" ref="469761370" role="platform"/>
    <member type="node" ref="469774200" role="platform"/>
    <member type="node" ref="469780524" role="platform"/>
    <member type="node" ref="469764741" role="platform"/>
    <member type="node" ref="469769086" role="platform"/>
    <member type="node" ref="3886595833" role="platform"/>
    <member type="node" ref="469760269" role="platform"/>
    <member type="node" ref="3886595834" role="platform"/>
    <member type="node" ref="469787067" role="platform"/>
    <member type="node" ref="469771139" role="platform"/>
    <member type="node" ref="469774730" role="platform"/>
    <member type="node" ref="469780598" role="platform"/>
    <member type="node" ref="469764636" role="platform"/>
    <member type="node" ref="469775574" role="platform"/>
    <member type="node" ref="469787390" role="platform"/>
    <member type="node" ref="469765072" role="platform"/>
    <member type="node" ref="469777720" role="platform"/>
    <member type="node" ref="469773997" role="platform"/>
    <member type="node" ref="469764169" role="platform"/>
    <member type="node" ref="469779657" role="platform"/>
    <member type="node" ref="469774284" role="platform"/>
    <member type="node" ref="469768891" role="platform"/>
    <member type="node" ref="469786385" role="platform"/>
    <member type="node" ref="469780979" role="platform"/>
    <member type="node" ref="469779951" role="platform"/>
    <member type="node" ref="469770168" role="platform"/>
    <member type="node" ref="469780691" role="platform"/>
    <member type="node" ref="469786931" role="platform"/>
    <member type="node" ref="469767218" role="platform"/>
    <member type="node" ref="469766630" role="platform"/>
    <member type="node" ref="469779659" role="platform"/>
    <member type="node" ref="469766180" role="platform"/>
    <member type="node" ref="469777745" role="platform"/>
    <member type="node" ref="469766369" role="platform"/>
    <member type="node" ref="469768642" role="platform"/>
    <member type="node" ref="2237823417" role="stop_exit_only"/>
    <member type="way" ref="480094742" role=""/>
    <member type="way" ref="267213537" role=""/>
    <member type="way" ref="267213403" role=""/>
    <member type="way" ref="647037414" role=""/>
    <member type="way" ref="647037415" role=""/>
    <member type="way" ref="647037416" role=""/>
    <member type="way" ref="49798167" role=""/>
    <member type="way" ref="49798450" role=""/>
    <member type="way" ref="4082596" role=""/>
    <member type="way" ref="4382813" role=""/>
    <member type="way" ref="4382814" role=""/>
    <member type="way" ref="585785135" role=""/>
    <member type="way" ref="5003469" role=""/>
    <member type="way" ref="271816293" role=""/>
    <member type="way" ref="264966078" role=""/>
    <member type="way" ref="628429131" role=""/>
    <member type="way" ref="1049590471" role=""/>
    <member type="way" ref="242166996" role=""/>
    <member type="way" ref="1049590470" role=""/>
    <member type="way" ref="116615382" role=""/>
    <member type="way" ref="233075058" role=""/>
    <member type="way" ref="293637093" role=""/>
    <member type="way" ref="315631030" role=""/>
    <member type="way" ref="1049590080" role=""/>
    <member type="way" ref="31039" role=""/>
    <member type="way" ref="1065177553" role=""/>
    <member type="way" ref="101982008" role=""/>
    <member type="way" ref="564099715" role=""/>
    <member type="way" ref="685020270" role=""/>
    <member type="way" ref="299682132" role=""/>
    <member type="way" ref="1067635356" role=""/>
    <member type="way" ref="667745342" role=""/>
    <member type="way" ref="264965256" role=""/>
    <member type="way" ref="264965257" role=""/>
    <member type="way" ref="912201551" role=""/>
    <member type="way" ref="299682133" role=""/>
    <member type="way" ref="1271099762" role=""/>
    <member type="way" ref="48465025" role=""/>
    <member type="way" ref="48465026" role=""/>
    <member type="way" ref="1067635355" role=""/>
    <member type="way" ref="674795487" role=""/>
    <member type="way" ref="303559647" role=""/>
    <member type="way" ref="381411919" role=""/>
    <member type="way" ref="678745736" role=""/>
    <member type="way" ref="996664293" role=""/>
    <member type="way" ref="996664292" role=""/>
    <member type="way" ref="587317657" role=""/>
    <member type="way" ref="913020667" role=""/>
    <member type="way" ref="996665163" role=""/>
    <member type="way" ref="17929789" role=""/>
    <member type="way" ref="996665162" role=""/>
    <member type="way" ref="674756319" role=""/>
    <member type="way" ref="685020269" role=""/>
    <member type="way" ref="303559648" role=""/>
    <member type="way" ref="41588174" role=""/>
    <member type="way" ref="589640599" role=""/>
    <member type="way" ref="685020271" role=""/>
    <member type="way" ref="674756318" role=""/>
    <member type="way" ref="279154280" role=""/>
    <member type="way" ref="1264391400" role=""/>
    <member type="way" ref="1264391401" role=""/>
    <member type="way" ref="1264391402" role=""/>
    <member type="way" ref="1264391403" role=""/>
    <member type="way" ref="1264391404" role=""/>
    <member type="way" ref="184817705" role=""/>
    <member type="way" ref="279154283" role=""/>
    <member type="way" ref="817019464" role=""/>
    <member type="way" ref="817019465" role=""/>
    <member type="way" ref="817019466" role=""/>
    <member type="way" ref="840009278" role=""/>
    <member type="way" ref="1220936832" role=""/>
    <member type="way" ref="116974799" role=""/>
    <member type="way" ref="817019469" role=""/>
    <member type="way" ref="1220936831" role=""/>
    <member type="way" ref="817019467" role=""/>
    <member type="way" ref="1220936830" role=""/>
    <member type="way" ref="207529549" role=""/>
    <member type="way" ref="817019468" role=""/>
    <member type="way" ref="1220936829" role=""/>
    <member type="way" ref="1272580384" role=""/>
    <member type="way" ref="842037662" role=""/>
    <member type="way" ref="1272580385" role=""/>
    <member type="way" ref="1220936828" role=""/>
    <member type="way" ref="207529550" role=""/>
    <member type="way" ref="817022211" role=""/>
    <member type="way" ref="817022210" role=""/>
    <member type="way" ref="841063098" role=""/>
    <member type="way" ref="823014697" role=""/>
    <member type="way" ref="823014691" role=""/>
    <member type="way" ref="1220936827" role=""/>
    <member type="way" ref="823014690" role=""/>
    <member type="way" ref="800368764" role=""/>
    <member type="way" ref="800368765" role=""/>
    <member type="way" ref="1065258313" role=""/>
    <member type="way" ref="224187818" role=""/>
    <member type="way" ref="823014696" role=""/>
    <member type="way" ref="823014693" role=""/>
    <member type="way" ref="224187819" role=""/>
    <member type="way" ref="823014695" role=""/>
    <member type="way" ref="18309856" role=""/>
    <member type="way" ref="542829550" role=""/>
    <member type="way" ref="9195648" role=""/>
    <member type="way" ref="823014692" role=""/>
    <member type="way" ref="224187822" role=""/>
    <member type="way" ref="1065258314" role=""/>
    <member type="way" ref="122056182" role=""/>
    <member type="way" ref="542829553" role=""/>
    <member type="way" ref="842036425" role=""/>
    <member type="way" ref="9195645" role=""/>
    <member type="way" ref="224187909" role=""/>
    <member type="way" ref="224188123" role=""/>
    <member type="way" ref="1238214140" role=""/>
    <member type="way" ref="842037664" role=""/>
    <member type="way" ref="224188581" role=""/>
    <member type="way" ref="1231955004" role=""/>
    <member type="way" ref="1225463816" role=""/>
    <member type="way" ref="727187706" role=""/>
    <member type="way" ref="4257245" role=""/>
    <member type="way" ref="220412585" role=""/>
    <member type="way" ref="211959862" role=""/>
    <member type="way" ref="224188584" role=""/>
    <member type="way" ref="1026246644" role=""/>
    <member type="way" ref="211956502" role=""/>
    <member type="way" ref="396325642" role=""/>
    <member type="way" ref="211956507" role=""/>
    <member type="way" ref="2372075" role=""/>
    <member type="way" ref="51960889" role=""/>
    <member type="way" ref="1067121888" role=""/>
    <member type="way" ref="168107143" role=""/>
    <member type="way" ref="226098089" role=""/>
    <member type="way" ref="930446026" role=""/>
    <member type="way" ref="38748146" role=""/>
    <member type="way" ref="253360360" role=""/>
    <member type="way" ref="1069301601" role=""/>
    <member type="way" ref="1069301602" role=""/>
    <member type="way" ref="47048979" role=""/>
    <member type="way" ref="51954143" role=""/>
    <member type="way" ref="253360359" role=""/>
    <member type="way" ref="48379510" role=""/>
    <member type="way" ref="140635085" role=""/>
    <member type="way" ref="48379511" role=""/>
    <member type="way" ref="758888958" role=""/>
    <member type="way" ref="47048977" role=""/>
    <member type="way" ref="758888959" role=""/>
    <member type="way" ref="331073466" role=""/>
    <member type="way" ref="253356189" role=""/>
    <member type="way" ref="253356188" role=""/>
    <member type="way" ref="224184409" role=""/>
    <member type="way" ref="224184403" role=""/>
    <member type="way" ref="224184406" role=""/>
    <member type="way" ref="49706311" role=""/>
    <member type="way" ref="224184412" role=""/>
    <member type="way" ref="1064895263" role=""/>
    <member type="way" ref="1064895264" role=""/>
    <member type="way" ref="2624003" role=""/>
    <member type="way" ref="1069301612" role=""/>
    <member type="way" ref="224182170" role=""/>
    <member type="way" ref="82566810" role=""/>
    <member type="way" ref="49707461" role=""/>
    <member type="way" ref="224182172" role=""/>
    <member type="way" ref="224181624" role=""/>
    <member type="way" ref="224181623" role=""/>
    <member type="way" ref="224180985" role=""/>
    <member type="way" ref="1064384187" role=""/>
    <member type="way" ref="1064384186" role=""/>
    <member type="way" ref="224181625" role=""/>
    <member type="way" ref="224180984" role=""/>
    <member type="way" ref="1097201004" role=""/>
    <member type="way" ref="224180986" role=""/>
    <member type="way" ref="1064384188" role=""/>
    <member type="way" ref="1128114464" role=""/>
    <member type="way" ref="1128114465" role=""/>
    <member type="way" ref="663246992" role=""/>
    <member type="way" ref="1064384189" role=""/>
    <member type="way" ref="1064384191" role=""/>
    <member type="way" ref="1064384190" role=""/>
    <member type="way" ref="1128114468" role=""/>
    <member type="way" ref="1128114466" role=""/>
    <member type="way" ref="38809713" role=""/>
    <member type="way" ref="1064384192" role=""/>
    <member type="way" ref="1064384193" role=""/>
    <member type="way" ref="1128354473" role=""/>
    <member type="way" ref="1127405490" role=""/>
    <member type="way" ref="1128114470" role=""/>
    <member type="way" ref="1130423852" role=""/>
    <member type="way" ref="253359701" role=""/>
    <member type="way" ref="1130423851" role=""/>
    <member type="way" ref="1128354476" role=""/>
    <member type="way" ref="1128354475" role=""/>
    <member type="way" ref="172676615" role=""/>
    <member type="way" ref="38809716" role=""/>
    <member type="way" ref="1128354479" role=""/>
    <member type="way" ref="1128354477" role=""/>
    <member type="way" ref="1128354478" role=""/>
    <member type="way" ref="1130423853" role=""/>
    <member type="way" ref="1130423854" role=""/>
    <member type="way" ref="1130423855" role=""/>
    <member type="way" ref="1130423856" role=""/>
    <member type="way" ref="1130423858" role=""/>
    <member type="way" ref="1130423859" role=""/>
    <member type="way" ref="1171800313" role=""/>
    <member type="way" ref="1130423860" role=""/>
    <member type="way" ref="1130423862" role=""/>
    <member type="way" ref="1130423861" role=""/>
    <member type="way" ref="1130423864" role=""/>
    <member type="way" ref="210324553" role=""/>
    <member type="way" ref="1130423865" role=""/>
    <member type="way" ref="1182143425" role=""/>
    <member type="way" ref="1182143426" role=""/>
    <member type="way" ref="164587410" role=""/>
    <member type="way" ref="828621640" role=""/>
    <member type="way" ref="61904423" role=""/>
    <member type="way" ref="1128359702" role=""/>
    <member type="way" ref="1182143427" role=""/>
    <member type="way" ref="1130423871" role=""/>
    <member type="way" ref="210324432" role=""/>
    <member type="way" ref="1128359701" role=""/>
    <member type="way" ref="1128359700" role=""/>
    <member type="way" ref="1200992339" role=""/>
    <member type="way" ref="1128359699" role=""/>
    <member type="way" ref="1130423873" role=""/>
    <member type="way" ref="1128359698" role=""/>
    <member type="way" ref="1130423877" role=""/>
    <member type="way" ref="1128359697" role=""/>
    <member type="way" ref="1130423879" role=""/>
    <member type="way" ref="1128359696" role=""/>
    <member type="way" ref="1130423880" role=""/>
    <member type="way" ref="246018047" role=""/>
    <member type="way" ref="1182143430" role=""/>
    <member type="way" ref="1130423882" role=""/>
    <member type="way" ref="1128359694" role=""/>
    <member type="way" ref="1128359695" role=""/>
    <member type="way" ref="1128359688" role=""/>
    <member type="way" ref="1128359693" role=""/>
    <member type="way" ref="689252818" role=""/>
    <member type="way" ref="1128359692" role=""/>
    <member type="way" ref="1128359691" role=""/>
    <member type="way" ref="1205659429" role=""/>
    <member type="way" ref="1128365321" role=""/>
    <member type="way" ref="1190856658" role=""/>
    <member type="way" ref="1128365325" role=""/>
    <member type="way" ref="1128365326" role=""/>
    <member type="way" ref="210321014" role=""/>
    <member type="way" ref="1206688198" role=""/>
    <member type="way" ref="210321013" role=""/>
    <member type="way" ref="2431024" role=""/>
    <member type="way" ref="47009149" role=""/>
    <member type="way" ref="1169696422" role=""/>
    <member type="way" ref="667932995" role=""/>
    <member type="way" ref="1182143431" role=""/>
    <member type="way" ref="1182143432" role=""/>
    <member type="way" ref="1182143433" role=""/>
    <member type="way" ref="667932992" role=""/>
    <member type="way" ref="47009069" role=""/>
    <member type="way" ref="1182143434" role=""/>
    <member type="way" ref="43585225" role=""/>
    <member type="way" ref="43585224" role=""/>
    <member type="way" ref="94193337" role=""/>
    <member type="way" ref="1064367031" role=""/>
    <member type="way" ref="401308659" role=""/>
    <member type="way" ref="185502274" role=""/>
    <member type="way" ref="94193354" role=""/>
    <member type="way" ref="4323971" role=""/>
    <member type="way" ref="210328121" role=""/>
    <member type="way" ref="210325477" role=""/>
    <member type="way" ref="210325472" role=""/>
    <member type="way" ref="401308655" role=""/>
    <member type="way" ref="951591382" role=""/>
    <member type="way" ref="210325475" role=""/>
    <member type="way" ref="951331580" role=""/>
    <member type="way" ref="948653742" role=""/>
    <member type="way" ref="948653741" role=""/>
    <member type="way" ref="616795343" role=""/>
    <member type="way" ref="948653740" role=""/>
    <member type="way" ref="948569490" role=""/>
    <member type="way" ref="948569491" role=""/>
    <member type="way" ref="948569492" role=""/>
    <member type="way" ref="948569493" role=""/>
    <member type="way" ref="948569494" role=""/>
    <member type="way" ref="948569495" role=""/>
    <member type="way" ref="948569496" role=""/>
    <member type="way" ref="4986670" role=""/>
    <member type="way" ref="46024661" role=""/>
    <member type="way" ref="2535606" role=""/>
    <member type="way" ref="948569498" role=""/>
    <member type="way" ref="951591380" role=""/>
    <member type="way" ref="951591379" role=""/>
    <member type="way" ref="948569497" role=""/>
    <member type="way" ref="856173575" role=""/>
    <member type="way" ref="856173576" role=""/>
    <member type="way" ref="854780834" role=""/>
    <member type="way" ref="1245325561" role=""/>
    <member type="way" ref="1245260244" role=""/>
    <member type="way" ref="395163015" role=""/>
    <member type="way" ref="854788575" role=""/>
    <member type="way" ref="813735556" role=""/>
    <member type="way" ref="371901028" role=""/>
    <member type="way" ref="1245260193" role=""/>
    <member type="way" ref="1067663295" role=""/>
    <member type="way" ref="1067663294" role=""/>
    <member type="way" ref="1067663293" role=""/>
    <member type="way" ref="1067663292" role=""/>
    <member type="way" ref="1067663291" role=""/>
    <member type="way" ref="1067663290" role=""/>
    <member type="way" ref="1067663289" role=""/>
    <member type="way" ref="1067663288" role=""/>
    <member type="way" ref="1067663287" role=""/>
    <member type="way" ref="1067663286" role=""/>
    <member type="way" ref="1067663285" role=""/>
    <member type="way" ref="1067663284" role=""/>
    <member type="way" ref="1067663283" role=""/>
    <member type="way" ref="1067663282" role=""/>
    <member type="way" ref="1067663281" role=""/>
    <member type="way" ref="1067663280" role=""/>
    <member type="way" ref="854788569" role=""/>
    <member type="way" ref="1072612942" role=""/>
    <member type="way" ref="217567211" role=""/>
    <member type="way" ref="1072612943" role=""/>
    <member type="way" ref="217567209" role=""/>
    <member type="way" ref="448212435" role=""/>
    <member type="way" ref="1072612944" role=""/>
    <member type="way" ref="1287985081" role=""/>
    <member type="way" ref="1072612945" role=""/>
    <member type="way" ref="1072612946" role=""/>
    <member type="way" ref="4945349" role=""/>
    <member type="way" ref="1189426386" role=""/>
    <member type="way" ref="670851103" role=""/>
    <member type="way" ref="1072612947" role=""/>
    <member type="way" ref="217567207" role=""/>
    <member type="way" ref="374591653" role=""/>
    <member type="way" ref="856077077" role=""/>
    <member type="way" ref="856077074" role=""/>
    <member type="way" ref="214190589" role=""/>
    <member type="way" ref="4315588" role=""/>
    <member type="way" ref="670850342" role=""/>
    <member type="way" ref="1330071336" role=""/>
    <member type="way" ref="1330071335" role=""/>
    <member type="way" ref="181418579" role=""/>
    <member type="way" ref="181418580" role=""/>
    <member type="way" ref="316961368" role=""/>
    <member type="way" ref="936533054" role=""/>
    <member type="way" ref="48764355" role=""/>
    <member type="way" ref="501287405" role=""/>
    <member type="way" ref="1329927054" role=""/>
    <member type="way" ref="28311239" role=""/>
    <member type="way" ref="217567210" role=""/>
    <member type="way" ref="1329917785" role=""/>
    <member type="way" ref="670851543" role=""/>
    <member type="way" ref="316961369" role=""/>
    <member type="way" ref="641833728" role=""/>
    <member type="way" ref="214190598" role=""/>
    <member type="way" ref="1071933802" role=""/>
    <member type="way" ref="138307394" role=""/>
    <member type="way" ref="1071933800" role=""/>
    <member type="way" ref="1071933801" role=""/>
    <member type="way" ref="1071933798" role=""/>
    <member type="way" ref="1071933797" role=""/>
    <member type="way" ref="1072612950" role=""/>
    <member type="way" ref="504376014" role=""/>
    <member type="way" ref="1284538611" role=""/>
    <member type="way" ref="2624955" role=""/>
    <member type="way" ref="504589201" role=""/>
    <member type="way" ref="504589194" role=""/>
    <member type="way" ref="1071933814" role=""/>
    <member type="way" ref="404260466" role=""/>
    <member type="way" ref="404260473" role=""/>
    <member type="way" ref="1149745157" role=""/>
    <member type="way" ref="1071933822" role=""/>
    <member type="way" ref="404260460" role=""/>
    <member type="way" ref="404260464" role=""/>
    <member type="way" ref="943425528" role=""/>
    <member type="way" ref="943425527" role=""/>
    <member type="way" ref="943425529" role=""/>
    <member type="way" ref="404260457" role=""/>
    <member type="way" ref="404260463" role=""/>
    <member type="way" ref="103915948" role=""/>
    <member type="way" ref="103915960" role=""/>
    <member type="way" ref="726986765" role=""/>
    <member type="way" ref="549449612" role=""/>
    <member type="way" ref="659344691" role=""/>
    <member type="way" ref="108469933" role=""/>
    <member type="way" ref="108469925" role=""/>
    <member type="way" ref="865541228" role=""/>
    <member type="way" ref="726986763" role=""/>
    <member type="way" ref="25076301" role=""/>
    <member type="way" ref="214190595" role=""/>
    <member type="way" ref="726986755" role=""/>
    <member type="way" ref="943421679" role=""/>
    <member type="way" ref="865541227" role=""/>
    <member type="way" ref="726986756" role=""/>
    <member type="way" ref="673207745" role=""/>
    <member type="way" ref="865541232" role=""/>
    <member type="way" ref="943421678" role=""/>
    <member type="way" ref="214190585" role=""/>
    <member type="way" ref="865548315" role=""/>
    <member type="way" ref="865548312" role=""/>
    <member type="way" ref="25076302" role=""/>
    <member type="way" ref="726986764" role=""/>
    <member type="way" ref="943421677" role=""/>
    <member type="way" ref="623821351" role=""/>
    <member type="way" ref="867481333" role=""/>
    <member type="way" ref="1095452617" role=""/>
    <member type="way" ref="726989087" role=""/>
    <member type="way" ref="1095452616" role=""/>
    <member type="way" ref="1095452615" role=""/>
    <member type="way" ref="867481324" role=""/>
    <member type="way" ref="867481301" role=""/>
    <member type="way" ref="867481342" role=""/>
    <member type="way" ref="867481295" role=""/>
    <member type="way" ref="867481294" role=""/>
    <member type="way" ref="867481348" role=""/>
    <member type="way" ref="867481338" role=""/>
    <member type="way" ref="867481325" role=""/>
    <member type="way" ref="867481316" role=""/>
    <member type="way" ref="8122350" role=""/>
    <member type="way" ref="867481343" role=""/>
    <member type="way" ref="867481331" role=""/>
    <member type="way" ref="867481314" role=""/>
    <member type="way" ref="867481341" role=""/>
    <member type="way" ref="867401489" role=""/>
    <member type="way" ref="867481307" role=""/>
    <member type="way" ref="867401462" role=""/>
    <member type="way" ref="867401478" role=""/>
    <member type="way" ref="867401511" role=""/>
    <member type="way" ref="867401513" role=""/>
    <member type="way" ref="867401521" role=""/>
    <member type="way" ref="867401515" role=""/>
    <member type="way" ref="867401486" role=""/>
    <member type="way" ref="867401488" role=""/>
    <member type="way" ref="867401451" role=""/>
    <member type="way" ref="214190586" role=""/>
    <member type="way" ref="8122355" role=""/>
    <member type="way" ref="867401454" role=""/>
    <member type="way" ref="867401458" role=""/>
    <member type="way" ref="867401477" role=""/>
    <member type="way" ref="867401490" role=""/>
    <member type="way" ref="867401466" role=""/>
    <member type="way" ref="867401495" role=""/>
    <member type="way" ref="867401496" role=""/>
    <member type="way" ref="867401530" role=""/>
    <member type="way" ref="867401457" role=""/>
    <member type="way" ref="867401452" role=""/>
    <member type="way" ref="867401500" role=""/>
    <member type="way" ref="1209101505" role=""/>
    <member type="way" ref="1209101504" role=""/>
    <member type="way" ref="8122359" role=""/>
    <member type="way" ref="867401487" role=""/>
    <member type="way" ref="867401449" role=""/>
    <member type="way" ref="867401482" role=""/>
    <member type="way" ref="867401480" role=""/>
    <member type="way" ref="867401483" role=""/>
    <member type="way" ref="867401460" role=""/>
    <member type="way" ref="867401508" role=""/>
    <member type="way" ref="867401494" role=""/>
    <member type="way" ref="867401539" role=""/>
    <member type="way" ref="867401503" role=""/>
    <member type="way" ref="867401476" role=""/>
    <member type="way" ref="867401456" role=""/>
    <member type="way" ref="867401492" role=""/>
    <member type="way" ref="867401529" role=""/>
    <member type="way" ref="867401516" role=""/>
    <member type="way" ref="867401533" role=""/>
    <member type="way" ref="867401459" role=""/>
    <member type="way" ref="867401512" role=""/>
    <member type="way" ref="867401518" role=""/>
    <member type="way" ref="867320116" role=""/>
    <member type="way" ref="549452553" role=""/>
    <member type="way" ref="214190591" role=""/>
    <member type="way" ref="867319241" role=""/>
    <member type="way" ref="549452551" role=""/>
    <member type="way" ref="870600071" role=""/>
    <member type="way" ref="549454539" role=""/>
    <member type="way" ref="867319239" role=""/>
    <member type="way" ref="867311261" role=""/>
    <member type="way" ref="867319240" role=""/>
    <member type="way" ref="867311262" role=""/>
    <member type="way" ref="867311266" role=""/>
    <member type="way" ref="867311263" role=""/>
    <member type="way" ref="867311258" role=""/>
    <member type="way" ref="867303928" role=""/>
    <member type="way" ref="867303967" role=""/>
    <member type="way" ref="867303965" role=""/>
    <member type="way" ref="867303992" role=""/>
    <member type="way" ref="867303953" role=""/>
    <member type="way" ref="867303939" role=""/>
    <member type="way" ref="867303976" role=""/>
    <member type="way" ref="867303970" role=""/>
    <member type="way" ref="8122362" role=""/>
    <member type="way" ref="867303989" role=""/>
    <member type="way" ref="867303956" role=""/>
    <member type="way" ref="867303988" role=""/>
    <member type="way" ref="867303937" role=""/>
    <member type="way" ref="605945842" role=""/>
    <member type="way" ref="867303983" role=""/>
    <member type="way" ref="867303944" role=""/>
    <member type="way" ref="867303938" role=""/>
    <member type="way" ref="8122366" role=""/>
    <member type="way" ref="867303969" role=""/>
    <member type="way" ref="1095441635" role=""/>
    <member type="way" ref="1095441637" role=""/>
    <member type="way" ref="1095441645" role=""/>
    <member type="way" ref="1095441642" role=""/>
    <member type="way" ref="1095441636" role=""/>
    <member type="way" ref="867303916" role=""/>
    <member type="way" ref="1003458814" role=""/>
    <member type="way" ref="1003458817" role=""/>
    <member type="way" ref="104200620" role=""/>
    <member type="way" ref="1003458816" role=""/>
    <member type="way" ref="1003458815" role=""/>
    <member type="way" ref="867303940" role=""/>
    <member type="way" ref="867303947" role=""/>
    <member type="way" ref="867303926" role=""/>
    <member type="way" ref="867303943" role=""/>
    <member type="way" ref="867303975" role=""/>
    <member type="way" ref="867303987" role=""/>
    <member type="way" ref="867303972" role=""/>
    <member type="way" ref="867303962" role=""/>
    <member type="way" ref="867303964" role=""/>
    <member type="way" ref="867303925" role=""/>
    <member type="way" ref="867303982" role=""/>
    <member type="way" ref="867303959" role=""/>
    <member type="way" ref="867303978" role=""/>
    <member type="way" ref="867303913" role=""/>
    <member type="way" ref="867303935" role=""/>
    <member type="way" ref="867303971" role=""/>
    <member type="way" ref="864509288" role=""/>
    <member type="way" ref="1713754" role=""/>
    <member type="way" ref="549466560" role=""/>
    <member type="way" ref="549468833" role=""/>
    <member type="way" ref="865172193" role=""/>
    <member type="way" ref="549463995" role=""/>
    <member type="way" ref="865172196" role=""/>
    <member type="way" ref="865172184" role=""/>
    <member type="way" ref="865172131" role=""/>
    <member type="way" ref="865172122" role=""/>
    <member type="way" ref="865172167" role=""/>
    <member type="way" ref="865172208" role=""/>
    <member type="way" ref="865172159" role=""/>
    <member type="way" ref="865172206" role=""/>
    <member type="way" ref="865172156" role=""/>
    <member type="way" ref="8122367" role=""/>
    <member type="way" ref="865172224" role=""/>
    <member type="way" ref="865172119" role=""/>
    <member type="way" ref="1710547" role=""/>
    <member type="way" ref="865172181" role=""/>
    <member type="way" ref="865172155" role=""/>
    <member type="way" ref="865172143" role=""/>
    <member type="way" ref="865172213" role=""/>
    <member type="way" ref="865172212" role=""/>
    <member type="way" ref="865172111" role=""/>
    <member type="way" ref="865172125" role=""/>
    <member type="way" ref="865172216" role=""/>
    <member type="way" ref="867550199" role=""/>
    <member type="way" ref="867550208" role=""/>
    <member type="way" ref="867550200" role=""/>
    <member type="way" ref="867550202" role=""/>
    <member type="way" ref="867550207" role=""/>
    <member type="way" ref="867550204" role=""/>
    <member type="way" ref="867550203" role=""/>
    <member type="way" ref="867550206" role=""/>
    <member type="way" ref="867550201" role=""/>
    <member type="way" ref="1073901383" role=""/>
    <member type="way" ref="865172182" role=""/>
    <member type="way" ref="865172190" role=""/>
    <member type="way" ref="865172128" role=""/>
    <member type="way" ref="865172141" role=""/>
    <member type="way" ref="865172172" role=""/>
    <member type="way" ref="865172123" role=""/>
    <member type="way" ref="865172220" role=""/>
    <member type="way" ref="865172178" role=""/>
    <member type="way" ref="865172177" role=""/>
    <member type="way" ref="865518008" role=""/>
    <member type="way" ref="1710548" role=""/>
    <member type="way" ref="865172132" role=""/>
    <member type="way" ref="865172164" role=""/>
    <member type="way" ref="865172192" role=""/>
    <member type="way" ref="865172199" role=""/>
    <member type="way" ref="865172179" role=""/>
    <member type="way" ref="865172158" role=""/>
    <member type="way" ref="8122308" role=""/>
    <member type="way" ref="865172163" role=""/>
    <member type="way" ref="865172140" role=""/>
    <member type="way" ref="865172116" role=""/>
    <member type="way" ref="865172129" role=""/>
    <member type="way" ref="865172217" role=""/>
    <member type="way" ref="865172175" role=""/>
    <member type="way" ref="1073901384" role=""/>
    <member type="way" ref="865172127" role=""/>
    <member type="way" ref="553812840" role=""/>
    <member type="way" ref="865172218" role=""/>
    <member type="way" ref="865514939" role=""/>
    <member type="way" ref="865172173" role=""/>
    <member type="way" ref="865514940" role=""/>
    <member type="way" ref="865172124" role=""/>
    <member type="way" ref="726986766" role=""/>
    <member type="way" ref="580681335" role=""/>
    <member type="way" ref="580681336" role=""/>
    <member type="way" ref="300461813" role=""/>
    <member type="way" ref="1427316" role=""/>
    <member type="way" ref="502942727" role=""/>
    <member type="way" ref="1043662255" role=""/>
    <member type="way" ref="1330086994" role=""/>
    <member type="way" ref="1043661516" role=""/>
    <member type="way" ref="214190593" role=""/>
    <member type="way" ref="598181613" role=""/>
    <member type="way" ref="91060417" role=""/>
    <tag k="from" v="Trafalgar Square / Charing Cross Station"/>
    <tag k="name" v="London Buses route N29 → Enfield"/>
    <tag k="network" v="London Buses"/>
    <tag k="network:wikidata" v="Q1192411"/>
    <tag k="network:wikipedia" v="en:London Buses"/>
    <tag k="operator" v="Arriva London"/>
    <tag k="public_transport:version" v="2"/>
    <tag k="ref" v="N29"/>
    <tag k="route" v="bus"/>
    <tag k="to" v="Little Park Gardens"/>
    <tag k="type" v="route"/>
  </relation>
  <relation id="8211710" version="170" timestamp="2024-11-03T19:22:47Z" changeset="158713674" uid="322039" user="MacLondon">
    <member type="node" ref="4947602630" role="stop_entry_only"/>
    <member type="node" ref="469768645" role="platform"/>
    <member type="node" ref="469768648" role="platform"/>
    <member type="node" ref="469773893" role="platform"/>
    <member type="node" ref="469777747" role="platform"/>
    <member type="node" ref="469766182" role="platform"/>
    <member type="node" ref="469779660" role="platform"/>
    <member type="node" ref="469766631" role="platform"/>
    <member type="node" ref="469767219" role="platform"/>
    <member type="node" ref="469780692" role="platform"/>
    <member type="node" ref="469770166" role="platform"/>
    <member type="node" ref="469768411" role="platform"/>
    <member type="node" ref="2237823402" role="stop"/>
    <member type="node" ref="469780978" role="platform"/>
    <member type="node" ref="469786386" role="platform"/>
    <member type="node" ref="469763868" role="platform"/>
    <member type="node" ref="469774285" role="platform"/>
    <member type="node" ref="469764170" role="platform"/>
    <member type="node" ref="469769489" role="platform"/>
    <member type="node" ref="469773996" role="platform"/>
    <member type="node" ref="469777721" role="platform"/>
    <member type="node" ref="469765073" role="platform"/>
    <member type="node" ref="469787391" role="platform"/>
    <member type="node" ref="469775578" role="platform"/>
    <member type="node" ref="469764777" role="platform"/>
    <member type="node" ref="469774182" role="platform"/>
    <member type="node" ref="469774731" role="platform"/>
    <member type="node" ref="469765295" role="platform"/>
    <member type="node" ref="469771142" role="platform"/>
    <member type="node" ref="469787066" role="platform"/>
    <member type="node" ref="469773464" role="platform"/>
    <member type="node" ref="469760266" role="platform"/>
    <member type="node" ref="469789557" role="platform"/>
    <member type="node" ref="469769090" role="platform"/>
    <member type="node" ref="469764742" role="platform"/>
    <member type="node" ref="469780525" role="platform"/>
    <member type="node" ref="3886595832" role="platform"/>
    <member type="node" ref="469761371" role="platform"/>
    <member type="node" ref="3980609082" role="stop"/>
    <member type="node" ref="469780499" role="platform"/>
    <member type="node" ref="469761450" role="platform"/>
    <member type="node" ref="199492" role="stop"/>
    <member type="node" ref="4037464682" role="stop"/>
    <member type="node" ref="4037464684" role="stop"/>
    <member type="node" ref="4796120082" role="stop"/>
    <member type="node" ref="4037464686" role="stop"/>
    <member type="node" ref="186243156" role="stop"/>
    <member type="node" ref="4665582611" role="stop"/>
    <member type="node" ref="469771483" role="platform"/>
    <member type="node" ref="469766223" role="platform"/>
    <member type="node" ref="469772745" role="platform"/>
    <member type="node" ref="469786543" role="platform"/>
    <member type="node" ref="469764281" role="platform"/>
    <member type="node" ref="469765192" role="platform"/>
    <member type="node" ref="469779699" role="platform"/>
    <member type="node" ref="469779367" role="platform"/>
    <member type="node" ref="469761214" role="platform"/>
    <member type="node" ref="293390294" role="stop"/>
    <member type="node" ref="389475763" role="stop"/>
    <member type="node" ref="469760434" role="platform"/>
    <member type="node" ref="469780601" role="stop"/>
    <member type="node" ref="469776973" role="platform"/>
    <member type="node" ref="4543005962" role="stop"/>
    <member type="node" ref="6391776690" role="platform"/>
    <member type="node" ref="6391776691" role="platform"/>
    <member type="node" ref="6391776689" role="platform"/>
    <member type="node" ref="5364578863" role="stop"/>
    <member type="node" ref="5364578862" role="stop"/>
    <member type="node" ref="5364578859" role="stop"/>
    <member type="node" ref="3810553691" role="stop_exit_only"/>
    <member type="way" ref="504612875" role=""/>
    <member type="way" ref="598181613" role=""/>
    <member type="way" ref="4281487" role=""/>
    <member type="way" ref="641955365" role=""/>
    <member type="way" ref="1425321" role=""/>
    <member type="way" ref="549905825" role=""/>
    <member type="way" ref="778943864" role=""/>
    <member type="way" ref="549665159" role=""/>
    <member type="way" ref="778943866" role=""/>
    <member type="way" ref="778943868" role=""/>
    <member type="way" ref="549665145" role=""/>
    <member type="way" ref="549665156" role=""/>
    <member type="way" ref="298940053" role=""/>
    <member type="way" ref="580681336" role=""/>
    <member type="way" ref="580681335" role=""/>
    <member type="way" ref="726986766" role=""/>
    <member type="way" ref="865172124" role=""/>
    <member type="way" ref="865514940" role=""/>
    <member type="way" ref="865172173" role=""/>
    <member type="way" ref="865514939" role=""/>
    <member type="way" ref="865172218" role=""/>
    <member type="way" ref="553812840" role=""/>
    <member type="way" ref="865172127" role=""/>
    <member type="way" ref="1073901384" role=""/>
    <member type="way" ref="865172175" role=""/>
    <member type="way" ref="865172217" role=""/>
    <member type="way" ref="865172129" role=""/>
    <member type="way" ref="865172116" role=""/>
    <member type="way" ref="865172140" role=""/>
    <member type="way" ref="865172163" role=""/>
    <member type="way" ref="8122308" role=""/>
    <member type="way" ref="865172158" role=""/>
    <member type="way" ref="865172179" role=""/>
    <member type="way" ref="865172199" role=""/>
    <member type="way" ref="865172192" role=""/>
    <member type="way" ref="865172164" role=""/>
    <member type="way" ref="865172132" role=""/>
    <member type="way" ref="1710548" role=""/>
    <member type="way" ref="865518008" role=""/>
    <member type="way" ref="865172177" role=""/>
    <member type="way" ref="865172178" role=""/>
    <member type="way" ref="865172220" role=""/>
    <member type="way" ref="865172123" role=""/>
    <member type="way" ref="865172172" role=""/>
    <member type="way" ref="865172141" role=""/>
    <member type="way" ref="865172128" role=""/>
    <member type="way" ref="865172190" role=""/>
    <member type="way" ref="865172182" role=""/>
    <member type="way" ref="1073901383" role=""/>
    <member type="way" ref="867550201" role=""/>
    <member type="way" ref="867550206" role=""/>
    <member type="way" ref="867550203" role=""/>
    <member type="way" ref="867550204" role=""/>
    <member type="way" ref="867550207" role=""/>
    <member type="way" ref="867550202" role=""/>
    <member type="way" ref="867550200" role=""/>
    <member type="way" ref="867550208" role=""/>
    <member type="way" ref="867550199" role=""/>
    <member type="way" ref="865172216" role=""/>
    <member type="way" ref="865172125" role=""/>
    <member type="way" ref="865172111" role=""/>
    <member type="way" ref="865172212" role=""/>
    <member type="way" ref="865172213" role=""/>
    <member type="way" ref="865172143" role=""/>
    <member type="way" ref="865172155" role=""/>
    <member type="way" ref="865172181" role=""/>
    <member type="way" ref="1710547" role=""/>
    <member type="way" ref="865172119" role=""/>
    <member type="way" ref="865172224" role=""/>
    <member type="way" ref="8122367" role=""/>
    <member type="way" ref="865172156" role=""/>
    <member type="way" ref="865172206" role=""/>
    <member type="way" ref="865172159" role=""/>
    <member type="way" ref="865172208" role=""/>
    <member type="way" ref="865172167" role=""/>
    <member type="way" ref="865172122" role=""/>
    <member type="way" ref="865172131" role=""/>
    <member type="way" ref="865172184" role=""/>
    <member type="way" ref="865172196" role=""/>
    <member type="way" ref="549463995" role=""/>
    <member type="way" ref="865172193" role=""/>
    <member type="way" ref="549468833" role=""/>
    <member type="way" ref="549466560" role=""/>
    <member type="way" ref="1713754" role=""/>
    <member type="way" ref="864509288" role=""/>
    <member type="way" ref="867303971" role=""/>
    <member type="way" ref="867303935" role=""/>
    <member type="way" ref="867303913" role=""/>
    <member type="way" ref="867303978" role=""/>
    <member type="way" ref="867303959" role=""/>
    <member type="way" ref="867303982" role=""/>
    <member type="way" ref="867303925" role=""/>
    <member type="way" ref="867303964" role=""/>
    <member type="way" ref="867303962" role=""/>
    <member type="way" ref="867303972" role=""/>
    <member type="way" ref="867303987" role=""/>
    <member type="way" ref="867303975" role=""/>
    <member type="way" ref="867303943" role=""/>
    <member type="way" ref="867303926" role=""/>
    <member type="way" ref="867303947" role=""/>
    <member type="way" ref="867303940" role=""/>
    <member type="way" ref="1003458815" role=""/>
    <member type="way" ref="1003458816" role=""/>
    <member type="way" ref="104200620" role=""/>
    <member type="way" ref="1003458817" role=""/>
    <member type="way" ref="1003458814" role=""/>
    <member type="way" ref="867303916" role=""/>
    <member type="way" ref="1095441636" role=""/>
    <member type="way" ref="867303952" role=""/>
    <member type="way" ref="1095441640" role=""/>
    <member type="way" ref="1095441639" role=""/>
    <member type="way" ref="1095441635" role=""/>
    <member type="way" ref="867303969" role=""/>
    <member type="way" ref="8122366" role=""/>
    <member type="way" ref="867303938" role=""/>
    <member type="way" ref="867303944" role=""/>
    <member type="way" ref="867303983" role=""/>
    <member type="way" ref="605945842" role=""/>
    <member type="way" ref="867303937" role=""/>
    <member type="way" ref="867303988" role=""/>
    <member type="way" ref="867303956" role=""/>
    <member type="way" ref="867303989" role=""/>
    <member type="way" ref="8122362" role=""/>
    <member type="way" ref="867303970" role=""/>
    <member type="way" ref="867303976" role=""/>
    <member type="way" ref="867303939" role=""/>
    <member type="way" ref="867303953" role=""/>
    <member type="way" ref="867303992" role=""/>
    <member type="way" ref="867303965" role=""/>
    <member type="way" ref="867303967" role=""/>
    <member type="way" ref="867303928" role=""/>
    <member type="way" ref="867311258" role=""/>
    <member type="way" ref="867311263" role=""/>
    <member type="way" ref="867311266" role=""/>
    <member type="way" ref="867311262" role=""/>
    <member type="way" ref="867319240" role=""/>
    <member type="way" ref="867311261" role=""/>
    <member type="way" ref="867319239" role=""/>
    <member type="way" ref="549454539" role=""/>
    <member type="way" ref="870600071" role=""/>
    <member type="way" ref="549452551" role=""/>
    <member type="way" ref="549452555" role=""/>
    <member type="way" ref="549452552" role=""/>
    <member type="way" ref="659342429" role=""/>
    <member type="way" ref="867320116" role=""/>
    <member type="way" ref="867401518" role=""/>
    <member type="way" ref="867401512" role=""/>
    <member type="way" ref="867401459" role=""/>
    <member type="way" ref="867401533" role=""/>
    <member type="way" ref="867401516" role=""/>
    <member type="way" ref="867401455" role=""/>
    <member type="way" ref="867401456" role=""/>
    <member type="way" ref="867401476" role=""/>
    <member type="way" ref="867401503" role=""/>
    <member type="way" ref="867401539" role=""/>
    <member type="way" ref="867401494" role=""/>
    <member type="way" ref="867401508" role=""/>
    <member type="way" ref="867401460" role=""/>
    <member type="way" ref="867401483" role=""/>
    <member type="way" ref="867401480" role=""/>
    <member type="way" ref="867401482" role=""/>
    <member type="way" ref="867401449" role=""/>
    <member type="way" ref="867401487" role=""/>
    <member type="way" ref="8122359" role=""/>
    <member type="way" ref="1209101504" role=""/>
    <member type="way" ref="1209101505" role=""/>
    <member type="way" ref="867401500" role=""/>
    <member type="way" ref="867401452" role=""/>
    <member type="way" ref="867401457" role=""/>
    <member type="way" ref="867401530" role=""/>
    <member type="way" ref="867401496" role=""/>
    <member type="way" ref="867401495" role=""/>
    <member type="way" ref="867401466" role=""/>
    <member type="way" ref="867401490" role=""/>
    <member type="way" ref="867401477" role=""/>
    <member type="way" ref="867401458" role=""/>
    <member type="way" ref="867401454" role=""/>
    <member type="way" ref="8122355" role=""/>
    <member type="way" ref="214190586" role=""/>
    <member type="way" ref="867401451" role=""/>
    <member type="way" ref="867401488" role=""/>
    <member type="way" ref="867401486" role=""/>
    <member type="way" ref="867401515" role=""/>
    <member type="way" ref="867401521" role=""/>
    <member type="way" ref="867401513" role=""/>
    <member type="way" ref="867401511" role=""/>
    <member type="way" ref="867401478" role=""/>
    <member type="way" ref="867401462" role=""/>
    <member type="way" ref="867481307" role=""/>
    <member type="way" ref="867401489" role=""/>
    <member type="way" ref="867481341" role=""/>
    <member type="way" ref="867481314" role=""/>
    <member type="way" ref="867481331" role=""/>
    <member type="way" ref="867481343" role=""/>
    <member type="way" ref="8122350" role=""/>
    <member type="way" ref="867481293" role=""/>
    <member type="way" ref="867481338" role=""/>
    <member type="way" ref="867481348" role=""/>
    <member type="way" ref="867481294" role=""/>
    <member type="way" ref="867481295" role=""/>
    <member type="way" ref="867481342" role=""/>
    <member type="way" ref="867481301" role=""/>
    <member type="way" ref="867481324" role=""/>
    <member type="way" ref="1095452615" role=""/>
    <member type="way" ref="1095452616" role=""/>
    <member type="way" ref="726989087" role=""/>
    <member type="way" ref="1095452617" role=""/>
    <member type="way" ref="867481333" role=""/>
    <member type="way" ref="623821351" role=""/>
    <member type="way" ref="943421677" role=""/>
    <member type="way" ref="726986764" role=""/>
    <member type="way" ref="25076302" role=""/>
    <member type="way" ref="726986770" role=""/>
    <member type="way" ref="865548313" role=""/>
    <member type="way" ref="865548314" role=""/>
    <member type="way" ref="214190585" role=""/>
    <member type="way" ref="943421678" role=""/>
    <member type="way" ref="865541232" role=""/>
    <member type="way" ref="673207745" role=""/>
    <member type="way" ref="726986756" role=""/>
    <member type="way" ref="865541227" role=""/>
    <member type="way" ref="943421679" role=""/>
    <member type="way" ref="726986755" role=""/>
    <member type="way" ref="214190595" role=""/>
    <member type="way" ref="25076301" role=""/>
    <member type="way" ref="726986763" role=""/>
    <member type="way" ref="865541228" role=""/>
    <member type="way" ref="108469925" role=""/>
    <member type="way" ref="108469933" role=""/>
    <member type="way" ref="659344691" role=""/>
    <member type="way" ref="549449612" role=""/>
    <member type="way" ref="726986765" role=""/>
    <member type="way" ref="103915960" role=""/>
    <member type="way" ref="103915948" role=""/>
    <member type="way" ref="404260463" role=""/>
    <member type="way" ref="404260457" role=""/>
    <member type="way" ref="943425529" role=""/>
    <member type="way" ref="943425527" role=""/>
    <member type="way" ref="404260470" role=""/>
    <member type="way" ref="404260459" role=""/>
    <member type="way" ref="1260532738" role=""/>
    <member type="way" ref="404260467" role=""/>
    <member type="way" ref="404260468" role=""/>
    <member type="way" ref="404260466" role=""/>
    <member type="way" ref="1071933814" role=""/>
    <member type="way" ref="504589194" role=""/>
    <member type="way" ref="504589201" role=""/>
    <member type="way" ref="2624955" role=""/>
    <member type="way" ref="1284538611" role=""/>
    <member type="way" ref="504376014" role=""/>
    <member type="way" ref="1072612950" role=""/>
    <member type="way" ref="1071933797" role=""/>
    <member type="way" ref="1071933798" role=""/>
    <member type="way" ref="1071933801" role=""/>
    <member type="way" ref="1071933800" role=""/>
    <member type="way" ref="138307394" role=""/>
    <member type="way" ref="1071933802" role=""/>
    <member type="way" ref="214190598" role=""/>
    <member type="way" ref="641833728" role=""/>
    <member type="way" ref="316961369" role=""/>
    <member type="way" ref="670851543" role=""/>
    <member type="way" ref="1329917787" role=""/>
    <member type="way" ref="1329917809" role=""/>
    <member type="way" ref="1329927049" role=""/>
    <member type="way" ref="1329917784" role=""/>
    <member type="way" ref="1329917790" role=""/>
    <member type="way" ref="181418580" role=""/>
    <member type="way" ref="181418579" role=""/>
    <member type="way" ref="1330071335" role=""/>
    <member type="way" ref="1330071336" role=""/>
    <member type="way" ref="670850342" role=""/>
    <member type="way" ref="374591660" role=""/>
    <member type="way" ref="214190589" role=""/>
    <member type="way" ref="856077074" role=""/>
    <member type="way" ref="856077077" role=""/>
    <member type="way" ref="374591653" role=""/>
    <member type="way" ref="217567207" role=""/>
    <member type="way" ref="1072612947" role=""/>
    <member type="way" ref="670851103" role=""/>
    <member type="way" ref="1189426386" role=""/>
    <member type="way" ref="4945349" role=""/>
    <member type="way" ref="1072612946" role=""/>
    <member type="way" ref="1072612945" role=""/>
    <member type="way" ref="1287985081" role=""/>
    <member type="way" ref="1072612944" role=""/>
    <member type="way" ref="448212435" role=""/>
    <member type="way" ref="217567209" role=""/>
    <member type="way" ref="1072612943" role=""/>
    <member type="way" ref="217567211" role=""/>
    <member type="way" ref="1072612942" role=""/>
    <member type="way" ref="854788569" role=""/>
    <member type="way" ref="1067663280" role=""/>
    <member type="way" ref="1067663281" role=""/>
    <member type="way" ref="1067663282" role=""/>
    <member type="way" ref="1067663283" role=""/>
    <member type="way" ref="1067663284" role=""/>
    <member type="way" ref="1067663285" role=""/>
    <member type="way" ref="1067663286" role=""/>
    <member type="way" ref="1067663287" role=""/>
    <member type="way" ref="1067663288" role=""/>
    <member type="way" ref="1067663289" role=""/>
    <member type="way" ref="1067663290" role=""/>
    <member type="way" ref="1067663291" role=""/>
    <member type="way" ref="1067663292" role=""/>
    <member type="way" ref="1067663293" role=""/>
    <member type="way" ref="1067663294" role=""/>
    <member type="way" ref="1067663295" role=""/>
    <member type="way" ref="854788576" role=""/>
    <member type="way" ref="1253230245" role=""/>
    <member type="way" ref="854788580" role=""/>
    <member type="way" ref="854788574" role=""/>
    <member type="way" ref="395163015" role=""/>
    <member type="way" ref="1245260244" role=""/>
    <member type="way" ref="1245325561" role=""/>
    <member type="way" ref="854780834" role=""/>
    <member type="way" ref="856173576" role=""/>
    <member type="way" ref="856173575" role=""/>
    <member type="way" ref="948569497" role=""/>
    <member type="way" ref="951591379" role=""/>
    <member type="way" ref="951591380" role=""/>
    <member type="way" ref="948569498" role=""/>
    <member type="way" ref="2535606" role=""/>
    <member type="way" ref="46024661" role=""/>
    <member type="way" ref="4986670" role=""/>
    <member type="way" ref="948569496" role=""/>
    <member type="way" ref="948569495" role=""/>
    <member type="way" ref="948569494" role=""/>
    <member type="way" ref="948569493" role=""/>
    <member type="way" ref="948569492" role=""/>
    <member type="way" ref="948569491" role=""/>
    <member type="way" ref="948569490" role=""/>
    <member type="way" ref="948653740" role=""/>
    <member type="way" ref="616795343" role=""/>
    <member type="way" ref="948653741" role=""/>
    <member type="way" ref="948653742" role=""/>
    <member type="way" ref="951331580" role=""/>
    <member type="way" ref="210325475" role=""/>
    <member type="way" ref="951591382" role=""/>
    <member type="way" ref="401308655" role=""/>
    <member type="way" ref="255664864" role=""/>
    <member type="way" ref="616795342" role=""/>
    <member type="way" ref="210328032" role=""/>
    <member type="way" ref="210328033" role=""/>
    <member type="way" ref="94193354" role=""/>
    <member type="way" ref="185502274" role=""/>
    <member type="way" ref="401308659" role=""/>
    <member type="way" ref="1064367031" role=""/>
    <member type="way" ref="94193337" role=""/>
    <member type="way" ref="43585224" role=""/>
    <member type="way" ref="43585225" role=""/>
    <member type="way" ref="1182143434" role=""/>
    <member type="way" ref="47009069" role=""/>
    <member type="way" ref="667932992" role=""/>
    <member type="way" ref="1182143433" role=""/>
    <member type="way" ref="1182143432" role=""/>
    <member type="way" ref="1182143431" role=""/>
    <member type="way" ref="667932995" role=""/>
    <member type="way" ref="1169696422" role=""/>
    <member type="way" ref="47009149" role=""/>
    <member type="way" ref="1128368793" role=""/>
    <member type="way" ref="2624008" role=""/>
    <member type="way" ref="1219872314" role=""/>
    <member type="way" ref="1128368792" role=""/>
    <member type="way" ref="1064367030" role=""/>
    <member type="way" ref="1128352691" role=""/>
    <member type="way" ref="210321007" role=""/>
    <member type="way" ref="1211276411" role=""/>
    <member type="way" ref="210322343" role=""/>
    <member type="way" ref="239268119" role=""/>
    <member type="way" ref="1128352683" role=""/>
    <member type="way" ref="1211276412" role=""/>
    <member type="way" ref="239268116" role=""/>
    <member type="way" ref="1128352684" role=""/>
    <member type="way" ref="1128352685" role=""/>
    <member type="way" ref="1128352686" role=""/>
    <member type="way" ref="1128352687" role=""/>
    <member type="way" ref="1128352688" role=""/>
    <member type="way" ref="1128352694" role=""/>
    <member type="way" ref="1182853554" role=""/>
    <member type="way" ref="1128352695" role=""/>
    <member type="way" ref="1128352696" role=""/>
    <member type="way" ref="1128352697" role=""/>
    <member type="way" ref="239268118" role=""/>
    <member type="way" ref="259918585" role=""/>
    <member type="way" ref="1128352698" role=""/>
    <member type="way" ref="1128352699" role=""/>
    <member type="way" ref="1130517552" role=""/>
    <member type="way" ref="1128352701" role=""/>
    <member type="way" ref="2624007" role=""/>
    <member type="way" ref="1128116458" role=""/>
    <member type="way" ref="1128352702" role=""/>
    <member type="way" ref="239268117" role=""/>
    <member type="way" ref="1205357956" role=""/>
    <member type="way" ref="1128352706" role=""/>
    <member type="way" ref="828620490" role=""/>
    <member type="way" ref="61904424" role=""/>
    <member type="way" ref="1215192400" role=""/>
    <member type="way" ref="1064384199" role=""/>
    <member type="way" ref="828620488" role=""/>
    <member type="way" ref="1128116457" role=""/>
    <member type="way" ref="1128116456" role=""/>
    <member type="way" ref="1130517553" role=""/>
    <member type="way" ref="723904028" role=""/>
    <member type="way" ref="1064384198" role=""/>
    <member type="way" ref="1130517556" role=""/>
    <member type="way" ref="1130517555" role=""/>
    <member type="way" ref="1229195336" role=""/>
    <member type="way" ref="1128361267" role=""/>
    <member type="way" ref="1128361268" role=""/>
    <member type="way" ref="1130517558" role=""/>
    <member type="way" ref="246017141" role=""/>
    <member type="way" ref="1130517562" role=""/>
    <member type="way" ref="1130517560" role=""/>
    <member type="way" ref="1130517561" role=""/>
    <member type="way" ref="1128360287" role=""/>
    <member type="way" ref="1262141759" role=""/>
    <member type="way" ref="39188797" role=""/>
    <member type="way" ref="1128360288" role=""/>
    <member type="way" ref="1064384196" role=""/>
    <member type="way" ref="1226726182" role=""/>
    <member type="way" ref="39188793" role=""/>
    <member type="way" ref="1130517566" role=""/>
    <member type="way" ref="1130517567" role=""/>
    <member type="way" ref="1127405489" role=""/>
    <member type="way" ref="1130517568" role=""/>
    <member type="way" ref="224181528" role=""/>
    <member type="way" ref="663246995" role=""/>
    <member type="way" ref="253359887" role=""/>
    <member type="way" ref="224181525" role=""/>
    <member type="way" ref="224180983" role=""/>
    <member type="way" ref="224180988" role=""/>
    <member type="way" ref="224181625" role=""/>
    <member type="way" ref="1064384186" role=""/>
    <member type="way" ref="1064384187" role=""/>
    <member type="way" ref="224180985" role=""/>
    <member type="way" ref="224181623" role=""/>
    <member type="way" ref="224181624" role=""/>
    <member type="way" ref="224182172" role=""/>
    <member type="way" ref="49707461" role=""/>
    <member type="way" ref="82566810" role=""/>
    <member type="way" ref="224182170" role=""/>
    <member type="way" ref="1069301612" role=""/>
    <member type="way" ref="2624003" role=""/>
    <member type="way" ref="1064895264" role=""/>
    <member type="way" ref="1064895263" role=""/>
    <member type="way" ref="224184412" role=""/>
    <member type="way" ref="49706311" role=""/>
    <member type="way" ref="224184406" role=""/>
    <member type="way" ref="224184403" role=""/>
    <member type="way" ref="224184409" role=""/>
    <member type="way" ref="253356188" role=""/>
    <member type="way" ref="253356189" role=""/>
    <member type="way" ref="331073466" role=""/>
    <member type="way" ref="758888959" role=""/>
    <member type="way" ref="47048977" role=""/>
    <member type="way" ref="758888958" role=""/>
    <member type="way" ref="48379511" role=""/>
    <member type="way" ref="140635085" role=""/>
    <member type="way" ref="48379510" role=""/>
    <member type="way" ref="253360359" role=""/>
    <member type="way" ref="51954143" role=""/>
    <member type="way" ref="47048979" role=""/>
    <member type="way" ref="1069301602" role=""/>
    <member type="way" ref="1069301601" role=""/>
    <member type="way" ref="253360360" role=""/>
    <member type="way" ref="4367360" role=""/>
    <member type="way" ref="586649845" role=""/>
    <member type="way" ref="211950233" role=""/>
    <member type="way" ref="1074324493" role=""/>
    <member type="way" ref="586151544" role=""/>
    <member type="way" ref="1074324494" role=""/>
    <member type="way" ref="41383226" role=""/>
    <member type="way" ref="237414591" role=""/>
    <member type="way" ref="4680883" role=""/>
    <member type="way" ref="396325643" role=""/>
    <member type="way" ref="396325642" role=""/>
    <member type="way" ref="211956502" role=""/>
    <member type="way" ref="8591250" role=""/>
    <member type="way" ref="4680851" role=""/>
    <member type="way" ref="26781036" role=""/>
    <member type="way" ref="1221761910" role=""/>
    <member type="way" ref="1305477373" role=""/>
    <member type="way" ref="823011291" role=""/>
    <member type="way" ref="107190663" role=""/>
    <member type="way" ref="694352948" role=""/>
    <member type="way" ref="1305477374" role=""/>
    <member type="way" ref="1274293169" role=""/>
    <member type="way" ref="139291982" role=""/>
    <member type="way" ref="1232168831" role=""/>
    <member type="way" ref="816032227" role=""/>
    <member type="way" ref="122056180" role=""/>
    <member type="way" ref="224187706" role=""/>
    <member type="way" ref="1220850245" role=""/>
    <member type="way" ref="122056182" role=""/>
    <member type="way" ref="1065258314" role=""/>
    <member type="way" ref="224187822" role=""/>
    <member type="way" ref="542829556" role=""/>
    <member type="way" ref="842037663" role=""/>
    <member type="way" ref="823014694" role=""/>
    <member type="way" ref="542829550" role=""/>
    <member type="way" ref="18309856" role=""/>
    <member type="way" ref="823014695" role=""/>
    <member type="way" ref="224187819" role=""/>
    <member type="way" ref="823014693" role=""/>
    <member type="way" ref="823014696" role=""/>
    <member type="way" ref="224187818" role=""/>
    <member type="way" ref="1065258313" role=""/>
    <member type="way" ref="800368765" role=""/>
    <member type="way" ref="800368764" role=""/>
    <member type="way" ref="823014690" role=""/>
    <member type="way" ref="1220936827" role=""/>
    <member type="way" ref="823014691" role=""/>
    <member type="way" ref="823014697" role=""/>
    <member type="way" ref="841063098" role=""/>
    <member type="way" ref="817022210" role=""/>
    <member type="way" ref="817022211" role=""/>
    <member type="way" ref="207529550" role=""/>
    <member type="way" ref="1220936828" role=""/>
    <member type="way" ref="1272580385" role=""/>
    <member type="way" ref="842037662" role=""/>
    <member type="way" ref="1272580384" role=""/>
    <member type="way" ref="1220936829" role=""/>
    <member type="way" ref="817019468" role=""/>
    <member type="way" ref="207529549" role=""/>
    <member type="way" ref="1220936830" role=""/>
    <member type="way" ref="817019467" role=""/>
    <member type="way" ref="1220936831" role=""/>
    <member type="way" ref="817019469" role=""/>
    <member type="way" ref="116974799" role=""/>
    <member type="way" ref="1220936832" role=""/>
    <member type="way" ref="840009278" role=""/>
    <member type="way" ref="817019466" role=""/>
    <member type="way" ref="817019465" role=""/>
    <member type="way" ref="817019464" role=""/>
    <member type="way" ref="605078472" role=""/>
    <member type="way" ref="817019470" role=""/>
    <member type="way" ref="279154275" role=""/>
    <member type="way" ref="527125967" role=""/>
    <member type="way" ref="279154279" role=""/>
    <member type="way" ref="279154281" role=""/>
    <member type="way" ref="279154278" role=""/>
    <member type="way" ref="685100528" role=""/>
    <member type="way" ref="279154280" role=""/>
    <member type="way" ref="674756318" role=""/>
    <member type="way" ref="685020271" role=""/>
    <member type="way" ref="589640599" role=""/>
    <member type="way" ref="41588174" role=""/>
    <member type="way" ref="303559648" role=""/>
    <member type="way" ref="685020269" role=""/>
    <member type="way" ref="674756319" role=""/>
    <member type="way" ref="996665162" role=""/>
    <member type="way" ref="17929789" role=""/>
    <member type="way" ref="996665163" role=""/>
    <member type="way" ref="913020667" role=""/>
    <member type="way" ref="587317657" role=""/>
    <member type="way" ref="996664292" role=""/>
    <member type="way" ref="996664293" role=""/>
    <member type="way" ref="678745736" role=""/>
    <member type="way" ref="381411919" role=""/>
    <member type="way" ref="303559647" role=""/>
    <member type="way" ref="674795487" role=""/>
    <member type="way" ref="1067635355" role=""/>
    <member type="way" ref="48465026" role=""/>
    <member type="way" ref="48465025" role=""/>
    <member type="way" ref="1271099762" role=""/>
    <member type="way" ref="299682133" role=""/>
    <member type="way" ref="912201551" role=""/>
    <member type="way" ref="264965257" role=""/>
    <member type="way" ref="264965256" role=""/>
    <member type="way" ref="667745342" role=""/>
    <member type="way" ref="1067635356" role=""/>
    <member type="way" ref="299682132" role=""/>
    <member type="way" ref="685020270" role=""/>
    <member type="way" ref="564099715" role=""/>
    <member type="way" ref="101982008" role=""/>
    <member type="way" ref="1065177553" role=""/>
    <member type="way" ref="31039" role=""/>
    <member type="way" ref="1049590080" role=""/>
    <member type="way" ref="315631030" role=""/>
    <member type="way" ref="293637093" role=""/>
    <member type="way" ref="233075058" role=""/>
    <member type="way" ref="116615382" role=""/>
    <member type="way" ref="1049590470" role=""/>
    <member type="way" ref="242166996" role=""/>
    <member type="way" ref="1049590471" role=""/>
    <member type="way" ref="628429131" role=""/>
    <member type="way" ref="628429129" role=""/>
    <member type="way" ref="271816293" role=""/>
    <member type="way" ref="5003469" role=""/>
    <member type="way" ref="585785135" role=""/>
    <member type="way" ref="4382814" role=""/>
    <member type="way" ref="4382813" role=""/>
    <member type="way" ref="4082596" role=""/>
    <member type="way" ref="49798450" role=""/>
    <member type="way" ref="49798167" role=""/>
    <member type="way" ref="647037416" role=""/>
    <member type="way" ref="647037415" role=""/>
    <member type="way" ref="647037414" role=""/>
    <member type="way" ref="267213248" role=""/>
    <member type="way" ref="267213404" role=""/>
    <tag k="from" v="Little Park Gardens"/>
    <tag k="name" v="London Buses route N29 → Trafalgar Square"/>
    <tag k="network" v="London Buses"/>
    <tag k="network:wikidata" v="Q1192411"/>
    <tag k="network:wikipedia" v="en:London Buses"/>
    <tag k="operator" v="Arriva London"/>
    <tag k="public_transport:version" v="2"/>
    <tag k="ref" v="N29"/>
    <tag k="route" v="bus"/>
    <tag k="to" v="Trafalgar Square / Charing Cross Station"/>
    <tag k="type" v="route"/>
  </relation>
  <relation id="8211727" version="199" timestamp="2024-11-26T14:14:21Z" changeset="159618589" uid="2221355" user="the jim">
    <member type="node" ref="3320940063" role="stop_entry_only"/>
    <member type="node" ref="4581297848" role="stop"/>
    <member type="node" ref="4581297852" role="stop"/>
    <member type="node" ref="385581973" role="platform"/>
    <member type="node" ref="5440856682" role="stop"/>
    <member type="node" ref="4543005956" role="stop"/>
    <member type="node" ref="1317141120" role="stop"/>
    <member type="node" ref="1109607290" role="stop"/>
    <member type="node" ref="3523544580" role="stop"/>
    <member type="node" ref="2904256675" role="stop"/>
    <member type="node" ref="3200794989" role="stop"/>
    <member type="node" ref="3200794991" role="stop"/>
    <member type="node" ref="3200794994" role="stop"/>
    <member type="node" ref="469763857" role="stop"/>
    <member type="node" ref="469790200" role="stop"/>
    <member type="node" ref="3043608312" role="platform"/>
    <member type="node" ref="469759909" role="stop"/>
    <member type="node" ref="3017058640" role="platform"/>
    <member type="node" ref="469773299" role="stop"/>
    <member type="node" ref="2653756592" role="stop"/>
    <member type="node" ref="469768812" role="stop"/>
    <member type="node" ref="469761290" role="stop"/>
    <member type="node" ref="469775533" role="stop"/>
    <member type="node" ref="469777147" role="stop"/>
    <member type="node" ref="469763121" role="stop"/>
    <member type="node" ref="4058598903" role="stop"/>
    <member type="node" ref="3761538576" role="stop"/>
    <member type="node" ref="469767677" role="platform"/>
    <member type="node" ref="469763153" role="platform"/>
    <member type="node" ref="469781346" role="platform"/>
    <member type="node" ref="469764176" role="platform"/>
    <member type="node" ref="469786249" role="platform"/>
    <member type="node" ref="469767226" role="platform"/>
    <member type="node" ref="406328" role="stop"/>
    <member type="node" ref="469773488" role="platform"/>
    <member type="node" ref="469768035" role="platform"/>
    <member type="node" ref="469780842" role="platform"/>
    <member type="node" ref="469768317" role="platform"/>
    <member type="node" ref="469782023" role="platform"/>
    <member type="node" ref="469787563" role="platform"/>
    <member type="node" ref="469762411" role="platform"/>
    <member type="node" ref="469786577" role="platform"/>
    <member type="node" ref="469760597" role="platform"/>
    <member type="node" ref="469786579" role="platform"/>
    <member type="node" ref="61877480" role="stop"/>
    <member type="node" ref="469785459" role="platform"/>
    <member type="node" ref="469788790" role="platform"/>
    <member type="node" ref="3175557815" role="stop"/>
    <member type="node" ref="3120756880" role="platform"/>
    <member type="node" ref="469775159" role="platform"/>
    <member type="node" ref="469768898" role="platform"/>
    <member type="node" ref="469759979" role="platform"/>
    <member type="node" ref="469772998" role="platform"/>
    <member type="node" ref="469772025" role="platform"/>
    <member type="node" ref="469783344" role="platform"/>
    <member type="node" ref="6193840991" role="platform"/>
    <member type="node" ref="469783232" role="platform"/>
    <member type="node" ref="469766043" role="platform"/>
    <member type="node" ref="469783305" role="platform"/>
    <member type="node" ref="3175557811" role="stop_exit_only"/>
    <member type="node" ref="469783277" role="platform_exit_only"/>
    <member type="way" ref="461699427" role=""/>
    <member type="way" ref="209692627" role=""/>
    <member type="way" ref="209689478" role=""/>
    <member type="way" ref="1135644240" role=""/>
    <member type="way" ref="209692644" role=""/>
    <member type="way" ref="1283819523" role=""/>
    <member type="way" ref="59718434" role=""/>
    <member type="way" ref="977669331" role=""/>
    <member type="way" ref="977669332" role=""/>
    <member type="way" ref="977669333" role=""/>
    <member type="way" ref="977669334" role=""/>
    <member type="way" ref="977669335" role=""/>
    <member type="way" ref="977669336" role=""/>
    <member type="way" ref="977669337" role=""/>
    <member type="way" ref="977669338" role=""/>
    <member type="way" ref="977669339" role=""/>
    <member type="way" ref="977669341" role=""/>
    <member type="way" ref="494579076" role=""/>
    <member type="way" ref="1065177546" role=""/>
    <member type="way" ref="209689555" role=""/>
    <member type="way" ref="977591944" role=""/>
    <member type="way" ref="977591945" role=""/>
    <member type="way" ref="977591946" role=""/>
    <member type="way" ref="209690398" role=""/>
    <member type="way" ref="25469620" role=""/>
    <member type="way" ref="233070705" role=""/>
    <member type="way" ref="209691456" role=""/>
    <member type="way" ref="209691454" role=""/>
    <member type="way" ref="955518102" role=""/>
    <member type="way" ref="728793125" role=""/>
    <member type="way" ref="728793128" role=""/>
    <member type="way" ref="977088264" role=""/>
    <member type="way" ref="972210875" role=""/>
    <member type="way" ref="93773949" role=""/>
    <member type="way" ref="33096424" role=""/>
    <member type="way" ref="33096423" role=""/>
    <member type="way" ref="31039" role=""/>
    <member type="way" ref="1065177553" role=""/>
    <member type="way" ref="101982008" role=""/>
    <member type="way" ref="564099715" role=""/>
    <member type="way" ref="685020270" role=""/>
    <member type="way" ref="299682132" role=""/>
    <member type="way" ref="1067635356" role=""/>
    <member type="way" ref="667745342" role=""/>
    <member type="way" ref="264965256" role=""/>
    <member type="way" ref="264965257" role=""/>
    <member type="way" ref="912201551" role=""/>
    <member type="way" ref="299682133" role=""/>
    <member type="way" ref="1271099762" role=""/>
    <member type="way" ref="48465025" role=""/>
    <member type="way" ref="48465026" role=""/>
    <member type="way" ref="1067635355" role=""/>
    <member type="way" ref="674795487" role=""/>
    <member type="way" ref="303559647" role=""/>
    <member type="way" ref="381411919" role=""/>
    <member type="way" ref="678745736" role=""/>
    <member type="way" ref="996664293" role=""/>
    <member type="way" ref="996664292" role=""/>
    <member type="way" ref="587317657" role=""/>
    <member type="way" ref="913020667" role=""/>
    <member type="way" ref="996665163" role=""/>
    <member type="way" ref="17929789" role=""/>
    <member type="way" ref="996665162" role=""/>
    <member type="way" ref="674756319" role=""/>
    <member type="way" ref="685020269" role=""/>
    <member type="way" ref="303559648" role=""/>
    <member type="way" ref="41588174" role=""/>
    <member type="way" ref="589640599" role=""/>
    <member type="way" ref="685020271" role=""/>
    <member type="way" ref="674756318" role=""/>
    <member type="way" ref="279154280" role=""/>
    <member type="way" ref="1264391400" role=""/>
    <member type="way" ref="1264391401" role=""/>
    <member type="way" ref="1264391402" role=""/>
    <member type="way" ref="1264391403" role=""/>
    <member type="way" ref="1264391404" role=""/>
    <member type="way" ref="1264391397" role=""/>
    <member type="way" ref="201303145" role=""/>
    <member type="way" ref="279154266" role=""/>
    <member type="way" ref="1065177555" role=""/>
    <member type="way" ref="279154267" role=""/>
    <member type="way" ref="279154270" role=""/>
    <member type="way" ref="823008429" role=""/>
    <member type="way" ref="825288061" role=""/>
    <member type="way" ref="1112581129" role=""/>
    <member type="way" ref="35085540" role=""/>
    <member type="way" ref="235993022" role=""/>
    <member type="way" ref="825288047" role=""/>
    <member type="way" ref="1112581130" role=""/>
    <member type="way" ref="235992911" role=""/>
    <member type="way" ref="1112581131" role=""/>
    <member type="way" ref="825288051" role=""/>
    <member type="way" ref="501243983" role=""/>
    <member type="way" ref="26834677" role=""/>
    <member type="way" ref="62036633" role=""/>
    <member type="way" ref="314895562" role=""/>
    <member type="way" ref="1265033831" role=""/>
    <member type="way" ref="1265033828" role=""/>
    <member type="way" ref="314895561" role=""/>
    <member type="way" ref="246170014" role=""/>
    <member type="way" ref="62036629" role=""/>
    <member type="way" ref="1265033822" role=""/>
    <member type="way" ref="1265033833" role=""/>
    <member type="way" ref="62036630" role=""/>
    <member type="way" ref="504568375" role=""/>
    <member type="way" ref="4253988" role=""/>
    <member type="way" ref="41518100" role=""/>
    <member type="way" ref="1112581137" role=""/>
    <member type="way" ref="746410871" role=""/>
    <member type="way" ref="825288054" role=""/>
    <member type="way" ref="837448598" role=""/>
    <member type="way" ref="825288043" role=""/>
    <member type="way" ref="746410870" role=""/>
    <member type="way" ref="746410865" role=""/>
    <member type="way" ref="825288045" role=""/>
    <member type="way" ref="746410867" role=""/>
    <member type="way" ref="825182593" role=""/>
    <member type="way" ref="746410874" role=""/>
    <member type="way" ref="121988892" role=""/>
    <member type="way" ref="1112581142" role=""/>
    <member type="way" ref="207115414" role=""/>
    <member type="way" ref="825288048" role=""/>
    <member type="way" ref="1232975552" role=""/>
    <member type="way" ref="1112581146" role=""/>
    <member type="way" ref="1112581147" role=""/>
    <member type="way" ref="234575098" role=""/>
    <member type="way" ref="825184199" role=""/>
    <member type="way" ref="234575101" role=""/>
    <member type="way" ref="825184200" role=""/>
    <member type="way" ref="825518134" role=""/>
    <member type="way" ref="1232962022" role=""/>
    <member type="way" ref="825518135" role=""/>
    <member type="way" ref="38060076" role=""/>
    <member type="way" ref="746410873" role=""/>
    <member type="way" ref="1112581148" role=""/>
    <member type="way" ref="1112581149" role=""/>
    <member type="way" ref="1112581150" role=""/>
    <member type="way" ref="1232962018" role=""/>
    <member type="way" ref="1112581152" role=""/>
    <member type="way" ref="1112581151" role=""/>
    <member type="way" ref="746410869" role=""/>
    <member type="way" ref="379356920" role=""/>
    <member type="way" ref="207107597" role=""/>
    <member type="way" ref="380467034" role=""/>
    <member type="way" ref="1065258330" role=""/>
    <member type="way" ref="234572145" role=""/>
    <member type="way" ref="367808662" role=""/>
    <member type="way" ref="36814929" role=""/>
    <member type="way" ref="1065218273" role=""/>
    <member type="way" ref="367808679" role=""/>
    <member type="way" ref="449113134" role=""/>
    <member type="way" ref="449113135" role=""/>
    <member type="way" ref="1112581153" role=""/>
    <member type="way" ref="41518099" role=""/>
    <member type="way" ref="379356933" role=""/>
    <member type="way" ref="1112581154" role=""/>
    <member type="way" ref="2509157" role=""/>
    <member type="way" ref="1101475691" role=""/>
    <member type="way" ref="379356932" role=""/>
    <member type="way" ref="39035433" role=""/>
    <member type="way" ref="89991893" role=""/>
    <member type="way" ref="197476574" role=""/>
    <member type="way" ref="199521016" role=""/>
    <member type="way" ref="197476947" role=""/>
    <member type="way" ref="197476948" role=""/>
    <member type="way" ref="679330695" role=""/>
    <member type="way" ref="679330697" role=""/>
    <member type="way" ref="1209438647" role=""/>
    <member type="way" ref="1065218274" role=""/>
    <member type="way" ref="679330694" role=""/>
    <member type="way" ref="75687499" role=""/>
    <member type="way" ref="197476980" role=""/>
    <member type="way" ref="234295188" role=""/>
    <member type="way" ref="160532844" role=""/>
    <member type="way" ref="1099987456" role=""/>
    <member type="way" ref="1263399909" role=""/>
    <member type="way" ref="2509158" role=""/>
    <member type="way" ref="1099987457" role=""/>
    <member type="way" ref="603759508" role=""/>
    <member type="way" ref="154540891" role=""/>
    <member type="way" ref="1068477990" role=""/>
    <member type="way" ref="233811586" role=""/>
    <member type="way" ref="603759507" role=""/>
    <member type="way" ref="233811579" role=""/>
    <member type="way" ref="2467171" role=""/>
    <member type="way" ref="4484039" role=""/>
    <member type="way" ref="201733596" role=""/>
    <member type="way" ref="280251141" role=""/>
    <member type="way" ref="233811549" role=""/>
    <member type="way" ref="1207034953" role=""/>
    <member type="way" ref="1207034954" role=""/>
    <member type="way" ref="1207034952" role=""/>
    <member type="way" ref="813749605" role=""/>
    <member type="way" ref="813749601" role=""/>
    <member type="way" ref="156201849" role=""/>
    <member type="way" ref="31324113" role=""/>
    <member type="way" ref="813749604" role=""/>
    <member type="way" ref="1247523487" role=""/>
    <member type="way" ref="372683468" role=""/>
    <member type="way" ref="534087836" role=""/>
    <member type="way" ref="1247523499" role=""/>
    <member type="way" ref="534024689" role=""/>
    <member type="way" ref="199518163" role=""/>
    <member type="way" ref="1247523488" role=""/>
    <member type="way" ref="534024692" role=""/>
    <member type="way" ref="1068477991" role=""/>
    <member type="way" ref="146590618" role=""/>
    <member type="way" ref="1242256465" role=""/>
    <member type="way" ref="199515248" role=""/>
    <member type="way" ref="1105774248" role=""/>
    <member type="way" ref="199515249" role=""/>
    <member type="way" ref="1068478002" role=""/>
    <member type="way" ref="201487146" role=""/>
    <member type="way" ref="199514512" role=""/>
    <member type="way" ref="1068478003" role=""/>
    <member type="way" ref="1242593615" role=""/>
    <member type="way" ref="538314349" role=""/>
    <member type="way" ref="230843110" role=""/>
    <member type="way" ref="202052943" role=""/>
    <member type="way" ref="202052944" role=""/>
    <member type="way" ref="1068478004" role=""/>
    <member type="way" ref="199771388" role=""/>
    <member type="way" ref="1068478005" role=""/>
    <member type="way" ref="199514520" role=""/>
    <member type="way" ref="1068478006" role=""/>
    <member type="way" ref="199771389" role=""/>
    <member type="way" ref="201487428" role=""/>
    <member type="way" ref="243464995" role=""/>
    <member type="way" ref="195209116" role=""/>
    <member type="way" ref="191969345" role=""/>
    <member type="way" ref="23180951" role=""/>
    <member type="way" ref="1141851553" role=""/>
    <member type="way" ref="194508870" role=""/>
    <member type="way" ref="1141851554" role=""/>
    <member type="way" ref="194508904" role=""/>
    <member type="way" ref="23180952" role=""/>
    <member type="way" ref="329553" role=""/>
    <member type="way" ref="329019" role=""/>
    <member type="way" ref="188429707" role=""/>
    <member type="way" ref="188429708" role=""/>
    <member type="way" ref="204347356" role=""/>
    <member type="way" ref="306681245" role=""/>
    <member type="way" ref="329137" role=""/>
    <member type="way" ref="13425108" role=""/>
    <member type="way" ref="1338003634" role=""/>
    <member type="way" ref="1338003635" role=""/>
    <member type="way" ref="853552060" role=""/>
    <member type="way" ref="853552061" role=""/>
    <member type="way" ref="40707919" role=""/>
    <member type="way" ref="40707920" role=""/>
    <member type="way" ref="24755932" role=""/>
    <member type="way" ref="1068584977" role=""/>
    <member type="way" ref="992937845" role=""/>
    <member type="way" ref="1068584978" role=""/>
    <member type="way" ref="992938693" role=""/>
    <member type="way" ref="110459085" role=""/>
    <member type="way" ref="1136056429" role=""/>
    <member type="way" ref="220779654" role=""/>
    <member type="way" ref="1136056430" role=""/>
    <member type="way" ref="2623040" role=""/>
    <member type="way" ref="837482659" role=""/>
    <member type="way" ref="1136056431" role=""/>
    <member type="way" ref="1136056432" role=""/>
    <member type="way" ref="992938694" role=""/>
    <member type="way" ref="24755888" role=""/>
    <member type="way" ref="1068584962" role=""/>
    <member type="way" ref="1136056434" role=""/>
    <member type="way" ref="1136056435" role=""/>
    <member type="way" ref="1136056443" role=""/>
    <member type="way" ref="1068584961" role=""/>
    <member type="way" ref="1136056444" role=""/>
    <member type="way" ref="1072693171" role=""/>
    <member type="way" ref="1136056445" role=""/>
    <member type="way" ref="1136056446" role=""/>
    <member type="way" ref="226610463" role=""/>
    <member type="way" ref="1136056447" role=""/>
    <member type="way" ref="1136056448" role=""/>
    <member type="way" ref="1136056449" role=""/>
    <member type="way" ref="1072693172" role=""/>
    <member type="way" ref="1068584959" role=""/>
    <member type="way" ref="453049103" role=""/>
    <member type="way" ref="453049091" role=""/>
    <member type="way" ref="684932547" role=""/>
    <member type="way" ref="684932545" role=""/>
    <member type="way" ref="23159775" role=""/>
    <member type="way" ref="684932571" role=""/>
    <member type="way" ref="769102187" role=""/>
    <member type="way" ref="684932574" role=""/>
    <member type="way" ref="769102175" role=""/>
    <member type="way" ref="769102184" role=""/>
    <member type="way" ref="502161067" role=""/>
    <member type="way" ref="502161066" role=""/>
    <member type="way" ref="1055579903" role=""/>
    <member type="way" ref="1055579902" role=""/>
    <member type="way" ref="38166454" role=""/>
    <member type="way" ref="261791249" role=""/>
    <member type="way" ref="130889837" role=""/>
    <member type="way" ref="688695954" role=""/>
    <member type="way" ref="502159591" role=""/>
    <member type="way" ref="1084140044" role=""/>
    <member type="way" ref="688695957" role=""/>
    <member type="way" ref="502163491" role=""/>
    <member type="way" ref="688695955" role=""/>
    <member type="way" ref="138158234" role=""/>
    <member type="way" ref="645919053" role=""/>
    <member type="way" ref="1084140043" role=""/>
    <member type="way" ref="1084140042" role=""/>
    <member type="way" ref="492695196" role=""/>
    <member type="way" ref="138158235" role=""/>
    <member type="way" ref="1084140041" role=""/>
    <member type="way" ref="1084140040" role=""/>
    <member type="way" ref="688695952" role=""/>
    <member type="way" ref="688695951" role=""/>
    <member type="way" ref="841483803" role=""/>
    <member type="way" ref="1084140039" role=""/>
    <member type="way" ref="262577018" role=""/>
    <member type="way" ref="1084140036" role=""/>
    <member type="way" ref="64080332" role=""/>
    <member type="way" ref="1095471117" role=""/>
    <member type="way" ref="1073936516" role=""/>
    <member type="way" ref="64080328" role=""/>
    <member type="way" ref="38166453" role=""/>
    <member type="way" ref="689045637" role=""/>
    <member type="way" ref="689045633" role=""/>
    <member type="way" ref="295939290" role=""/>
    <member type="way" ref="586103901" role=""/>
    <member type="way" ref="586103894" role=""/>
    <member type="way" ref="586103904" role=""/>
    <member type="way" ref="586103895" role=""/>
    <member type="way" ref="1160956881" role=""/>
    <member type="way" ref="1160956882" role=""/>
    <member type="way" ref="1160956883" role=""/>
    <member type="way" ref="41891794" role=""/>
    <member type="way" ref="228906306" role=""/>
    <member type="way" ref="3261276" role=""/>
    <member type="way" ref="242895908" role=""/>
    <member type="way" ref="926165821" role=""/>
    <member type="way" ref="926165820" role=""/>
    <member type="way" ref="64283562" role=""/>
    <member type="way" ref="242895912" role=""/>
    <member type="way" ref="242895911" role=""/>
    <member type="way" ref="25971864" role=""/>
    <member type="way" ref="827484938" role=""/>
    <member type="way" ref="808593468" role=""/>
    <member type="way" ref="807546309" role=""/>
    <member type="way" ref="807546310" role=""/>
    <member type="way" ref="848678367" role=""/>
    <member type="way" ref="504307286" role=""/>
    <member type="way" ref="848999279" role=""/>
    <member type="way" ref="252351446" role=""/>
    <member type="way" ref="849032834" role=""/>
    <member type="way" ref="997056392" role=""/>
    <member type="way" ref="61717671" role=""/>
    <member type="way" ref="22605514" role=""/>
    <member type="way" ref="64283558" role=""/>
    <member type="way" ref="22605636" role=""/>
    <member type="way" ref="972367587" role=""/>
    <member type="way" ref="243112342" role=""/>
    <member type="way" ref="972367588" role=""/>
    <member type="way" ref="972368547" role=""/>
    <member type="way" ref="849032837" role=""/>
    <member type="way" ref="80263146" role=""/>
    <member type="way" ref="972368546" role=""/>
    <member type="way" ref="504306300" role=""/>
    <member type="way" ref="652897378" role=""/>
    <member type="way" ref="808521284" role=""/>
    <member type="way" ref="227353425" role=""/>
    <member type="way" ref="227353422" role=""/>
    <member type="way" ref="22605571" role=""/>
    <member type="way" ref="539800943" role=""/>
    <member type="way" ref="652908989" role=""/>
    <member type="way" ref="839151761" role=""/>
    <member type="way" ref="38696834" role=""/>
    <member type="way" ref="1011515885" role=""/>
    <member type="way" ref="38696833" role=""/>
    <member type="way" ref="453060957" role=""/>
    <member type="way" ref="652908992" role=""/>
    <member type="way" ref="848665251" role=""/>
    <member type="way" ref="979897734" role=""/>
    <member type="way" ref="25971746" role=""/>
    <member type="way" ref="38696815" role=""/>
    <member type="way" ref="652911699" role=""/>
    <member type="way" ref="973872967" role=""/>
    <member type="way" ref="1011515889" role=""/>
    <member type="way" ref="496797795" role=""/>
    <member type="way" ref="808618745" role=""/>
    <member type="way" ref="156616209" role=""/>
    <member type="way" ref="1153622006" role=""/>
    <member type="way" ref="1153622007" role=""/>
    <member type="way" ref="652917605" role=""/>
    <member type="way" ref="652917610" role=""/>
    <member type="way" ref="164673969" role=""/>
    <member type="way" ref="652919802" role=""/>
    <member type="way" ref="652919795" role=""/>
    <member type="way" ref="1067755981" role=""/>
    <member type="way" ref="652921403" role=""/>
    <member type="way" ref="1067755982" role=""/>
    <member type="way" ref="666937198" role=""/>
    <member type="way" ref="652921400" role=""/>
    <member type="way" ref="547302843" role=""/>
    <member type="way" ref="1153622397" role=""/>
    <member type="way" ref="1153622398" role=""/>
    <member type="way" ref="1153622399" role=""/>
    <member type="way" ref="225614413" role=""/>
    <member type="way" ref="666924136" role=""/>
    <member type="way" ref="1153622400" role=""/>
    <member type="way" ref="1067748074" role=""/>
    <member type="way" ref="1188193896" role=""/>
    <member type="way" ref="164673967" role=""/>
    <member type="way" ref="1067748075" role=""/>
    <member type="way" ref="951326599" role=""/>
    <member type="way" ref="951326598" role=""/>
    <member type="way" ref="666924140" role=""/>
    <member type="way" ref="666924128" role=""/>
    <member type="way" ref="1067757269" role=""/>
    <member type="way" ref="1067757270" role=""/>
    <member type="way" ref="1067757271" role=""/>
    <member type="way" ref="1067757273" role=""/>
    <member type="way" ref="1067757272" role=""/>
    <member type="way" ref="1067757274" role=""/>
    <member type="way" ref="1064322579" role=""/>
    <member type="way" ref="652926276" role=""/>
    <member type="way" ref="1064322580" role=""/>
    <member type="way" ref="1064322581" role=""/>
    <member type="way" ref="662621138" role=""/>
    <member type="way" ref="662621142" role=""/>
    <member type="way" ref="1064322582" role=""/>
    <member type="way" ref="1011508963" role=""/>
    <member type="way" ref="986897085" role=""/>
    <member type="way" ref="1064322583" role=""/>
    <member type="way" ref="4608592" role=""/>
    <member type="way" ref="995438637" role=""/>
    <member type="way" ref="995445628" role=""/>
    <member type="way" ref="1011508966" role=""/>
    <member type="way" ref="995445627" role=""/>
    <member type="way" ref="995445626" role=""/>
    <member type="way" ref="1069283144" role=""/>
    <member type="way" ref="995445625" role=""/>
    <member type="way" ref="995445624" role=""/>
    <member type="way" ref="995445623" role=""/>
    <member type="way" ref="995445622" role=""/>
    <member type="way" ref="995445621" role=""/>
    <member type="way" ref="995445620" role=""/>
    <member type="way" ref="766224020" role=""/>
    <member type="way" ref="995445619" role=""/>
    <member type="way" ref="995445618" role=""/>
    <member type="way" ref="995445617" role=""/>
    <member type="way" ref="25913917" role=""/>
    <member type="way" ref="666815628" role=""/>
    <member type="way" ref="4608602" role=""/>
    <member type="way" ref="325811728" role=""/>
    <member type="way" ref="666670889" role=""/>
    <member type="way" ref="1262446030" role=""/>
    <member type="way" ref="666818903" role=""/>
    <member type="way" ref="666818901" role=""/>
    <member type="way" ref="235070754" role=""/>
    <member type="way" ref="499510240" role=""/>
    <member type="way" ref="1262442901" role=""/>
    <member type="way" ref="666815634" role=""/>
    <member type="way" ref="44676471" role=""/>
    <tag k="from" v="Holles Street"/>
    <tag k="name" v="London Buses route N73 → Walthamstow Central"/>
    <tag k="network" v="London Buses"/>
    <tag k="network:wikidata" v="Q1192411"/>
    <tag k="network:wikipedia" v="en:London Buses"/>
    <tag k="operator" v="Arriva London"/>
    <tag k="public_transport:version" v="2"/>
    <tag k="ref" v="N73"/>
    <tag k="route" v="bus"/>
    <tag k="to" v="Walthamstow Bus Station"/>
    <tag k="type" v="route"/>
  </relation>
  <relation id="8211728" version="195" timestamp="2024-11-26T14:14:21Z" changeset="159618589" uid="2221355" user="the jim">
    <member type="node" ref="4946936485" role="stop_entry_only"/>
    <member type="node" ref="469783271" role="platform_entry_only"/>
    <member type="node" ref="469783291" role="platform"/>
    <member type="node" ref="469771836" role="platform"/>
    <member type="node" ref="469783234" role="platform"/>
    <member type="node" ref="469783254" role="platform"/>
    <member type="node" ref="469773979" role="platform"/>
    <member type="node" ref="469783353" role="platform"/>
    <member type="node" ref="469772026" role="platform"/>
    <member type="node" ref="469766422" role="platform"/>
    <member type="node" ref="469788417" role="platform"/>
    <member type="node" ref="469759977" role="platform"/>
    <member type="node" ref="469768904" role="platform"/>
    <member type="node" ref="469768899" role="platform"/>
    <member type="node" ref="469764279" role="platform"/>
    <member type="node" ref="469771817" role="platform"/>
    <member type="node" ref="3175557820" role="stop"/>
    <member type="node" ref="7725393850" role="platform"/>
    <member type="node" ref="6015067089" role="platform"/>
    <member type="node" ref="469785469" role="platform"/>
    <member type="node" ref="469786581" role="platform"/>
    <member type="node" ref="469786578" role="platform"/>
    <member type="node" ref="469762412" role="platform"/>
    <member type="node" ref="469780523" role="platform"/>
    <member type="node" ref="469768318" role="platform"/>
    <member type="node" ref="469780843" role="platform"/>
    <member type="node" ref="469768036" role="platform"/>
    <member type="node" ref="469773489" role="platform"/>
    <member type="node" ref="4087272874" role="stop"/>
    <member type="node" ref="469775970" role="platform"/>
    <member type="node" ref="469765026" role="platform"/>
    <member type="node" ref="469786248" role="platform"/>
    <member type="node" ref="469764177" role="platform"/>
    <member type="node" ref="469781347" role="platform"/>
    <member type="node" ref="469766261" role="platform"/>
    <member type="node" ref="469767678" role="platform"/>
    <member type="node" ref="469777076" role="platform"/>
    <member type="node" ref="4058598916" role="stop"/>
    <member type="node" ref="4058598904" role="stop"/>
    <member type="node" ref="469763122" role="stop"/>
    <member type="node" ref="469774156" role="stop"/>
    <member type="node" ref="469775536" role="stop"/>
    <member type="node" ref="469761292" role="stop"/>
    <member type="node" ref="469768811" role="stop"/>
    <member type="node" ref="469776764" role="stop"/>
    <member type="node" ref="469773300" role="stop"/>
    <member type="node" ref="469759907" role="stop"/>
    <member type="node" ref="3017058638" role="platform"/>
    <member type="node" ref="469759908" role="stop"/>
    <member type="node" ref="3200794995" role="platform"/>
    <member type="node" ref="469777445" role="stop"/>
    <member type="node" ref="3200794992" role="stop"/>
    <member type="node" ref="469761430" role="stop"/>
    <member type="node" ref="427931765" role="stop"/>
    <member type="node" ref="3523544582" role="stop"/>
    <member type="node" ref="4547526149" role="stop"/>
    <member type="node" ref="4544414344" role="stop"/>
    <member type="node" ref="4505496771" role="stop"/>
    <member type="node" ref="6391776690" role="platform"/>
    <member type="node" ref="6391776691" role="platform"/>
    <member type="node" ref="6391776689" role="platform"/>
    <member type="node" ref="8657219640" role="stop"/>
    <member type="node" ref="4581297847" role="stop_exit_only"/>
    <member type="way" ref="504546263" role=""/>
    <member type="way" ref="592574862" role=""/>
    <member type="way" ref="584279275" role=""/>
    <member type="way" ref="325812544" role=""/>
    <member type="way" ref="53503853" role=""/>
    <member type="way" ref="666815634" role=""/>
    <member type="way" ref="1262442901" role=""/>
    <member type="way" ref="235070750" role=""/>
    <member type="way" ref="53503852" role=""/>
    <member type="way" ref="4608602" role=""/>
    <member type="way" ref="666815628" role=""/>
    <member type="way" ref="25913917" role=""/>
    <member type="way" ref="995445617" role=""/>
    <member type="way" ref="995445618" role=""/>
    <member type="way" ref="995445619" role=""/>
    <member type="way" ref="766224020" role=""/>
    <member type="way" ref="995445620" role=""/>
    <member type="way" ref="995445621" role=""/>
    <member type="way" ref="995445622" role=""/>
    <member type="way" ref="995445623" role=""/>
    <member type="way" ref="995445624" role=""/>
    <member type="way" ref="995445625" role=""/>
    <member type="way" ref="1069283144" role=""/>
    <member type="way" ref="995445626" role=""/>
    <member type="way" ref="995445627" role=""/>
    <member type="way" ref="1011508966" role=""/>
    <member type="way" ref="995445628" role=""/>
    <member type="way" ref="995438637" role=""/>
    <member type="way" ref="4608592" role=""/>
    <member type="way" ref="1064322583" role=""/>
    <member type="way" ref="986897085" role=""/>
    <member type="way" ref="1011508963" role=""/>
    <member type="way" ref="1064322582" role=""/>
    <member type="way" ref="662621142" role=""/>
    <member type="way" ref="662621138" role=""/>
    <member type="way" ref="1064322581" role=""/>
    <member type="way" ref="1064322580" role=""/>
    <member type="way" ref="652926276" role=""/>
    <member type="way" ref="1064322579" role=""/>
    <member type="way" ref="1067757274" role=""/>
    <member type="way" ref="1067757272" role=""/>
    <member type="way" ref="1067757273" role=""/>
    <member type="way" ref="1067757271" role=""/>
    <member type="way" ref="1067757270" role=""/>
    <member type="way" ref="1067757269" role=""/>
    <member type="way" ref="666924128" role=""/>
    <member type="way" ref="666924140" role=""/>
    <member type="way" ref="951326598" role=""/>
    <member type="way" ref="951326599" role=""/>
    <member type="way" ref="1067748075" role=""/>
    <member type="way" ref="164673967" role=""/>
    <member type="way" ref="1188193896" role=""/>
    <member type="way" ref="1067748074" role=""/>
    <member type="way" ref="1153622400" role=""/>
    <member type="way" ref="666924136" role=""/>
    <member type="way" ref="225614413" role=""/>
    <member type="way" ref="1153622399" role=""/>
    <member type="way" ref="1153622398" role=""/>
    <member type="way" ref="1153622397" role=""/>
    <member type="way" ref="547302843" role=""/>
    <member type="way" ref="652921400" role=""/>
    <member type="way" ref="666937198" role=""/>
    <member type="way" ref="1067755982" role=""/>
    <member type="way" ref="652921403" role=""/>
    <member type="way" ref="1067755981" role=""/>
    <member type="way" ref="652919795" role=""/>
    <member type="way" ref="652919802" role=""/>
    <member type="way" ref="164673969" role=""/>
    <member type="way" ref="652917610" role=""/>
    <member type="way" ref="652917605" role=""/>
    <member type="way" ref="1153622007" role=""/>
    <member type="way" ref="1153622006" role=""/>
    <member type="way" ref="156616209" role=""/>
    <member type="way" ref="808618745" role=""/>
    <member type="way" ref="496797795" role=""/>
    <member type="way" ref="1011515889" role=""/>
    <member type="way" ref="973872967" role=""/>
    <member type="way" ref="652911699" role=""/>
    <member type="way" ref="38696815" role=""/>
    <member type="way" ref="25971746" role=""/>
    <member type="way" ref="979897734" role=""/>
    <member type="way" ref="848665251" role=""/>
    <member type="way" ref="652908992" role=""/>
    <member type="way" ref="453060957" role=""/>
    <member type="way" ref="38696833" role=""/>
    <member type="way" ref="1011515885" role=""/>
    <member type="way" ref="38696834" role=""/>
    <member type="way" ref="839151761" role=""/>
    <member type="way" ref="652908989" role=""/>
    <member type="way" ref="539800943" role=""/>
    <member type="way" ref="22605571" role=""/>
    <member type="way" ref="227353422" role=""/>
    <member type="way" ref="227353425" role=""/>
    <member type="way" ref="808521284" role=""/>
    <member type="way" ref="652897378" role=""/>
    <member type="way" ref="504306300" role=""/>
    <member type="way" ref="972368546" role=""/>
    <member type="way" ref="80263146" role=""/>
    <member type="way" ref="849032837" role=""/>
    <member type="way" ref="972368547" role=""/>
    <member type="way" ref="972367588" role=""/>
    <member type="way" ref="243112342" role=""/>
    <member type="way" ref="972367587" role=""/>
    <member type="way" ref="22605636" role=""/>
    <member type="way" ref="64283558" role=""/>
    <member type="way" ref="22605514" role=""/>
    <member type="way" ref="61717671" role=""/>
    <member type="way" ref="997056392" role=""/>
    <member type="way" ref="849032834" role=""/>
    <member type="way" ref="252351446" role=""/>
    <member type="way" ref="848999279" role=""/>
    <member type="way" ref="504307283" role=""/>
    <member type="way" ref="815762526" role=""/>
    <member type="way" ref="570259454" role=""/>
    <member type="way" ref="849025673" role=""/>
    <member type="way" ref="815762525" role=""/>
    <member type="way" ref="311817436" role=""/>
    <member type="way" ref="808593469" role=""/>
    <member type="way" ref="827484938" role=""/>
    <member type="way" ref="25971864" role=""/>
    <member type="way" ref="242895911" role=""/>
    <member type="way" ref="242895912" role=""/>
    <member type="way" ref="766188936" role=""/>
    <member type="way" ref="766188937" role=""/>
    <member type="way" ref="766188934" role=""/>
    <member type="way" ref="848678366" role=""/>
    <member type="way" ref="3261276" role=""/>
    <member type="way" ref="228906306" role=""/>
    <member type="way" ref="41891794" role=""/>
    <member type="way" ref="1160956884" role=""/>
    <member type="way" ref="1160956880" role=""/>
    <member type="way" ref="586103895" role=""/>
    <member type="way" ref="586103904" role=""/>
    <member type="way" ref="586103894" role=""/>
    <member type="way" ref="1028524540" role=""/>
    <member type="way" ref="64080308" role=""/>
    <member type="way" ref="1028524541" role=""/>
    <member type="way" ref="295939290" role=""/>
    <member type="way" ref="689045633" role=""/>
    <member type="way" ref="586103907" role=""/>
    <member type="way" ref="38166453" role=""/>
    <member type="way" ref="689045634" role=""/>
    <member type="way" ref="1236568073" role=""/>
    <member type="way" ref="841483804" role=""/>
    <member type="way" ref="1084140037" role=""/>
    <member type="way" ref="64080302" role=""/>
    <member type="way" ref="130889841" role=""/>
    <member type="way" ref="1084140038" role=""/>
    <member type="way" ref="130889842" role=""/>
    <member type="way" ref="841483803" role=""/>
    <member type="way" ref="688695951" role=""/>
    <member type="way" ref="688695952" role=""/>
    <member type="way" ref="1084140040" role=""/>
    <member type="way" ref="1084140041" role=""/>
    <member type="way" ref="138158235" role=""/>
    <member type="way" ref="492695196" role=""/>
    <member type="way" ref="1084140042" role=""/>
    <member type="way" ref="1084140043" role=""/>
    <member type="way" ref="645919053" role=""/>
    <member type="way" ref="138158234" role=""/>
    <member type="way" ref="688695955" role=""/>
    <member type="way" ref="502163491" role=""/>
    <member type="way" ref="688695957" role=""/>
    <member type="way" ref="1084140044" role=""/>
    <member type="way" ref="502159591" role=""/>
    <member type="way" ref="688695954" role=""/>
    <member type="way" ref="130889837" role=""/>
    <member type="way" ref="261791249" role=""/>
    <member type="way" ref="38166454" role=""/>
    <member type="way" ref="1055579902" role=""/>
    <member type="way" ref="1055579903" role=""/>
    <member type="way" ref="502161066" role=""/>
    <member type="way" ref="502161067" role=""/>
    <member type="way" ref="769102184" role=""/>
    <member type="way" ref="1257741444" role=""/>
    <member type="way" ref="1257741445" role=""/>
    <member type="way" ref="1257741446" role=""/>
    <member type="way" ref="1257741447" role=""/>
    <member type="way" ref="684932567" role=""/>
    <member type="way" ref="404006655" role=""/>
    <member type="way" ref="1257769020" role=""/>
    <member type="way" ref="684932543" role=""/>
    <member type="way" ref="684932544" role=""/>
    <member type="way" ref="453049091" role=""/>
    <member type="way" ref="453049103" role=""/>
    <member type="way" ref="1068584959" role=""/>
    <member type="way" ref="1072693172" role=""/>
    <member type="way" ref="1136056449" role=""/>
    <member type="way" ref="1136056448" role=""/>
    <member type="way" ref="1136056447" role=""/>
    <member type="way" ref="226610463" role=""/>
    <member type="way" ref="1136056446" role=""/>
    <member type="way" ref="1136056445" role=""/>
    <member type="way" ref="1072693171" role=""/>
    <member type="way" ref="1136056444" role=""/>
    <member type="way" ref="1068584961" role=""/>
    <member type="way" ref="1136056443" role=""/>
    <member type="way" ref="1136056435" role=""/>
    <member type="way" ref="1136056441" role=""/>
    <member type="way" ref="1136056436" role=""/>
    <member type="way" ref="1136056442" role=""/>
    <member type="way" ref="1068584962" role=""/>
    <member type="way" ref="24755888" role=""/>
    <member type="way" ref="992938694" role=""/>
    <member type="way" ref="1136056432" role=""/>
    <member type="way" ref="1136056431" role=""/>
    <member type="way" ref="837482659" role=""/>
    <member type="way" ref="2623040" role=""/>
    <member type="way" ref="32826407" role=""/>
    <member type="way" ref="220779653" role=""/>
    <member type="way" ref="2623087" role=""/>
    <member type="way" ref="1095470336" role=""/>
    <member type="way" ref="253359436" role=""/>
    <member type="way" ref="1095470337" role=""/>
    <member type="way" ref="992940890" role=""/>
    <member type="way" ref="110459086" role=""/>
    <member type="way" ref="1058239603" role=""/>
    <member type="way" ref="565998208" role=""/>
    <member type="way" ref="1068570395" role=""/>
    <member type="way" ref="1068570396" role=""/>
    <member type="way" ref="110459084" role=""/>
    <member type="way" ref="1068584978" role=""/>
    <member type="way" ref="992937845" role=""/>
    <member type="way" ref="1068584977" role=""/>
    <member type="way" ref="24755932" role=""/>
    <member type="way" ref="40707920" role=""/>
    <member type="way" ref="40707919" role=""/>
    <member type="way" ref="853552061" role=""/>
    <member type="way" ref="853552060" role=""/>
    <member type="way" ref="1338003635" role=""/>
    <member type="way" ref="1338003634" role=""/>
    <member type="way" ref="13425108" role=""/>
    <member type="way" ref="329137" role=""/>
    <member type="way" ref="306681245" role=""/>
    <member type="way" ref="230837906" role=""/>
    <member type="way" ref="204347362" role=""/>
    <member type="way" ref="156232231" role=""/>
    <member type="way" ref="403510517" role=""/>
    <member type="way" ref="188429704" role=""/>
    <member type="way" ref="188429703" role=""/>
    <member type="way" ref="188429705" role=""/>
    <member type="way" ref="261116623" role=""/>
    <member type="way" ref="188429706" role=""/>
    <member type="way" ref="329553" role=""/>
    <member type="way" ref="23180952" role=""/>
    <member type="way" ref="194508904" role=""/>
    <member type="way" ref="1141851554" role=""/>
    <member type="way" ref="194508870" role=""/>
    <member type="way" ref="1141851553" role=""/>
    <member type="way" ref="23180951" role=""/>
    <member type="way" ref="191969345" role=""/>
    <member type="way" ref="195209116" role=""/>
    <member type="way" ref="243464995" role=""/>
    <member type="way" ref="201487428" role=""/>
    <member type="way" ref="199771389" role=""/>
    <member type="way" ref="1068478006" role=""/>
    <member type="way" ref="199514520" role=""/>
    <member type="way" ref="1068478005" role=""/>
    <member type="way" ref="199771388" role=""/>
    <member type="way" ref="1068478004" role=""/>
    <member type="way" ref="202052944" role=""/>
    <member type="way" ref="202052943" role=""/>
    <member type="way" ref="230843110" role=""/>
    <member type="way" ref="538314349" role=""/>
    <member type="way" ref="1242593615" role=""/>
    <member type="way" ref="1068478003" role=""/>
    <member type="way" ref="199514512" role=""/>
    <member type="way" ref="201487146" role=""/>
    <member type="way" ref="1068478002" role=""/>
    <member type="way" ref="199515249" role=""/>
    <member type="way" ref="1105774248" role=""/>
    <member type="way" ref="199515248" role=""/>
    <member type="way" ref="1242256465" role=""/>
    <member type="way" ref="146590618" role=""/>
    <member type="way" ref="1068477991" role=""/>
    <member type="way" ref="534024692" role=""/>
    <member type="way" ref="1247523488" role=""/>
    <member type="way" ref="199518163" role=""/>
    <member type="way" ref="534024689" role=""/>
    <member type="way" ref="1247523499" role=""/>
    <member type="way" ref="534087836" role=""/>
    <member type="way" ref="372683468" role=""/>
    <member type="way" ref="1247523487" role=""/>
    <member type="way" ref="813749604" role=""/>
    <member type="way" ref="31324113" role=""/>
    <member type="way" ref="38907609" role=""/>
    <member type="way" ref="1257353510" role=""/>
    <member type="way" ref="1286267890" role=""/>
    <member type="way" ref="210335525" role=""/>
    <member type="way" ref="203982569" role=""/>
    <member type="way" ref="197477212" role=""/>
    <member type="way" ref="1095468502" role=""/>
    <member type="way" ref="203981674" role=""/>
    <member type="way" ref="233811551" role=""/>
    <member type="way" ref="280251144" role=""/>
    <member type="way" ref="48379490" role=""/>
    <member type="way" ref="2467171" role=""/>
    <member type="way" ref="1256523633" role=""/>
    <member type="way" ref="690824735" role=""/>
    <member type="way" ref="1256523628" role=""/>
    <member type="way" ref="1256523634" role=""/>
    <member type="way" ref="1256523635" role=""/>
    <member type="way" ref="41518094" role=""/>
    <member type="way" ref="1263399917" role=""/>
    <member type="way" ref="160532844" role=""/>
    <member type="way" ref="234295188" role=""/>
    <member type="way" ref="197476980" role=""/>
    <member type="way" ref="75687499" role=""/>
    <member type="way" ref="234288791" role=""/>
    <member type="way" ref="679330696" role=""/>
    <member type="way" ref="1209438647" role=""/>
    <member type="way" ref="679330697" role=""/>
    <member type="way" ref="679330700" role=""/>
    <member type="way" ref="197476948" role=""/>
    <member type="way" ref="197476947" role=""/>
    <member type="way" ref="199521016" role=""/>
    <member type="way" ref="197476574" role=""/>
    <member type="way" ref="89991893" role=""/>
    <member type="way" ref="1154366922" role=""/>
    <member type="way" ref="1158978914" role=""/>
    <member type="way" ref="679330699" role=""/>
    <member type="way" ref="1112583430" role=""/>
    <member type="way" ref="234289105" role=""/>
    <member type="way" ref="591922930" role=""/>
    <member type="way" ref="1065218270" role=""/>
    <member type="way" ref="41518097" role=""/>
    <member type="way" ref="591922929" role=""/>
    <member type="way" ref="36814928" role=""/>
    <member type="way" ref="367808661" role=""/>
    <member type="way" ref="367808660" role=""/>
    <member type="way" ref="838391221" role=""/>
    <member type="way" ref="380467036" role=""/>
    <member type="way" ref="61904421" role=""/>
    <member type="way" ref="49932192" role=""/>
    <member type="way" ref="1065258329" role=""/>
    <member type="way" ref="234575099" role=""/>
    <member type="way" ref="838389343" role=""/>
    <member type="way" ref="837448602" role=""/>
    <member type="way" ref="746410873" role=""/>
    <member type="way" ref="38060076" role=""/>
    <member type="way" ref="746410868" role=""/>
    <member type="way" ref="1232962021" role=""/>
    <member type="way" ref="829856839" role=""/>
    <member type="way" ref="829856838" role=""/>
    <member type="way" ref="1112581145" role=""/>
    <member type="way" ref="1112581144" role=""/>
    <member type="way" ref="17513377" role=""/>
    <member type="way" ref="1112581143" role=""/>
    <member type="way" ref="561132267" role=""/>
    <member type="way" ref="17513378" role=""/>
    <member type="way" ref="837448604" role=""/>
    <member type="way" ref="825182593" role=""/>
    <member type="way" ref="746410867" role=""/>
    <member type="way" ref="746410872" role=""/>
    <member type="way" ref="746410870" role=""/>
    <member type="way" ref="825288043" role=""/>
    <member type="way" ref="837448598" role=""/>
    <member type="way" ref="825288054" role=""/>
    <member type="way" ref="746410871" role=""/>
    <member type="way" ref="825288057" role=""/>
    <member type="way" ref="837448601" role=""/>
    <member type="way" ref="825288059" role=""/>
    <member type="way" ref="746410866" role=""/>
    <member type="way" ref="746410875" role=""/>
    <member type="way" ref="311804826" role=""/>
    <member type="way" ref="837448597" role=""/>
    <member type="way" ref="24936218" role=""/>
    <member type="way" ref="1112581135" role=""/>
    <member type="way" ref="1112581134" role=""/>
    <member type="way" ref="1112581136" role=""/>
    <member type="way" ref="881317813" role=""/>
    <member type="way" ref="837448599" role=""/>
    <member type="way" ref="1112581132" role=""/>
    <member type="way" ref="1112581133" role=""/>
    <member type="way" ref="24936216" role=""/>
    <member type="way" ref="825178802" role=""/>
    <member type="way" ref="825178804" role=""/>
    <member type="way" ref="837448595" role=""/>
    <member type="way" ref="49934847" role=""/>
    <member type="way" ref="881317812" role=""/>
    <member type="way" ref="825175712" role=""/>
    <member type="way" ref="235992910" role=""/>
    <member type="way" ref="379356922" role=""/>
    <member type="way" ref="527096914" role=""/>
    <member type="way" ref="1112597547" role=""/>
    <member type="way" ref="1065177556" role=""/>
    <member type="way" ref="1062480575" role=""/>
    <member type="way" ref="1059707542" role=""/>
    <member type="way" ref="1059707545" role=""/>
    <member type="way" ref="316158482" role=""/>
    <member type="way" ref="279154263" role=""/>
    <member type="way" ref="279154306" role=""/>
    <member type="way" ref="279154261" role=""/>
    <member type="way" ref="279154281" role=""/>
    <member type="way" ref="279154278" role=""/>
    <member type="way" ref="685100528" role=""/>
    <member type="way" ref="279154280" role=""/>
    <member type="way" ref="674756318" role=""/>
    <member type="way" ref="685020271" role=""/>
    <member type="way" ref="589640599" role=""/>
    <member type="way" ref="41588174" role=""/>
    <member type="way" ref="303559648" role=""/>
    <member type="way" ref="685020269" role=""/>
    <member type="way" ref="674756319" role=""/>
    <member type="way" ref="996665162" role=""/>
    <member type="way" ref="17929789" role=""/>
    <member type="way" ref="996665163" role=""/>
    <member type="way" ref="913020667" role=""/>
    <member type="way" ref="587317657" role=""/>
    <member type="way" ref="996664292" role=""/>
    <member type="way" ref="996664293" role=""/>
    <member type="way" ref="678745736" role=""/>
    <member type="way" ref="381411919" role=""/>
    <member type="way" ref="303559647" role=""/>
    <member type="way" ref="674795487" role=""/>
    <member type="way" ref="1067635355" role=""/>
    <member type="way" ref="48465026" role=""/>
    <member type="way" ref="48465025" role=""/>
    <member type="way" ref="1271099762" role=""/>
    <member type="way" ref="299682133" role=""/>
    <member type="way" ref="912201551" role=""/>
    <member type="way" ref="264965257" role=""/>
    <member type="way" ref="264965256" role=""/>
    <member type="way" ref="667745342" role=""/>
    <member type="way" ref="1067635356" role=""/>
    <member type="way" ref="299682132" role=""/>
    <member type="way" ref="685020270" role=""/>
    <member type="way" ref="564099715" role=""/>
    <member type="way" ref="101982008" role=""/>
    <member type="way" ref="1065177553" role=""/>
    <member type="way" ref="31039" role=""/>
    <member type="way" ref="33096423" role=""/>
    <member type="way" ref="33096424" role=""/>
    <member type="way" ref="93773949" role=""/>
    <member type="way" ref="972210875" role=""/>
    <member type="way" ref="728793122" role=""/>
    <member type="way" ref="977088265" role=""/>
    <member type="way" ref="746024419" role=""/>
    <member type="way" ref="977088266" role=""/>
    <member type="way" ref="194259717" role=""/>
    <tag k="from" v="Walthamstow Bus Station"/>
    <tag k="name" v="London Buses route N73 → Oxford Circus"/>
    <tag k="network" v="London Buses"/>
    <tag k="network:wikidata" v="Q1192411"/>
    <tag k="network:wikipedia" v="en:London Buses"/>
    <tag k="note" v="Intricate relation - do not auto-sort."/>
    <tag k="operator" v="Arriva London"/>
    <tag k="public_transport:version" v="2"/>
    <tag k="ref" v="N73"/>
    <tag k="route" v="bus"/>
    <tag k="to" v="Holles Street"/>
    <tag k="type" v="route"/>
  </relation>
  <relation id="8211773" version="203" timestamp="2024-12-03T04:15:59Z" changeset="159865634" uid="322039" user="MacLondon">
    <member type="node" ref="469762110" role="stop_entry_only"/>
    <member type="node" ref="3231501610" role="platform_entry_only"/>
    <member type="node" ref="3992947590" role="stop"/>
    <member type="node" ref="469759900" role="platform"/>
    <member type="node" ref="4517317258" role="stop"/>
    <member type="node" ref="469789172" role="platform"/>
    <member type="node" ref="4517317255" role="stop"/>
    <member type="node" ref="469774695" role="platform"/>
    <member type="node" ref="4517317253" role="stop"/>
    <member type="node" ref="469775020" role="platform"/>
    <member type="node" ref="4517317252" role="stop"/>
    <member type="node" ref="469775023" role="platform"/>
    <member type="node" ref="6136830367" role="stop"/>
    <member type="node" ref="4492424991" role="platform"/>
    <member type="node" ref="13783805" role="stop"/>
    <member type="node" ref="469766423" role="platform"/>
    <member type="node" ref="6136830370" role="stop"/>
    <member type="node" ref="469784909" role="platform"/>
    <member type="node" ref="3820890217" role="stop"/>
    <member type="node" ref="469759966" role="platform"/>
    <member type="node" ref="3796832882" role="stop"/>
    <member type="node" ref="469777215" role="platform"/>
    <member type="node" ref="3796832881" role="stop"/>
    <member type="node" ref="469761198" role="platform"/>
    <member type="node" ref="3501344498" role="stop"/>
    <member type="node" ref="469762704" role="platform"/>
    <member type="node" ref="1843340126" role="stop"/>
    <member type="node" ref="469780536" role="platform"/>
    <member type="node" ref="3867907305" role="stop"/>
    <member type="node" ref="469786008" role="platform"/>
    <member type="node" ref="11722280717" role="stop"/>
    <member type="node" ref="469780561" role="platform"/>
    <member type="node" ref="3872370025" role="stop"/>
    <member type="node" ref="469771287" role="platform"/>
    <member type="node" ref="5799716553" role="stop"/>
    <member type="node" ref="469761344" role="platform"/>
    <member type="node" ref="2055213553" role="stop"/>
    <member type="node" ref="469761347" role="platform"/>
    <member type="node" ref="3763589450" role="stop"/>
    <member type="node" ref="469776957" role="platform"/>
    <member type="node" ref="5801773596" role="stop"/>
    <member type="node" ref="469771276" role="platform"/>
    <member type="node" ref="4534725372" role="stop"/>
    <member type="node" ref="469769650" role="platform"/>
    <member type="node" ref="469773930" role="stop"/>
    <member type="node" ref="4534725373" role="platform"/>
    <member type="node" ref="4535105039" role="stop"/>
    <member type="node" ref="469767277" role="platform"/>
    <member type="node" ref="4535105042" role="stop"/>
    <member type="node" ref="469773826" role="platform"/>
    <member type="node" ref="4535105046" role="stop"/>
    <member type="node" ref="469765024" role="platform"/>
    <member type="node" ref="11514508533" role="stop"/>
    <member type="node" ref="469761913" role="platform"/>
    <member type="node" ref="11514508532" role="stop"/>
    <member type="node" ref="469780423" role="platform"/>
    <member type="node" ref="11514508531" role="stop"/>
    <member type="node" ref="469766363" role="platform"/>
    <member type="node" ref="11514508530" role="stop"/>
    <member type="node" ref="469769559" role="platform"/>
    <member type="node" ref="11514508529" role="stop"/>
    <member type="node" ref="469776671" role="platform"/>
    <member type="node" ref="11514508528" role="stop"/>
    <member type="node" ref="683281728" role="platform"/>
    <member type="node" ref="11514508527" role="stop"/>
    <member type="node" ref="469780839" role="platform"/>
    <member type="node" ref="11514508526" role="stop"/>
    <member type="node" ref="469780836" role="platform"/>
    <member type="node" ref="11514508525" role="stop"/>
    <member type="node" ref="469762414" role="platform"/>
    <member type="node" ref="11514508524" role="stop"/>
    <member type="node" ref="469767544" role="platform"/>
    <member type="node" ref="11514508523" role="stop"/>
    <member type="node" ref="6208372705" role="platform"/>
    <member type="node" ref="11514508522" role="stop"/>
    <member type="node" ref="469762695" role="platform"/>
    <member type="node" ref="11514508521" role="stop"/>
    <member type="node" ref="469786462" role="platform"/>
    <member type="node" ref="469761457" role="stop"/>
    <member type="node" ref="5607806990" role="platform"/>
    <member type="node" ref="199492" role="stop"/>
    <member type="node" ref="469786571" role="platform"/>
    <member type="node" ref="4037464682" role="stop"/>
    <member type="node" ref="469762150" role="platform"/>
    <member type="node" ref="4037464684" role="stop"/>
    <member type="node" ref="469786573" role="platform"/>
    <member type="node" ref="4796120082" role="stop"/>
    <member type="node" ref="469760144" role="platform"/>
    <member type="node" ref="4037464686" role="stop"/>
    <member type="node" ref="469769351" role="platform"/>
    <member type="node" ref="186243156" role="stop"/>
    <member type="node" ref="469764786" role="platform"/>
    <member type="node" ref="4665582611" role="stop"/>
    <member type="node" ref="469771597" role="platform"/>
    <member type="node" ref="10910562930" role="stop"/>
    <member type="node" ref="469771483" role="platform"/>
    <member type="node" ref="6208372704" role="stop"/>
    <member type="node" ref="469766223" role="platform"/>
    <member type="node" ref="10910562929" role="stop"/>
    <member type="node" ref="469772745" role="platform"/>
    <member type="node" ref="10910562928" role="stop"/>
    <member type="node" ref="469786543" role="platform"/>
    <member type="node" ref="10910562927" role="stop"/>
    <member type="node" ref="469764281" role="platform"/>
    <member type="node" ref="10910562926" role="stop"/>
    <member type="node" ref="469765192" role="platform"/>
    <member type="node" ref="10910562925" role="stop"/>
    <member type="node" ref="469779699" role="platform"/>
    <member type="node" ref="10910562924" role="stop"/>
    <member type="node" ref="469779367" role="platform"/>
    <member type="node" ref="10910562923" role="stop"/>
    <member type="node" ref="469761214" role="platform"/>
    <member type="node" ref="293390294" role="stop"/>
    <member type="node" ref="469760046" role="platform"/>
    <member type="node" ref="389475762" role="stop"/>
    <member type="node" ref="469778493" role="platform"/>
    <member type="node" ref="11514508520" role="stop"/>
    <member type="node" ref="469760437" role="platform"/>
    <member type="node" ref="11514508519" role="stop"/>
    <member type="node" ref="469762099" role="platform"/>
    <member type="node" ref="4544414346" role="stop"/>
    <member type="node" ref="469760111" role="platform"/>
    <member type="node" ref="2532429815" role="stop"/>
    <member type="node" ref="469760115" role="platform"/>
    <member type="node" ref="4505496771" role="stop"/>
    <member type="node" ref="469760120" role="platform"/>
    <member type="node" ref="10910562922" role="stop"/>
    <member type="node" ref="6391776690" role="platform"/>
    <member type="node" ref="10910562921" role="stop"/>
    <member type="node" ref="6391776691" role="platform"/>
    <member type="node" ref="3519133221" role="stop"/>
    <member type="node" ref="6391776689" role="platform"/>
    <member type="node" ref="469760236" role="stop_exit_only"/>
    <member type="node" ref="4409200423" role="platform_exit_only"/>
    <member type="way" ref="316961373" role=""/>
    <member type="way" ref="491092295" role=""/>
    <member type="way" ref="907839763" role=""/>
    <member type="way" ref="907839761" role=""/>
    <member type="way" ref="907839762" role=""/>
    <member type="way" ref="1159778599" role=""/>
    <member type="way" ref="1319649349" role=""/>
    <member type="way" ref="1263988785" role=""/>
    <member type="way" ref="651632124" role=""/>
    <member type="way" ref="157115250" role=""/>
    <member type="way" ref="670531283" role=""/>
    <member type="way" ref="651632128" role=""/>
    <member type="way" ref="1096511797" role=""/>
    <member type="way" ref="316976820" role=""/>
    <member type="way" ref="316976814" role=""/>
    <member type="way" ref="316976815" role=""/>
    <member type="way" ref="316976816" role=""/>
    <member type="way" ref="1264396606" role=""/>
    <member type="way" ref="316976819" role=""/>
    <member type="way" ref="1257378505" role=""/>
    <member type="way" ref="219028174" role=""/>
    <member type="way" ref="316976824" role=""/>
    <member type="way" ref="1051898015" role=""/>
    <member type="way" ref="1051898016" role=""/>
    <member type="way" ref="1051898013" role=""/>
    <member type="way" ref="1051898010" role=""/>
    <member type="way" ref="662524512" role=""/>
    <member type="way" ref="1051898005" role=""/>
    <member type="way" ref="1051898004" role=""/>
    <member type="way" ref="1051898003" role=""/>
    <member type="way" ref="1051898002" role=""/>
    <member type="way" ref="1274999715" role=""/>
    <member type="way" ref="1247747415" role=""/>
    <member type="way" ref="1051898001" role=""/>
    <member type="way" ref="662524520" role=""/>
    <member type="way" ref="204345004" role=""/>
    <member type="way" ref="1051898000" role=""/>
    <member type="way" ref="1058429422" role=""/>
    <member type="way" ref="1051897999" role=""/>
    <member type="way" ref="1051897993" role=""/>
    <member type="way" ref="1247747422" role=""/>
    <member type="way" ref="1051897997" role=""/>
    <member type="way" ref="1051897990" role=""/>
    <member type="way" ref="244541428" role=""/>
    <member type="way" ref="1051885643" role=""/>
    <member type="way" ref="244541421" role=""/>
    <member type="way" ref="1247747430" role=""/>
    <member type="way" ref="1247747427" role=""/>
    <member type="way" ref="1051885648" role=""/>
    <member type="way" ref="1247747426" role=""/>
    <member type="way" ref="1051885642" role=""/>
    <member type="way" ref="1098410418" role=""/>
    <member type="way" ref="1098410419" role=""/>
    <member type="way" ref="1051885641" role=""/>
    <member type="way" ref="1247747467" role=""/>
    <member type="way" ref="1247747466" role=""/>
    <member type="way" ref="205238543" role=""/>
    <member type="way" ref="97489593" role=""/>
    <member type="way" ref="449148061" role=""/>
    <member type="way" ref="992264472" role=""/>
    <member type="way" ref="205237168" role=""/>
    <member type="way" ref="1246858888" role=""/>
    <member type="way" ref="705809132" role=""/>
    <member type="way" ref="1067197198" role=""/>
    <member type="way" ref="1052344326" role=""/>
    <member type="way" ref="705809091" role=""/>
    <member type="way" ref="1067197199" role=""/>
    <member type="way" ref="950216816" role=""/>
    <member type="way" ref="1247032019" role=""/>
    <member type="way" ref="1052345085" role=""/>
    <member type="way" ref="1052345086" role=""/>
    <member type="way" ref="705809115" role=""/>
    <member type="way" ref="1052345089" role=""/>
    <member type="way" ref="1052345088" role=""/>
    <member type="way" ref="1100748559" role=""/>
    <member type="way" ref="790892221" role=""/>
    <member type="way" ref="1100748560" role=""/>
    <member type="way" ref="705809095" role=""/>
    <member type="way" ref="366541053" role=""/>
    <member type="way" ref="1187059554" role=""/>
    <member type="way" ref="997602437" role=""/>
    <member type="way" ref="925883400" role=""/>
    <member type="way" ref="1247298456" role=""/>
    <member type="way" ref="205240973" role=""/>
    <member type="way" ref="925883402" role=""/>
    <member type="way" ref="1148108878" role=""/>
    <member type="way" ref="1064731044" role=""/>
    <member type="way" ref="662512151" role=""/>
    <member type="way" ref="662512150" role=""/>
    <member type="way" ref="52119528" role=""/>
    <member type="way" ref="52119556" role=""/>
    <member type="way" ref="1055443321" role=""/>
    <member type="way" ref="38901013" role=""/>
    <member type="way" ref="38901012" role=""/>
    <member type="way" ref="373842484" role=""/>
    <member type="way" ref="800862030" role=""/>
    <member type="way" ref="800862029" role=""/>
    <member type="way" ref="628156322" role=""/>
    <member type="way" ref="250466878" role=""/>
    <member type="way" ref="545971394" role=""/>
    <member type="way" ref="250466876" role=""/>
    <member type="way" ref="250466881" role=""/>
    <member type="way" ref="545971392" role=""/>
    <member type="way" ref="545971395" role=""/>
    <member type="way" ref="250466880" role=""/>
    <member type="way" ref="172779634" role=""/>
    <member type="way" ref="2951968" role=""/>
    <member type="way" ref="1038076786" role=""/>
    <member type="way" ref="4984515" role=""/>
    <member type="way" ref="4984514" role=""/>
    <member type="way" ref="5929465" role=""/>
    <member type="way" ref="591930057" role=""/>
    <member type="way" ref="375230147" role=""/>
    <member type="way" ref="48714755" role=""/>
    <member type="way" ref="591930062" role=""/>
    <member type="way" ref="560883183" role=""/>
    <member type="way" ref="670492926" role=""/>
    <member type="way" ref="560884125" role=""/>
    <member type="way" ref="226539608" role=""/>
    <member type="way" ref="375230146" role=""/>
    <member type="way" ref="560883171" role=""/>
    <member type="way" ref="591930347" role=""/>
    <member type="way" ref="1068558773" role=""/>
    <member type="way" ref="48714754" role=""/>
    <member type="way" ref="405215341" role=""/>
    <member type="way" ref="1280910383" role=""/>
    <member type="way" ref="48714752" role=""/>
    <member type="way" ref="591931957" role=""/>
    <member type="way" ref="402794035" role=""/>
    <member type="way" ref="405215344" role=""/>
    <member type="way" ref="591931954" role=""/>
    <member type="way" ref="395995887" role=""/>
    <member type="way" ref="1188955401" role=""/>
    <member type="way" ref="1068558774" role=""/>
    <member type="way" ref="1262105214" role=""/>
    <member type="way" ref="560871212" role=""/>
    <member type="way" ref="560873461" role=""/>
    <member type="way" ref="226403369" role=""/>
    <member type="way" ref="591931948" role=""/>
    <member type="way" ref="1131601970" role=""/>
    <member type="way" ref="1131601972" role=""/>
    <member type="way" ref="560871163" role=""/>
    <member type="way" ref="1261420741" role=""/>
    <member type="way" ref="491476443" role=""/>
    <member type="way" ref="624303940" role=""/>
    <member type="way" ref="1118311779" role=""/>
    <member type="way" ref="1118311778" role=""/>
    <member type="way" ref="1118311777" role=""/>
    <member type="way" ref="381876209" role=""/>
    <member type="way" ref="624303054" role=""/>
    <member type="way" ref="624303056" role=""/>
    <member type="way" ref="1068570417" role=""/>
    <member type="way" ref="207808759" role=""/>
    <member type="way" ref="1180836929" role=""/>
    <member type="way" ref="1180836928" role=""/>
    <member type="way" ref="1180836927" role=""/>
    <member type="way" ref="196911958" role=""/>
    <member type="way" ref="1180836926" role=""/>
    <member type="way" ref="1136325987" role=""/>
    <member type="way" ref="1180836925" role=""/>
    <member type="way" ref="405215340" role=""/>
    <member type="way" ref="1180836923" role=""/>
    <member type="way" ref="1180836924" role=""/>
    <member type="way" ref="100520120" role=""/>
    <member type="way" ref="1180836922" role=""/>
    <member type="way" ref="1136325988" role=""/>
    <member type="way" ref="1257436551" role=""/>
    <member type="way" ref="235240099" role=""/>
    <member type="way" ref="591932165" role=""/>
    <member type="way" ref="23345096" role=""/>
    <member type="way" ref="624300396" role=""/>
    <member type="way" ref="1306465225" role=""/>
    <member type="way" ref="1177997577" role=""/>
    <member type="way" ref="1177997576" role=""/>
    <member type="way" ref="663246993" role=""/>
    <member type="way" ref="663246994" role=""/>
    <member type="way" ref="195017444" role=""/>
    <member type="way" ref="624300394" role=""/>
    <member type="way" ref="624300393" role=""/>
    <member type="way" ref="624300397" role=""/>
    <member type="way" ref="210087067" role=""/>
    <member type="way" ref="210087063" role=""/>
    <member type="way" ref="575754222" role=""/>
    <member type="way" ref="210087066" role=""/>
    <member type="way" ref="1231397850" role=""/>
    <member type="way" ref="195024128" role=""/>
    <member type="way" ref="670481669" role=""/>
    <member type="way" ref="606872061" role=""/>
    <member type="way" ref="372810488" role=""/>
    <member type="way" ref="1276166927" role=""/>
    <member type="way" ref="4413711" role=""/>
    <member type="way" ref="1068570416" role=""/>
    <member type="way" ref="1068570415" role=""/>
    <member type="way" ref="206540620" role=""/>
    <member type="way" ref="1253189892" role=""/>
    <member type="way" ref="682169136" role=""/>
    <member type="way" ref="395905810" role=""/>
    <member type="way" ref="395905308" role=""/>
    <member type="way" ref="79308733" role=""/>
    <member type="way" ref="492690726" role=""/>
    <member type="way" ref="399439536" role=""/>
    <member type="way" ref="954400622" role=""/>
    <member type="way" ref="871461606" role=""/>
    <member type="way" ref="1339751347" role=""/>
    <member type="way" ref="1083638082" role=""/>
    <member type="way" ref="1083638081" role=""/>
    <member type="way" ref="1068570413" role=""/>
    <member type="way" ref="954400619" role=""/>
    <member type="way" ref="954400620" role=""/>
    <member type="way" ref="954400618" role=""/>
    <member type="way" ref="871461607" role=""/>
    <member type="way" ref="299392147" role=""/>
    <member type="way" ref="253739329" role=""/>
    <member type="way" ref="457351259" role=""/>
    <member type="way" ref="79308736" role=""/>
    <member type="way" ref="250436043" role=""/>
    <member type="way" ref="4305665" role=""/>
    <member type="way" ref="1194712892" role=""/>
    <member type="way" ref="1244178585" role=""/>
    <member type="way" ref="457351258" role=""/>
    <member type="way" ref="4323022" role=""/>
    <member type="way" ref="250436918" role=""/>
    <member type="way" ref="158959510" role=""/>
    <member type="way" ref="33633425" role=""/>
    <member type="way" ref="1244784102" role=""/>
    <member type="way" ref="1244784103" role=""/>
    <member type="way" ref="253739400" role=""/>
    <member type="way" ref="253739401" role=""/>
    <member type="way" ref="1171439759" role=""/>
    <member type="way" ref="1171439760" role=""/>
    <member type="way" ref="283420095" role=""/>
    <member type="way" ref="1171439758" role=""/>
    <member type="way" ref="1171439757" role=""/>
    <member type="way" ref="1068570409" role=""/>
    <member type="way" ref="1058240207" role=""/>
    <member type="way" ref="1078492876" role=""/>
    <member type="way" ref="22616424" role=""/>
    <member type="way" ref="22616423" role=""/>
    <member type="way" ref="1068570408" role=""/>
    <member type="way" ref="299392151" role=""/>
    <member type="way" ref="1068570407" role=""/>
    <member type="way" ref="8147171" role=""/>
    <member type="way" ref="8147167" role=""/>
    <member type="way" ref="954403496" role=""/>
    <member type="way" ref="954403495" role=""/>
    <member type="way" ref="8147172" role=""/>
    <member type="way" ref="1068584972" role=""/>
    <member type="way" ref="1068584973" role=""/>
    <member type="way" ref="1171440075" role=""/>
    <member type="way" ref="1068584974" role=""/>
    <member type="way" ref="4480751" role=""/>
    <member type="way" ref="110459078" role=""/>
    <member type="way" ref="954403492" role=""/>
    <member type="way" ref="1072363407" role=""/>
    <member type="way" ref="954403493" role=""/>
    <member type="way" ref="954403491" role=""/>
    <member type="way" ref="954403494" role=""/>
    <member type="way" ref="1068584971" role=""/>
    <member type="way" ref="8147169" role=""/>
    <member type="way" ref="8387498" role=""/>
    <member type="way" ref="46023095" role=""/>
    <member type="way" ref="1156353303" role=""/>
    <member type="way" ref="40405608" role=""/>
    <member type="way" ref="1072363406" role=""/>
    <member type="way" ref="1068584970" role=""/>
    <member type="way" ref="769936977" role=""/>
    <member type="way" ref="1072693173" role=""/>
    <member type="way" ref="769936979" role=""/>
    <member type="way" ref="1085440282" role=""/>
    <member type="way" ref="769934698" role=""/>
    <member type="way" ref="453049076" role=""/>
    <member type="way" ref="1068584964" role=""/>
    <member type="way" ref="1068584963" role=""/>
    <member type="way" ref="769102173" role=""/>
    <member type="way" ref="1312594795" role=""/>
    <member type="way" ref="1085438280" role=""/>
    <member type="way" ref="4480750" role=""/>
    <member type="way" ref="684932579" role=""/>
    <member type="way" ref="684932578" role=""/>
    <member type="way" ref="1257741443" role=""/>
    <member type="way" ref="684932581" role=""/>
    <member type="way" ref="1312594793" role=""/>
    <member type="way" ref="954622811" role=""/>
    <member type="way" ref="22605461" role=""/>
    <member type="way" ref="22605462" role=""/>
    <member type="way" ref="40706369" role=""/>
    <member type="way" ref="419121190" role=""/>
    <member type="way" ref="40706367" role=""/>
    <member type="way" ref="4453852" role=""/>
    <member type="way" ref="54912215" role=""/>
    <member type="way" ref="1095473749" role=""/>
    <member type="way" ref="1064367036" role=""/>
    <member type="way" ref="1156304901" role=""/>
    <member type="way" ref="1095473750" role=""/>
    <member type="way" ref="2622674" role=""/>
    <member type="way" ref="663373637" role=""/>
    <member type="way" ref="210328044" role=""/>
    <member type="way" ref="210328033" role=""/>
    <member type="way" ref="94193354" role=""/>
    <member type="way" ref="185502274" role=""/>
    <member type="way" ref="401308659" role=""/>
    <member type="way" ref="1064367031" role=""/>
    <member type="way" ref="94193337" role=""/>
    <member type="way" ref="43585224" role=""/>
    <member type="way" ref="43585225" role=""/>
    <member type="way" ref="1182143434" role=""/>
    <member type="way" ref="47009069" role=""/>
    <member type="way" ref="667932992" role=""/>
    <member type="way" ref="1182143433" role=""/>
    <member type="way" ref="1182143432" role=""/>
    <member type="way" ref="1182143431" role=""/>
    <member type="way" ref="667932995" role=""/>
    <member type="way" ref="1169696422" role=""/>
    <member type="way" ref="47009149" role=""/>
    <member type="way" ref="1128368793" role=""/>
    <member type="way" ref="2624008" role=""/>
    <member type="way" ref="1219872314" role=""/>
    <member type="way" ref="1128368792" role=""/>
    <member type="way" ref="1064367030" role=""/>
    <member type="way" ref="1128352691" role=""/>
    <member type="way" ref="210321007" role=""/>
    <member type="way" ref="1211276411" role=""/>
    <member type="way" ref="210322343" role=""/>
    <member type="way" ref="239268119" role=""/>
    <member type="way" ref="1128352683" role=""/>
    <member type="way" ref="1211276412" role=""/>
    <member type="way" ref="239268116" role=""/>
    <member type="way" ref="1128352684" role=""/>
    <member type="way" ref="1128352685" role=""/>
    <member type="way" ref="1128352686" role=""/>
    <member type="way" ref="1128352687" role=""/>
    <member type="way" ref="1128352688" role=""/>
    <member type="way" ref="1128352694" role=""/>
    <member type="way" ref="1182853554" role=""/>
    <member type="way" ref="1128352695" role=""/>
    <member type="way" ref="1128352696" role=""/>
    <member type="way" ref="1128352697" role=""/>
    <member type="way" ref="239268118" role=""/>
    <member type="way" ref="259918585" role=""/>
    <member type="way" ref="1128352698" role=""/>
    <member type="way" ref="1128352699" role=""/>
    <member type="way" ref="1130517552" role=""/>
    <member type="way" ref="1128352701" role=""/>
    <member type="way" ref="2624007" role=""/>
    <member type="way" ref="1128116458" role=""/>
    <member type="way" ref="1128352702" role=""/>
    <member type="way" ref="239268117" role=""/>
    <member type="way" ref="1205357956" role=""/>
    <member type="way" ref="1128352706" role=""/>
    <member type="way" ref="828620490" role=""/>
    <member type="way" ref="61904424" role=""/>
    <member type="way" ref="1215192400" role=""/>
    <member type="way" ref="1064384199" role=""/>
    <member type="way" ref="828620488" role=""/>
    <member type="way" ref="1128116457" role=""/>
    <member type="way" ref="1128116456" role=""/>
    <member type="way" ref="1130517553" role=""/>
    <member type="way" ref="723904028" role=""/>
    <member type="way" ref="1064384198" role=""/>
    <member type="way" ref="1130517556" role=""/>
    <member type="way" ref="1130517555" role=""/>
    <member type="way" ref="1229195336" role=""/>
    <member type="way" ref="1128361267" role=""/>
    <member type="way" ref="1128361268" role=""/>
    <member type="way" ref="1130517558" role=""/>
    <member type="way" ref="246017141" role=""/>
    <member type="way" ref="1130517562" role=""/>
    <member type="way" ref="1130517560" role=""/>
    <member type="way" ref="1130517561" role=""/>
    <member type="way" ref="1128360287" role=""/>
    <member type="way" ref="1262141759" role=""/>
    <member type="way" ref="39188797" role=""/>
    <member type="way" ref="1128360288" role=""/>
    <member type="way" ref="1064384196" role=""/>
    <member type="way" ref="1226726182" role=""/>
    <member type="way" ref="39188793" role=""/>
    <member type="way" ref="1130517566" role=""/>
    <member type="way" ref="1130517567" role=""/>
    <member type="way" ref="1127405489" role=""/>
    <member type="way" ref="1130517568" role=""/>
    <member type="way" ref="224181528" role=""/>
    <member type="way" ref="663246995" role=""/>
    <member type="way" ref="253359887" role=""/>
    <member type="way" ref="224181525" role=""/>
    <member type="way" ref="224180983" role=""/>
    <member type="way" ref="224180988" role=""/>
    <member type="way" ref="224181625" role=""/>
    <member type="way" ref="1064384186" role=""/>
    <member type="way" ref="1064384187" role=""/>
    <member type="way" ref="224180985" role=""/>
    <member type="way" ref="224181623" role=""/>
    <member type="way" ref="224181624" role=""/>
    <member type="way" ref="224182172" role=""/>
    <member type="way" ref="49707461" role=""/>
    <member type="way" ref="82566810" role=""/>
    <member type="way" ref="224182170" role=""/>
    <member type="way" ref="1069301612" role=""/>
    <member type="way" ref="2624003" role=""/>
    <member type="way" ref="1064895264" role=""/>
    <member type="way" ref="1064895263" role=""/>
    <member type="way" ref="224184412" role=""/>
    <member type="way" ref="49706311" role=""/>
    <member type="way" ref="224184406" role=""/>
    <member type="way" ref="224184403" role=""/>
    <member type="way" ref="224184409" role=""/>
    <member type="way" ref="253356188" role=""/>
    <member type="way" ref="253356189" role=""/>
    <member type="way" ref="331073466" role=""/>
    <member type="way" ref="758888959" role=""/>
    <member type="way" ref="47048977" role=""/>
    <member type="way" ref="758888958" role=""/>
    <member type="way" ref="48379511" role=""/>
    <member type="way" ref="140635085" role=""/>
    <member type="way" ref="48379510" role=""/>
    <member type="way" ref="253360359" role=""/>
    <member type="way" ref="51954143" role=""/>
    <member type="way" ref="47048979" role=""/>
    <member type="way" ref="1069301602" role=""/>
    <member type="way" ref="1069301601" role=""/>
    <member type="way" ref="253360360" role=""/>
    <member type="way" ref="4367360" role=""/>
    <member type="way" ref="586649845" role=""/>
    <member type="way" ref="211950233" role=""/>
    <member type="way" ref="1074324493" role=""/>
    <member type="way" ref="586151544" role=""/>
    <member type="way" ref="1074324494" role=""/>
    <member type="way" ref="41383226" role=""/>
    <member type="way" ref="237414591" role=""/>
    <member type="way" ref="4680883" role=""/>
    <member type="way" ref="1065258316" role=""/>
    <member type="way" ref="1197502283" role=""/>
    <member type="way" ref="396327478" role=""/>
    <member type="way" ref="1065258315" role=""/>
    <member type="way" ref="396327477" role=""/>
    <member type="way" ref="1221771036" role=""/>
    <member type="way" ref="1221661963" role=""/>
    <member type="way" ref="1221771035" role=""/>
    <member type="way" ref="583871396" role=""/>
    <member type="way" ref="1274185527" role=""/>
    <member type="way" ref="1308796308" role=""/>
    <member type="way" ref="161652141" role=""/>
    <member type="way" ref="1308852847" role=""/>
    <member type="way" ref="1308796311" role=""/>
    <member type="way" ref="1288150330" role=""/>
    <member type="way" ref="1272434499" role=""/>
    <member type="way" ref="1288150332" role=""/>
    <member type="way" ref="1065258327" role=""/>
    <member type="way" ref="1272434502" role=""/>
    <member type="way" ref="1065258328" role=""/>
    <member type="way" ref="1200989935" role=""/>
    <member type="way" ref="26834676" role=""/>
    <member type="way" ref="504568298" role=""/>
    <member type="way" ref="246170016" role=""/>
    <member type="way" ref="1200989934" role=""/>
    <member type="way" ref="246170015" role=""/>
    <member type="way" ref="62036634" role=""/>
    <member type="way" ref="24936216" role=""/>
    <member type="way" ref="825178802" role=""/>
    <member type="way" ref="825178804" role=""/>
    <member type="way" ref="837448595" role=""/>
    <member type="way" ref="49934847" role=""/>
    <member type="way" ref="881317812" role=""/>
    <member type="way" ref="825175712" role=""/>
    <member type="way" ref="235992910" role=""/>
    <member type="way" ref="379356922" role=""/>
    <member type="way" ref="527096914" role=""/>
    <member type="way" ref="1112597547" role=""/>
    <member type="way" ref="1065177556" role=""/>
    <member type="way" ref="1062480575" role=""/>
    <member type="way" ref="1059707542" role=""/>
    <member type="way" ref="1059707545" role=""/>
    <member type="way" ref="316158482" role=""/>
    <member type="way" ref="279154263" role=""/>
    <member type="way" ref="279154306" role=""/>
    <member type="way" ref="279154261" role=""/>
    <member type="way" ref="279154281" role=""/>
    <member type="way" ref="279154278" role=""/>
    <member type="way" ref="685100528" role=""/>
    <member type="way" ref="279154280" role=""/>
    <member type="way" ref="674756318" role=""/>
    <member type="way" ref="685020271" role=""/>
    <member type="way" ref="589640599" role=""/>
    <member type="way" ref="41588174" role=""/>
    <member type="way" ref="303559648" role=""/>
    <member type="way" ref="685020269" role=""/>
    <member type="way" ref="674756319" role=""/>
    <member type="way" ref="996665162" role=""/>
    <member type="way" ref="17929789" role=""/>
    <member type="way" ref="996665163" role=""/>
    <member type="way" ref="913020667" role=""/>
    <member type="way" ref="587317657" role=""/>
    <member type="way" ref="996664292" role=""/>
    <member type="way" ref="996664293" role=""/>
    <member type="way" ref="678745736" role=""/>
    <member type="way" ref="381411919" role=""/>
    <member type="way" ref="303559647" role=""/>
    <member type="way" ref="674795487" role=""/>
    <member type="way" ref="1067635355" role=""/>
    <member type="way" ref="48465026" role=""/>
    <member type="way" ref="48465025" role=""/>
    <member type="way" ref="1271099762" role=""/>
    <member type="way" ref="299682133" role=""/>
    <member type="way" ref="912201551" role=""/>
    <member type="way" ref="264965257" role=""/>
    <member type="way" ref="264965256" role=""/>
    <member type="way" ref="667745342" role=""/>
    <member type="way" ref="1067635356" role=""/>
    <member type="way" ref="299682132" role=""/>
    <member type="way" ref="685020270" role=""/>
    <member type="way" ref="564099715" role=""/>
    <member type="way" ref="101982008" role=""/>
    <member type="way" ref="1065177553" role=""/>
    <member type="way" ref="31039" role=""/>
    <member type="way" ref="4376581" role=""/>
    <member type="way" ref="199658589" role=""/>
    <member type="way" ref="1119269402" role=""/>
    <member type="way" ref="2876428" role=""/>
    <tag k="from" v="Aldgate Bus Station"/>
    <tag k="name" v="London Buses route N253 → Tottenham Court Road"/>
    <tag k="network" v="London Buses"/>
    <tag k="network:wikidata" v="Q1192411"/>
    <tag k="network:wikipedia" v="en:London Buses"/>
    <tag k="operator" v="Arriva London"/>
    <tag k="public_transport:version" v="2"/>
    <tag k="ref" v="N253"/>
    <tag k="route" v="bus"/>
    <tag k="to" v="New Oxford Street"/>
    <tag k="type" v="route"/>
  </relation>
  <relation id="8211774" version="208" timestamp="2024-12-03T04:15:59Z" changeset="159865634" uid="322039" user="MacLondon">
    <member type="node" ref="5434424322" role="stop_entry_only"/>
    <member type="node" ref="469760233" role="platform_entry_only"/>
    <member type="node" ref="5440856682" role="stop"/>
    <member type="node" ref="469760182" role="platform"/>
    <member type="node" ref="4543005956" role="stop"/>
    <member type="node" ref="469760370" role="platform"/>
    <member type="node" ref="1317141120" role="stop"/>
    <member type="node" ref="469760121" role="platform"/>
    <member type="node" ref="773273560" role="stop"/>
    <member type="node" ref="469760116" role="platform"/>
    <member type="node" ref="4544414347" role="stop"/>
    <member type="node" ref="469760108" role="platform"/>
    <member type="node" ref="11514387797" role="stop"/>
    <member type="node" ref="469762098" role="platform"/>
    <member type="node" ref="11514387796" role="stop"/>
    <member type="node" ref="469760436" role="platform"/>
    <member type="node" ref="10906418671" role="stop"/>
    <member type="node" ref="469765190" role="platform"/>
    <member type="node" ref="5678978839" role="stop"/>
    <member type="node" ref="469786514" role="platform"/>
    <member type="node" ref="10910530399" role="stop"/>
    <member type="node" ref="469760044" role="platform"/>
    <member type="node" ref="10910530398" role="stop"/>
    <member type="node" ref="469761215" role="platform"/>
    <member type="node" ref="10910530397" role="stop"/>
    <member type="node" ref="469780554" role="platform"/>
    <member type="node" ref="10910530396" role="stop"/>
    <member type="node" ref="469779364" role="platform"/>
    <member type="node" ref="10910530395" role="stop"/>
    <member type="node" ref="469779698" role="platform"/>
    <member type="node" ref="10910530394" role="stop"/>
    <member type="node" ref="469765191" role="platform"/>
    <member type="node" ref="10910530393" role="stop"/>
    <member type="node" ref="469764280" role="platform"/>
    <member type="node" ref="10910530392" role="stop"/>
    <member type="node" ref="469786542" role="platform"/>
    <member type="node" ref="10910530391" role="stop"/>
    <member type="node" ref="469771259" role="platform"/>
    <member type="node" ref="6208372703" role="stop"/>
    <member type="node" ref="469765633" role="platform"/>
    <member type="node" ref="10910530390" role="stop"/>
    <member type="node" ref="469771476" role="platform"/>
    <member type="node" ref="4665582609" role="stop"/>
    <member type="node" ref="469771478" role="platform"/>
    <member type="node" ref="4665582608" role="stop"/>
    <member type="node" ref="469771594" role="platform"/>
    <member type="node" ref="2204070118" role="stop"/>
    <member type="node" ref="469768056" role="platform"/>
    <member type="node" ref="4665582604" role="stop"/>
    <member type="node" ref="469760146" role="platform"/>
    <member type="node" ref="4796120083" role="stop"/>
    <member type="node" ref="469760143" role="platform"/>
    <member type="node" ref="4037464685" role="stop"/>
    <member type="node" ref="469786572" role="platform"/>
    <member type="node" ref="4037464683" role="stop"/>
    <member type="node" ref="469762149" role="platform"/>
    <member type="node" ref="11514387795" role="stop"/>
    <member type="node" ref="469761452" role="platform"/>
    <member type="node" ref="11514387794" role="stop"/>
    <member type="node" ref="469786461" role="platform"/>
    <member type="node" ref="11514387793" role="stop"/>
    <member type="node" ref="469762693" role="platform"/>
    <member type="node" ref="11514387792" role="stop"/>
    <member type="node" ref="469767542" role="platform"/>
    <member type="node" ref="11514387791" role="stop"/>
    <member type="node" ref="469762413" role="platform"/>
    <member type="node" ref="11514387790" role="stop"/>
    <member type="node" ref="469780837" role="platform"/>
    <member type="node" ref="11514387789" role="stop"/>
    <member type="node" ref="469780838" role="platform"/>
    <member type="node" ref="9809248287" role="stop"/>
    <member type="node" ref="469767273" role="platform"/>
    <member type="node" ref="11514387788" role="stop"/>
    <member type="node" ref="6208372706" role="platform"/>
    <member type="node" ref="11514387787" role="stop"/>
    <member type="node" ref="469768922" role="platform"/>
    <member type="node" ref="11514387786" role="stop"/>
    <member type="node" ref="469780425" role="platform"/>
    <member type="node" ref="11514387785" role="stop"/>
    <member type="node" ref="469761916" role="platform"/>
    <member type="node" ref="4535105044" role="stop"/>
    <member type="node" ref="469765037" role="platform"/>
    <member type="node" ref="4535105037" role="stop"/>
    <member type="node" ref="4535105040" role="platform"/>
    <member type="node" ref="4535105035" role="stop"/>
    <member type="node" ref="309376864" role="platform"/>
    <member type="node" ref="4534725376" role="stop"/>
    <member type="node" ref="4534725374" role="platform"/>
    <member type="node" ref="5801773597" role="stop"/>
    <member type="node" ref="469771277" role="platform"/>
    <member type="node" ref="5801773594" role="stop"/>
    <member type="node" ref="469767282" role="platform"/>
    <member type="node" ref="5801773593" role="stop"/>
    <member type="node" ref="2481768965" role="platform"/>
    <member type="node" ref="5799716554" role="stop"/>
    <member type="node" ref="469761345" role="platform"/>
    <member type="node" ref="3872370026" role="stop"/>
    <member type="node" ref="469771290" role="platform"/>
    <member type="node" ref="3872370024" role="stop"/>
    <member type="node" ref="469780562" role="platform"/>
    <member type="node" ref="4052090044" role="stop"/>
    <member type="node" ref="469786007" role="platform"/>
    <member type="node" ref="3506716562" role="stop"/>
    <member type="node" ref="469772997" role="platform"/>
    <member type="node" ref="3506723234" role="stop"/>
    <member type="node" ref="469771281" role="platform"/>
    <member type="node" ref="3796832880" role="stop"/>
    <member type="node" ref="469761205" role="platform"/>
    <member type="node" ref="3796832883" role="stop"/>
    <member type="node" ref="469777216" role="platform"/>
    <member type="node" ref="3820890215" role="stop"/>
    <member type="node" ref="469759964" role="platform"/>
    <member type="node" ref="6136830371" role="stop"/>
    <member type="node" ref="469784917" role="platform"/>
    <member type="node" ref="6136830369" role="stop"/>
    <member type="node" ref="469766424" role="platform"/>
    <member type="node" ref="6136830368" role="stop"/>
    <member type="node" ref="4492431189" role="platform"/>
    <member type="node" ref="4517317254" role="stop"/>
    <member type="node" ref="469782553" role="platform"/>
    <member type="node" ref="4517317256" role="stop"/>
    <member type="node" ref="469774658" role="platform"/>
    <member type="node" ref="4517317257" role="stop"/>
    <member type="node" ref="469768914" role="platform"/>
    <member type="node" ref="3850327659" role="stop"/>
    <member type="node" ref="469759903" role="platform"/>
    <member type="node" ref="3855607516" role="stop_exit_only"/>
    <member type="node" ref="469759897" role="platform_exit_only"/>
    <member type="way" ref="564099715" role=""/>
    <member type="way" ref="685020270" role=""/>
    <member type="way" ref="299682132" role=""/>
    <member type="way" ref="1067635356" role=""/>
    <member type="way" ref="667745342" role=""/>
    <member type="way" ref="264965256" role=""/>
    <member type="way" ref="264965257" role=""/>
    <member type="way" ref="912201551" role=""/>
    <member type="way" ref="299682133" role=""/>
    <member type="way" ref="1271099762" role=""/>
    <member type="way" ref="48465025" role=""/>
    <member type="way" ref="48465026" role=""/>
    <member type="way" ref="1067635355" role=""/>
    <member type="way" ref="674795487" role=""/>
    <member type="way" ref="303559647" role=""/>
    <member type="way" ref="381411919" role=""/>
    <member type="way" ref="678745736" role=""/>
    <member type="way" ref="996664293" role=""/>
    <member type="way" ref="996664292" role=""/>
    <member type="way" ref="587317657" role=""/>
    <member type="way" ref="913020667" role=""/>
    <member type="way" ref="996665163" role=""/>
    <member type="way" ref="17929789" role=""/>
    <member type="way" ref="996665162" role=""/>
    <member type="way" ref="674756319" role=""/>
    <member type="way" ref="685020269" role=""/>
    <member type="way" ref="303559648" role=""/>
    <member type="way" ref="41588174" role=""/>
    <member type="way" ref="589640599" role=""/>
    <member type="way" ref="685020271" role=""/>
    <member type="way" ref="674756318" role=""/>
    <member type="way" ref="279154280" role=""/>
    <member type="way" ref="1264391400" role=""/>
    <member type="way" ref="1264391401" role=""/>
    <member type="way" ref="1264391402" role=""/>
    <member type="way" ref="1264391403" role=""/>
    <member type="way" ref="1264391404" role=""/>
    <member type="way" ref="1264391397" role=""/>
    <member type="way" ref="201303145" role=""/>
    <member type="way" ref="279154266" role=""/>
    <member type="way" ref="1065177555" role=""/>
    <member type="way" ref="279154267" role=""/>
    <member type="way" ref="279154270" role=""/>
    <member type="way" ref="823008429" role=""/>
    <member type="way" ref="825288061" role=""/>
    <member type="way" ref="1112581129" role=""/>
    <member type="way" ref="35085540" role=""/>
    <member type="way" ref="235993022" role=""/>
    <member type="way" ref="825288047" role=""/>
    <member type="way" ref="1112581130" role=""/>
    <member type="way" ref="235992911" role=""/>
    <member type="way" ref="1112581131" role=""/>
    <member type="way" ref="825288051" role=""/>
    <member type="way" ref="501243983" role=""/>
    <member type="way" ref="26834677" role=""/>
    <member type="way" ref="62036633" role=""/>
    <member type="way" ref="314895562" role=""/>
    <member type="way" ref="62036635" role=""/>
    <member type="way" ref="314895559" role=""/>
    <member type="way" ref="62036628" role=""/>
    <member type="way" ref="653692202" role=""/>
    <member type="way" ref="62036630" role=""/>
    <member type="way" ref="504568375" role=""/>
    <member type="way" ref="1065258328" role=""/>
    <member type="way" ref="1272434502" role=""/>
    <member type="way" ref="1065258327" role=""/>
    <member type="way" ref="1288150332" role=""/>
    <member type="way" ref="1272434499" role=""/>
    <member type="way" ref="1288150330" role=""/>
    <member type="way" ref="1308796311" role=""/>
    <member type="way" ref="1308852847" role=""/>
    <member type="way" ref="161652141" role=""/>
    <member type="way" ref="1308796308" role=""/>
    <member type="way" ref="1274185527" role=""/>
    <member type="way" ref="583871396" role=""/>
    <member type="way" ref="1221771035" role=""/>
    <member type="way" ref="1221661963" role=""/>
    <member type="way" ref="1221771036" role=""/>
    <member type="way" ref="396327477" role=""/>
    <member type="way" ref="1065258315" role=""/>
    <member type="way" ref="396327478" role=""/>
    <member type="way" ref="1197502283" role=""/>
    <member type="way" ref="1065258316" role=""/>
    <member type="way" ref="396325643" role=""/>
    <member type="way" ref="211956507" role=""/>
    <member type="way" ref="2372075" role=""/>
    <member type="way" ref="51960889" role=""/>
    <member type="way" ref="1067121888" role=""/>
    <member type="way" ref="168107143" role=""/>
    <member type="way" ref="226098089" role=""/>
    <member type="way" ref="930446026" role=""/>
    <member type="way" ref="38748146" role=""/>
    <member type="way" ref="253360360" role=""/>
    <member type="way" ref="1069301601" role=""/>
    <member type="way" ref="1069301602" role=""/>
    <member type="way" ref="47048979" role=""/>
    <member type="way" ref="51954143" role=""/>
    <member type="way" ref="253360359" role=""/>
    <member type="way" ref="48379510" role=""/>
    <member type="way" ref="140635085" role=""/>
    <member type="way" ref="48379511" role=""/>
    <member type="way" ref="758888958" role=""/>
    <member type="way" ref="47048977" role=""/>
    <member type="way" ref="758888959" role=""/>
    <member type="way" ref="331073466" role=""/>
    <member type="way" ref="253356189" role=""/>
    <member type="way" ref="253356188" role=""/>
    <member type="way" ref="224184409" role=""/>
    <member type="way" ref="224184403" role=""/>
    <member type="way" ref="224184406" role=""/>
    <member type="way" ref="49706311" role=""/>
    <member type="way" ref="224184412" role=""/>
    <member type="way" ref="1064895263" role=""/>
    <member type="way" ref="1064895264" role=""/>
    <member type="way" ref="2624003" role=""/>
    <member type="way" ref="1069301612" role=""/>
    <member type="way" ref="224182170" role=""/>
    <member type="way" ref="82566810" role=""/>
    <member type="way" ref="49707461" role=""/>
    <member type="way" ref="224182172" role=""/>
    <member type="way" ref="224181624" role=""/>
    <member type="way" ref="224181623" role=""/>
    <member type="way" ref="224180985" role=""/>
    <member type="way" ref="1064384187" role=""/>
    <member type="way" ref="1064384186" role=""/>
    <member type="way" ref="224181625" role=""/>
    <member type="way" ref="224180984" role=""/>
    <member type="way" ref="1097201004" role=""/>
    <member type="way" ref="224180986" role=""/>
    <member type="way" ref="1064384188" role=""/>
    <member type="way" ref="1128114464" role=""/>
    <member type="way" ref="1128114465" role=""/>
    <member type="way" ref="663246992" role=""/>
    <member type="way" ref="1064384189" role=""/>
    <member type="way" ref="1064384191" role=""/>
    <member type="way" ref="1064384190" role=""/>
    <member type="way" ref="1128114468" role=""/>
    <member type="way" ref="1128114466" role=""/>
    <member type="way" ref="38809713" role=""/>
    <member type="way" ref="1064384192" role=""/>
    <member type="way" ref="1064384193" role=""/>
    <member type="way" ref="1128354473" role=""/>
    <member type="way" ref="1127405490" role=""/>
    <member type="way" ref="1128114470" role=""/>
    <member type="way" ref="1130423852" role=""/>
    <member type="way" ref="253359701" role=""/>
    <member type="way" ref="1130423851" role=""/>
    <member type="way" ref="1128354476" role=""/>
    <member type="way" ref="1128354475" role=""/>
    <member type="way" ref="172676615" role=""/>
    <member type="way" ref="38809716" role=""/>
    <member type="way" ref="1128354479" role=""/>
    <member type="way" ref="1128354477" role=""/>
    <member type="way" ref="1128354478" role=""/>
    <member type="way" ref="1130423853" role=""/>
    <member type="way" ref="1130423854" role=""/>
    <member type="way" ref="1130423855" role=""/>
    <member type="way" ref="1130423856" role=""/>
    <member type="way" ref="1130423858" role=""/>
    <member type="way" ref="1130423859" role=""/>
    <member type="way" ref="1171800313" role=""/>
    <member type="way" ref="1130423860" role=""/>
    <member type="way" ref="1130423862" role=""/>
    <member type="way" ref="1130423861" role=""/>
    <member type="way" ref="1130423864" role=""/>
    <member type="way" ref="210324553" role=""/>
    <member type="way" ref="1130423865" role=""/>
    <member type="way" ref="1182143425" role=""/>
    <member type="way" ref="1182143426" role=""/>
    <member type="way" ref="164587410" role=""/>
    <member type="way" ref="828621640" role=""/>
    <member type="way" ref="61904423" role=""/>
    <member type="way" ref="1128359702" role=""/>
    <member type="way" ref="1182143427" role=""/>
    <member type="way" ref="1130423871" role=""/>
    <member type="way" ref="210324432" role=""/>
    <member type="way" ref="1128359701" role=""/>
    <member type="way" ref="1128359700" role=""/>
    <member type="way" ref="1200992339" role=""/>
    <member type="way" ref="1128359699" role=""/>
    <member type="way" ref="1130423873" role=""/>
    <member type="way" ref="1128359698" role=""/>
    <member type="way" ref="1130423877" role=""/>
    <member type="way" ref="1128359697" role=""/>
    <member type="way" ref="1130423879" role=""/>
    <member type="way" ref="1128359696" role=""/>
    <member type="way" ref="1130423880" role=""/>
    <member type="way" ref="246018047" role=""/>
    <member type="way" ref="1182143430" role=""/>
    <member type="way" ref="1130423882" role=""/>
    <member type="way" ref="1128359694" role=""/>
    <member type="way" ref="1128359695" role=""/>
    <member type="way" ref="1128359688" role=""/>
    <member type="way" ref="1128359693" role=""/>
    <member type="way" ref="689252818" role=""/>
    <member type="way" ref="1128359692" role=""/>
    <member type="way" ref="1128359691" role=""/>
    <member type="way" ref="1205659429" role=""/>
    <member type="way" ref="1128365321" role=""/>
    <member type="way" ref="1190856658" role=""/>
    <member type="way" ref="1128365325" role=""/>
    <member type="way" ref="1128365326" role=""/>
    <member type="way" ref="210321014" role=""/>
    <member type="way" ref="1206688198" role=""/>
    <member type="way" ref="210321013" role=""/>
    <member type="way" ref="2431024" role=""/>
    <member type="way" ref="47009149" role=""/>
    <member type="way" ref="1169696422" role=""/>
    <member type="way" ref="667932995" role=""/>
    <member type="way" ref="1182143431" role=""/>
    <member type="way" ref="1182143432" role=""/>
    <member type="way" ref="1182143433" role=""/>
    <member type="way" ref="667932992" role=""/>
    <member type="way" ref="47009069" role=""/>
    <member type="way" ref="1182143434" role=""/>
    <member type="way" ref="43585225" role=""/>
    <member type="way" ref="43585224" role=""/>
    <member type="way" ref="94193337" role=""/>
    <member type="way" ref="1064367031" role=""/>
    <member type="way" ref="401308659" role=""/>
    <member type="way" ref="185502274" role=""/>
    <member type="way" ref="94193354" role=""/>
    <member type="way" ref="4323971" role=""/>
    <member type="way" ref="210328121" role=""/>
    <member type="way" ref="195354649" role=""/>
    <member type="way" ref="210328034" role=""/>
    <member type="way" ref="210328036" role=""/>
    <member type="way" ref="663373638" role=""/>
    <member type="way" ref="1064367034" role=""/>
    <member type="way" ref="1064367032" role=""/>
    <member type="way" ref="1064367033" role=""/>
    <member type="way" ref="210328045" role=""/>
    <member type="way" ref="1064367035" role=""/>
    <member type="way" ref="195354653" role=""/>
    <member type="way" ref="1156304145" role=""/>
    <member type="way" ref="206479741" role=""/>
    <member type="way" ref="4369629" role=""/>
    <member type="way" ref="670850128" role=""/>
    <member type="way" ref="206479742" role=""/>
    <member type="way" ref="1156305302" role=""/>
    <member type="way" ref="4453852" role=""/>
    <member type="way" ref="40706367" role=""/>
    <member type="way" ref="419121190" role=""/>
    <member type="way" ref="40706369" role=""/>
    <member type="way" ref="22605462" role=""/>
    <member type="way" ref="22605461" role=""/>
    <member type="way" ref="954622811" role=""/>
    <member type="way" ref="1312594793" role=""/>
    <member type="way" ref="684932580" role=""/>
    <member type="way" ref="684932575" role=""/>
    <member type="way" ref="1257741442" role=""/>
    <member type="way" ref="684932576" role=""/>
    <member type="way" ref="684932577" role=""/>
    <member type="way" ref="4480750" role=""/>
    <member type="way" ref="1085438280" role=""/>
    <member type="way" ref="1312594795" role=""/>
    <member type="way" ref="769102173" role=""/>
    <member type="way" ref="1068584963" role=""/>
    <member type="way" ref="1068584964" role=""/>
    <member type="way" ref="453049076" role=""/>
    <member type="way" ref="769934698" role=""/>
    <member type="way" ref="769936980" role=""/>
    <member type="way" ref="1068584966" role=""/>
    <member type="way" ref="1068584969" role=""/>
    <member type="way" ref="1072693173" role=""/>
    <member type="way" ref="769936977" role=""/>
    <member type="way" ref="1068584970" role=""/>
    <member type="way" ref="1072363406" role=""/>
    <member type="way" ref="40405608" role=""/>
    <member type="way" ref="1156353303" role=""/>
    <member type="way" ref="46023095" role=""/>
    <member type="way" ref="8387498" role=""/>
    <member type="way" ref="8147169" role=""/>
    <member type="way" ref="1068584971" role=""/>
    <member type="way" ref="954403494" role=""/>
    <member type="way" ref="954403491" role=""/>
    <member type="way" ref="954403493" role=""/>
    <member type="way" ref="1072363407" role=""/>
    <member type="way" ref="954403492" role=""/>
    <member type="way" ref="110459078" role=""/>
    <member type="way" ref="4480751" role=""/>
    <member type="way" ref="1068584974" role=""/>
    <member type="way" ref="1171440075" role=""/>
    <member type="way" ref="1068584973" role=""/>
    <member type="way" ref="1068584972" role=""/>
    <member type="way" ref="8147172" role=""/>
    <member type="way" ref="954403495" role=""/>
    <member type="way" ref="954403496" role=""/>
    <member type="way" ref="8147167" role=""/>
    <member type="way" ref="8147171" role=""/>
    <member type="way" ref="1068570407" role=""/>
    <member type="way" ref="299392151" role=""/>
    <member type="way" ref="1068570408" role=""/>
    <member type="way" ref="22616423" role=""/>
    <member type="way" ref="22616424" role=""/>
    <member type="way" ref="1078492876" role=""/>
    <member type="way" ref="1058240207" role=""/>
    <member type="way" ref="1068570409" role=""/>
    <member type="way" ref="1171439757" role=""/>
    <member type="way" ref="1171439758" role=""/>
    <member type="way" ref="283420095" role=""/>
    <member type="way" ref="1171439760" role=""/>
    <member type="way" ref="1171439759" role=""/>
    <member type="way" ref="253739401" role=""/>
    <member type="way" ref="253739400" role=""/>
    <member type="way" ref="1244784103" role=""/>
    <member type="way" ref="1244784102" role=""/>
    <member type="way" ref="33633426" role=""/>
    <member type="way" ref="54990126" role=""/>
    <member type="way" ref="298605087" role=""/>
    <member type="way" ref="54990127" role=""/>
    <member type="way" ref="54990128" role=""/>
    <member type="way" ref="1159509680" role=""/>
    <member type="way" ref="1194574720" role=""/>
    <member type="way" ref="1194712892" role=""/>
    <member type="way" ref="4305665" role=""/>
    <member type="way" ref="250436043" role=""/>
    <member type="way" ref="79308736" role=""/>
    <member type="way" ref="457351259" role=""/>
    <member type="way" ref="253739329" role=""/>
    <member type="way" ref="299392147" role=""/>
    <member type="way" ref="110826940" role=""/>
    <member type="way" ref="954400618" role=""/>
    <member type="way" ref="954400620" role=""/>
    <member type="way" ref="954400619" role=""/>
    <member type="way" ref="1068570413" role=""/>
    <member type="way" ref="1083638081" role=""/>
    <member type="way" ref="1083638082" role=""/>
    <member type="way" ref="1339751347" role=""/>
    <member type="way" ref="871461606" role=""/>
    <member type="way" ref="954400622" role=""/>
    <member type="way" ref="399439537" role=""/>
    <member type="way" ref="492690726" role=""/>
    <member type="way" ref="79308733" role=""/>
    <member type="way" ref="395905308" role=""/>
    <member type="way" ref="395905309" role=""/>
    <member type="way" ref="1253189897" role=""/>
    <member type="way" ref="1253189896" role=""/>
    <member type="way" ref="1253189895" role=""/>
    <member type="way" ref="471999041" role=""/>
    <member type="way" ref="206540620" role=""/>
    <member type="way" ref="1068570415" role=""/>
    <member type="way" ref="1068570416" role=""/>
    <member type="way" ref="4413711" role=""/>
    <member type="way" ref="1276166927" role=""/>
    <member type="way" ref="43995149" role=""/>
    <member type="way" ref="1180794478" role=""/>
    <member type="way" ref="670481669" role=""/>
    <member type="way" ref="195024128" role=""/>
    <member type="way" ref="1231397850" role=""/>
    <member type="way" ref="210093978" role=""/>
    <member type="way" ref="210093980" role=""/>
    <member type="way" ref="210094030" role=""/>
    <member type="way" ref="624300397" role=""/>
    <member type="way" ref="624300395" role=""/>
    <member type="way" ref="624300394" role=""/>
    <member type="way" ref="195017444" role=""/>
    <member type="way" ref="663246994" role=""/>
    <member type="way" ref="663246993" role=""/>
    <member type="way" ref="1177997576" role=""/>
    <member type="way" ref="1177997577" role=""/>
    <member type="way" ref="1306465225" role=""/>
    <member type="way" ref="624300396" role=""/>
    <member type="way" ref="23345096" role=""/>
    <member type="way" ref="591932165" role=""/>
    <member type="way" ref="37852888" role=""/>
    <member type="way" ref="1257436550" role=""/>
    <member type="way" ref="1136558227" role=""/>
    <member type="way" ref="100520120" role=""/>
    <member type="way" ref="1180836924" role=""/>
    <member type="way" ref="1180836923" role=""/>
    <member type="way" ref="405215340" role=""/>
    <member type="way" ref="1180836925" role=""/>
    <member type="way" ref="1136325987" role=""/>
    <member type="way" ref="1180836926" role=""/>
    <member type="way" ref="196911958" role=""/>
    <member type="way" ref="1180836927" role=""/>
    <member type="way" ref="1180836928" role=""/>
    <member type="way" ref="1180836929" role=""/>
    <member type="way" ref="207808759" role=""/>
    <member type="way" ref="1068570417" role=""/>
    <member type="way" ref="624303056" role=""/>
    <member type="way" ref="491476442" role=""/>
    <member type="way" ref="381876209" role=""/>
    <member type="way" ref="1118311777" role=""/>
    <member type="way" ref="1118311778" role=""/>
    <member type="way" ref="1118311779" role=""/>
    <member type="way" ref="624303940" role=""/>
    <member type="way" ref="624303052" role=""/>
    <member type="way" ref="395995886" role=""/>
    <member type="way" ref="1131601971" role=""/>
    <member type="way" ref="1131601973" role=""/>
    <member type="way" ref="475186372" role=""/>
    <member type="way" ref="591931948" role=""/>
    <member type="way" ref="226403369" role=""/>
    <member type="way" ref="560871195" role=""/>
    <member type="way" ref="560871191" role=""/>
    <member type="way" ref="916735325" role=""/>
    <member type="way" ref="1262105212" role=""/>
    <member type="way" ref="560871187" role=""/>
    <member type="way" ref="560871169" role=""/>
    <member type="way" ref="591931954" role=""/>
    <member type="way" ref="405215344" role=""/>
    <member type="way" ref="402794035" role=""/>
    <member type="way" ref="591931957" role=""/>
    <member type="way" ref="48714752" role=""/>
    <member type="way" ref="1280910383" role=""/>
    <member type="way" ref="405215345" role=""/>
    <member type="way" ref="637042844" role=""/>
    <member type="way" ref="348719933" role=""/>
    <member type="way" ref="48714753" role=""/>
    <member type="way" ref="375230146" role=""/>
    <member type="way" ref="226539608" role=""/>
    <member type="way" ref="560883179" role=""/>
    <member type="way" ref="1299993390" role=""/>
    <member type="way" ref="560884123" role=""/>
    <member type="way" ref="560884126" role=""/>
    <member type="way" ref="375230147" role=""/>
    <member type="way" ref="591930057" role=""/>
    <member type="way" ref="5929465" role=""/>
    <member type="way" ref="4984514" role=""/>
    <member type="way" ref="4984515" role=""/>
    <member type="way" ref="1038076786" role=""/>
    <member type="way" ref="2951968" role=""/>
    <member type="way" ref="172779634" role=""/>
    <member type="way" ref="250466880" role=""/>
    <member type="way" ref="250466874" role=""/>
    <member type="way" ref="1255989829" role=""/>
    <member type="way" ref="1255989830" role=""/>
    <member type="way" ref="545971393" role=""/>
    <member type="way" ref="545971394" role=""/>
    <member type="way" ref="250466878" role=""/>
    <member type="way" ref="628156322" role=""/>
    <member type="way" ref="800862027" role=""/>
    <member type="way" ref="800862030" role=""/>
    <member type="way" ref="373842484" role=""/>
    <member type="way" ref="38901012" role=""/>
    <member type="way" ref="38901013" role=""/>
    <member type="way" ref="1055443321" role=""/>
    <member type="way" ref="52119556" role=""/>
    <member type="way" ref="52119528" role=""/>
    <member type="way" ref="662512150" role=""/>
    <member type="way" ref="662512151" role=""/>
    <member type="way" ref="1064731044" role=""/>
    <member type="way" ref="1148108878" role=""/>
    <member type="way" ref="925883402" role=""/>
    <member type="way" ref="925883401" role=""/>
    <member type="way" ref="226617137" role=""/>
    <member type="way" ref="1247298455" role=""/>
    <member type="way" ref="925883397" role=""/>
    <member type="way" ref="1166014617" role=""/>
    <member type="way" ref="1166014616" role=""/>
    <member type="way" ref="1187059569" role=""/>
    <member type="way" ref="1187059566" role=""/>
    <member type="way" ref="705809097" role=""/>
    <member type="way" ref="1100748560" role=""/>
    <member type="way" ref="790892221" role=""/>
    <member type="way" ref="1100748559" role=""/>
    <member type="way" ref="1052345088" role=""/>
    <member type="way" ref="1052345089" role=""/>
    <member type="way" ref="705809115" role=""/>
    <member type="way" ref="1052345086" role=""/>
    <member type="way" ref="1052345085" role=""/>
    <member type="way" ref="1247032019" role=""/>
    <member type="way" ref="950216816" role=""/>
    <member type="way" ref="705809120" role=""/>
    <member type="way" ref="1052344328" role=""/>
    <member type="way" ref="705809135" role=""/>
    <member type="way" ref="1052344329" role=""/>
    <member type="way" ref="705809092" role=""/>
    <member type="way" ref="1067197198" role=""/>
    <member type="way" ref="705809132" role=""/>
    <member type="way" ref="1246858888" role=""/>
    <member type="way" ref="705809117" role=""/>
    <member type="way" ref="449148060" role=""/>
    <member type="way" ref="205237167" role=""/>
    <member type="way" ref="705809090" role=""/>
    <member type="way" ref="205238543" role=""/>
    <member type="way" ref="1247747466" role=""/>
    <member type="way" ref="1247747467" role=""/>
    <member type="way" ref="1051885641" role=""/>
    <member type="way" ref="1098410419" role=""/>
    <member type="way" ref="1098410418" role=""/>
    <member type="way" ref="1051885642" role=""/>
    <member type="way" ref="1247747426" role=""/>
    <member type="way" ref="1051885648" role=""/>
    <member type="way" ref="1247747427" role=""/>
    <member type="way" ref="1247747430" role=""/>
    <member type="way" ref="244541421" role=""/>
    <member type="way" ref="1051885643" role=""/>
    <member type="way" ref="244541428" role=""/>
    <member type="way" ref="1051897990" role=""/>
    <member type="way" ref="1051897997" role=""/>
    <member type="way" ref="1247747422" role=""/>
    <member type="way" ref="1051897993" role=""/>
    <member type="way" ref="1051897999" role=""/>
    <member type="way" ref="1058429422" role=""/>
    <member type="way" ref="1051898000" role=""/>
    <member type="way" ref="204345004" role=""/>
    <member type="way" ref="662524520" role=""/>
    <member type="way" ref="1051898001" role=""/>
    <member type="way" ref="1247747415" role=""/>
    <member type="way" ref="1257368293" role=""/>
    <member type="way" ref="1257364012" role=""/>
    <member type="way" ref="1274999716" role=""/>
    <member type="way" ref="1257364013" role=""/>
    <member type="way" ref="219026699" role=""/>
    <member type="way" ref="662524515" role=""/>
    <member type="way" ref="1051898014" role=""/>
    <member type="way" ref="1257364014" role=""/>
    <member type="way" ref="1257364015" role=""/>
    <member type="way" ref="1051898011" role=""/>
    <member type="way" ref="1069557675" role=""/>
    <member type="way" ref="662524523" role=""/>
    <member type="way" ref="316976818" role=""/>
    <member type="way" ref="316976821" role=""/>
    <member type="way" ref="1257352539" role=""/>
    <member type="way" ref="1264398720" role=""/>
    <member type="way" ref="662524513" role=""/>
    <member type="way" ref="808123573" role=""/>
    <member type="way" ref="316976822" role=""/>
    <member type="way" ref="808123572" role=""/>
    <member type="way" ref="1058687466" role=""/>
    <member type="way" ref="1058687467" role=""/>
    <member type="way" ref="316976817" role=""/>
    <member type="way" ref="1096511797" role=""/>
    <member type="way" ref="651632128" role=""/>
    <member type="way" ref="670531283" role=""/>
    <member type="way" ref="157115250" role=""/>
    <member type="way" ref="37136659" role=""/>
    <member type="way" ref="1058108976" role=""/>
    <member type="way" ref="407836349" role=""/>
    <member type="way" ref="1319640303" role=""/>
    <member type="way" ref="1253614658" role=""/>
    <member type="way" ref="907839762" role=""/>
    <member type="way" ref="907839761" role=""/>
    <member type="way" ref="907839763" role=""/>
    <tag k="from" v="Tottenham Court Road Station"/>
    <tag k="name" v="London Buses route N253 → Aldgate"/>
    <tag k="network" v="London Buses"/>
    <tag k="network:wikidata" v="Q1192411"/>
    <tag k="network:wikipedia" v="en:London Buses"/>
    <tag k="operator" v="Arriva London"/>
    <tag k="public_transport:version" v="2"/>
    <tag k="ref" v="N253"/>
    <tag k="route" v="bus"/>
    <tag k="to" v="Aldgate Station"/>
    <tag k="type" v="route"/>
  </relation>
  <relation id="8211793" version="214" timestamp="2024-08-04T15:03:06Z" changeset="154816597" uid="953779" user="Adam Edwards">
    <member type="node" ref="5592330073" role="stop_entry_only"/>
    <member type="node" ref="469762809" role="platform"/>
    <member type="node" ref="5341082879" role="stop"/>
    <member type="node" ref="5341082877" role="stop"/>
    <member type="node" ref="5341082875" role="stop"/>
    <member type="node" ref="5341082872" role="stop"/>
    <member type="node" ref="469762035" role="platform"/>
    <member type="node" ref="469772289" role="platform"/>
    <member type="node" ref="469780828" role="platform"/>
    <member type="node" ref="469766285" role="platform"/>
    <member type="node" ref="469764358" role="platform"/>
    <member type="node" ref="469768052" role="platform"/>
    <member type="node" ref="469768632" role="platform"/>
    <member type="node" ref="469789195" role="platform"/>
    <member type="node" ref="469789198" role="platform"/>
    <member type="node" ref="469781896" role="platform"/>
    <member type="node" ref="469775690" role="platform"/>
    <member type="node" ref="469766848" role="platform"/>
    <member type="node" ref="469782080" role="platform"/>
    <member type="node" ref="469769420" role="platform"/>
    <member type="node" ref="469763714" role="platform"/>
    <member type="node" ref="469763716" role="platform"/>
    <member type="node" ref="3799525534" role="stop"/>
    <member type="node" ref="469768283" role="platform"/>
    <member type="node" ref="469780101" role="platform"/>
    <member type="node" ref="469777840" role="platform"/>
    <member type="node" ref="469786993" role="platform"/>
    <member type="node" ref="469767502" role="platform"/>
    <member type="node" ref="469776344" role="platform"/>
    <member type="node" ref="3906877111" role="stop"/>
    <member type="node" ref="469785461" role="platform"/>
    <member type="node" ref="469785466" role="platform"/>
    <member type="node" ref="469773344" role="platform"/>
    <member type="node" ref="469780071" role="platform"/>
    <member type="node" ref="5344086648" role="platform"/>
    <member type="node" ref="4927235776" role="platform"/>
    <member type="node" ref="469785469" role="platform"/>
    <member type="node" ref="469786581" role="platform"/>
    <member type="node" ref="469760594" role="platform"/>
    <member type="node" ref="469770170" role="platform"/>
    <member type="node" ref="469782021" role="platform"/>
    <member type="node" ref="469772010" role="platform"/>
    <member type="node" ref="469785872" role="platform"/>
    <member type="node" ref="469762695" role="platform"/>
    <member type="node" ref="469786462" role="platform"/>
    <member type="node" ref="469761457" role="stop"/>
    <member type="node" ref="199492" role="stop"/>
    <member type="node" ref="4037464682" role="stop"/>
    <member type="node" ref="4037464684" role="stop"/>
    <member type="node" ref="4796120082" role="stop"/>
    <member type="node" ref="4037464686" role="stop"/>
    <member type="node" ref="186243156" role="stop"/>
    <member type="node" ref="4665582611" role="stop"/>
    <member type="node" ref="469771483" role="platform"/>
    <member type="node" ref="469766223" role="platform"/>
    <member type="node" ref="469772745" role="platform"/>
    <member type="node" ref="469786543" role="platform"/>
    <member type="node" ref="469764281" role="platform"/>
    <member type="node" ref="469765192" role="platform"/>
    <member type="node" ref="469779699" role="platform"/>
    <member type="node" ref="469779367" role="platform"/>
    <member type="node" ref="469761214" role="platform"/>
    <member type="node" ref="293390294" role="stop"/>
    <member type="node" ref="389475763" role="stop"/>
    <member type="node" ref="469760434" role="platform"/>
    <member type="node" ref="469780601" role="stop"/>
    <member type="node" ref="469776973" role="platform"/>
    <member type="node" ref="4543005962" role="stop"/>
    <member type="node" ref="6391776690" role="platform"/>
    <member type="node" ref="6391776691" role="platform"/>
    <member type="node" ref="6391776689" role="platform"/>
    <member type="node" ref="5364578863" role="stop"/>
    <member type="node" ref="5364578862" role="stop"/>
    <member type="node" ref="5364578859" role="stop"/>
    <member type="node" ref="3810553691" role="stop_exit_only"/>
    <member type="way" ref="585144474" role=""/>
    <member type="way" ref="585144469" role=""/>
    <member type="way" ref="225166379" role=""/>
    <member type="way" ref="8044119" role=""/>
    <member type="way" ref="1292946583" role=""/>
    <member type="way" ref="37794645" role=""/>
    <member type="way" ref="225166392" role=""/>
    <member type="way" ref="449240892" role=""/>
    <member type="way" ref="225166396" role=""/>
    <member type="way" ref="225166405" role=""/>
    <member type="way" ref="225166381" role=""/>
    <member type="way" ref="3630091" role=""/>
    <member type="way" ref="1305573447" role=""/>
    <member type="way" ref="1305573445" role=""/>
    <member type="way" ref="336490669" role=""/>
    <member type="way" ref="4800090" role=""/>
    <member type="way" ref="1107610399" role=""/>
    <member type="way" ref="23742594" role=""/>
    <member type="way" ref="1242413842" role=""/>
    <member type="way" ref="98857905" role=""/>
    <member type="way" ref="1224633284" role=""/>
    <member type="way" ref="336463524" role=""/>
    <member type="way" ref="658353731" role=""/>
    <member type="way" ref="1107596918" role=""/>
    <member type="way" ref="46620499" role=""/>
    <member type="way" ref="1293615153" role=""/>
    <member type="way" ref="233247011" role=""/>
    <member type="way" ref="1071903087" role=""/>
    <member type="way" ref="658353729" role=""/>
    <member type="way" ref="609011141" role=""/>
    <member type="way" ref="658353730" role=""/>
    <member type="way" ref="1071903086" role=""/>
    <member type="way" ref="609011134" role=""/>
    <member type="way" ref="1096348945" role=""/>
    <member type="way" ref="1096348946" role=""/>
    <member type="way" ref="1096348949" role=""/>
    <member type="way" ref="925017777" role=""/>
    <member type="way" ref="866783710" role=""/>
    <member type="way" ref="800196745" role=""/>
    <member type="way" ref="866783711" role=""/>
    <member type="way" ref="866783714" role=""/>
    <member type="way" ref="800194888" role=""/>
    <member type="way" ref="925017778" role=""/>
    <member type="way" ref="925017779" role=""/>
    <member type="way" ref="925017780" role=""/>
    <member type="way" ref="800194890" role=""/>
    <member type="way" ref="925017782" role=""/>
    <member type="way" ref="925017783" role=""/>
    <member type="way" ref="925017790" role=""/>
    <member type="way" ref="925017791" role=""/>
    <member type="way" ref="925017788" role=""/>
    <member type="way" ref="800194050" role=""/>
    <member type="way" ref="925017798" role=""/>
    <member type="way" ref="228960025" role=""/>
    <member type="way" ref="925030444" role=""/>
    <member type="way" ref="925017799" role=""/>
    <member type="way" ref="925017801" role=""/>
    <member type="way" ref="925017800" role=""/>
    <member type="way" ref="866758213" role=""/>
    <member type="way" ref="800194041" role=""/>
    <member type="way" ref="233247657" role=""/>
    <member type="way" ref="233247659" role=""/>
    <member type="way" ref="23777520" role=""/>
    <member type="way" ref="866758260" role=""/>
    <member type="way" ref="866758256" role=""/>
    <member type="way" ref="23777521" role=""/>
    <member type="way" ref="1095782102" role=""/>
    <member type="way" ref="1095782101" role=""/>
    <member type="way" ref="866758241" role=""/>
    <member type="way" ref="866758221" role=""/>
    <member type="way" ref="1302408564" role=""/>
    <member type="way" ref="1302408565" role=""/>
    <member type="way" ref="621794566" role=""/>
    <member type="way" ref="866723474" role=""/>
    <member type="way" ref="866723472" role=""/>
    <member type="way" ref="1174050078" role=""/>
    <member type="way" ref="866758220" role=""/>
    <member type="way" ref="658348258" role=""/>
    <member type="way" ref="243786200" role=""/>
    <member type="way" ref="1095778651" role=""/>
    <member type="way" ref="1095778652" role=""/>
    <member type="way" ref="866758231" role=""/>
    <member type="way" ref="866758252" role=""/>
    <member type="way" ref="866758253" role=""/>
    <member type="way" ref="800194049" role=""/>
    <member type="way" ref="800194036" role=""/>
    <member type="way" ref="800194045" role=""/>
    <member type="way" ref="925017806" role=""/>
    <member type="way" ref="800194039" role=""/>
    <member type="way" ref="866758240" role=""/>
    <member type="way" ref="866758254" role=""/>
    <member type="way" ref="866758246" role=""/>
    <member type="way" ref="866758238" role=""/>
    <member type="way" ref="866758230" role=""/>
    <member type="way" ref="866758219" role=""/>
    <member type="way" ref="243786198" role=""/>
    <member type="way" ref="658346244" role=""/>
    <member type="way" ref="866758234" role=""/>
    <member type="way" ref="925017812" role=""/>
    <member type="way" ref="925017811" role=""/>
    <member type="way" ref="925017813" role=""/>
    <member type="way" ref="658346243" role=""/>
    <member type="way" ref="818614180" role=""/>
    <member type="way" ref="818614187" role=""/>
    <member type="way" ref="800194038" role=""/>
    <member type="way" ref="52292315" role=""/>
    <member type="way" ref="1071903075" role=""/>
    <member type="way" ref="658346245" role=""/>
    <member type="way" ref="925017821" role=""/>
    <member type="way" ref="925017823" role=""/>
    <member type="way" ref="609015774" role=""/>
    <member type="way" ref="925017826" role=""/>
    <member type="way" ref="925017825" role=""/>
    <member type="way" ref="925017824" role=""/>
    <member type="way" ref="925017820" role=""/>
    <member type="way" ref="772285185" role=""/>
    <member type="way" ref="800179567" role=""/>
    <member type="way" ref="800179568" role=""/>
    <member type="way" ref="1091983020" role=""/>
    <member type="way" ref="1091983021" role=""/>
    <member type="way" ref="772285207" role=""/>
    <member type="way" ref="800179566" role=""/>
    <member type="way" ref="1071903074" role=""/>
    <member type="way" ref="800179573" role=""/>
    <member type="way" ref="1160608383" role=""/>
    <member type="way" ref="800182971" role=""/>
    <member type="way" ref="609015773" role=""/>
    <member type="way" ref="772285184" role=""/>
    <member type="way" ref="1123608414" role=""/>
    <member type="way" ref="1123608413" role=""/>
    <member type="way" ref="1123608412" role=""/>
    <member type="way" ref="1123608411" role=""/>
    <member type="way" ref="772285202" role=""/>
    <member type="way" ref="772285196" role=""/>
    <member type="way" ref="1123608408" role=""/>
    <member type="way" ref="1123608409" role=""/>
    <member type="way" ref="1123608406" role=""/>
    <member type="way" ref="1123608407" role=""/>
    <member type="way" ref="772285190" role=""/>
    <member type="way" ref="1123608405" role=""/>
    <member type="way" ref="1123608404" role=""/>
    <member type="way" ref="1123608403" role=""/>
    <member type="way" ref="238792726" role=""/>
    <member type="way" ref="1123608402" role=""/>
    <member type="way" ref="772285188" role=""/>
    <member type="way" ref="800177205" role=""/>
    <member type="way" ref="800177206" role=""/>
    <member type="way" ref="1123608401" role=""/>
    <member type="way" ref="1123608399" role=""/>
    <member type="way" ref="1123608400" role=""/>
    <member type="way" ref="706656298" role=""/>
    <member type="way" ref="1123608398" role=""/>
    <member type="way" ref="1123608397" role=""/>
    <member type="way" ref="1123608395" role=""/>
    <member type="way" ref="1123608396" role=""/>
    <member type="way" ref="772285194" role=""/>
    <member type="way" ref="1123608394" role=""/>
    <member type="way" ref="1123608393" role=""/>
    <member type="way" ref="1262420237" role=""/>
    <member type="way" ref="1262420235" role=""/>
    <member type="way" ref="1262420236" role=""/>
    <member type="way" ref="313193836" role=""/>
    <member type="way" ref="313193840" role=""/>
    <member type="way" ref="766206200" role=""/>
    <member type="way" ref="772281184" role=""/>
    <member type="way" ref="800182972" role=""/>
    <member type="way" ref="1071128267" role=""/>
    <member type="way" ref="1071128254" role=""/>
    <member type="way" ref="1071128268" role=""/>
    <member type="way" ref="1071128256" role=""/>
    <member type="way" ref="1071128255" role=""/>
    <member type="way" ref="1154892746" role=""/>
    <member type="way" ref="1160605930" role=""/>
    <member type="way" ref="1154892747" role=""/>
    <member type="way" ref="772281187" role=""/>
    <member type="way" ref="1154892745" role=""/>
    <member type="way" ref="1071128270" role=""/>
    <member type="way" ref="727941728" role=""/>
    <member type="way" ref="727941726" role=""/>
    <member type="way" ref="1071128271" role=""/>
    <member type="way" ref="668592667" role=""/>
    <member type="way" ref="1071128253" role=""/>
    <member type="way" ref="1071128252" role=""/>
    <member type="way" ref="658979898" role=""/>
    <member type="way" ref="727941729" role=""/>
    <member type="way" ref="727941727" role=""/>
    <member type="way" ref="1112807876" role=""/>
    <member type="way" ref="668567135" role=""/>
    <member type="way" ref="668567986" role=""/>
    <member type="way" ref="658983046" role=""/>
    <member type="way" ref="573230685" role=""/>
    <member type="way" ref="708340371" role=""/>
    <member type="way" ref="818594425" role=""/>
    <member type="way" ref="818594436" role=""/>
    <member type="way" ref="668567144" role=""/>
    <member type="way" ref="818594434" role=""/>
    <member type="way" ref="818594426" role=""/>
    <member type="way" ref="658970978" role=""/>
    <member type="way" ref="658970926" role=""/>
    <member type="way" ref="818594430" role=""/>
    <member type="way" ref="818594431" role=""/>
    <member type="way" ref="658970972" role=""/>
    <member type="way" ref="658970949" role=""/>
    <member type="way" ref="658972189" role=""/>
    <member type="way" ref="238793577" role=""/>
    <member type="way" ref="658972268" role=""/>
    <member type="way" ref="659300862" role=""/>
    <member type="way" ref="659300863" role=""/>
    <member type="way" ref="197643749" role=""/>
    <member type="way" ref="799533764" role=""/>
    <member type="way" ref="243787861" role=""/>
    <member type="way" ref="772290148" role=""/>
    <member type="way" ref="799533759" role=""/>
    <member type="way" ref="818594421" role=""/>
    <member type="way" ref="818594438" role=""/>
    <member type="way" ref="659217858" role=""/>
    <member type="way" ref="659216386" role=""/>
    <member type="way" ref="659216369" role=""/>
    <member type="way" ref="659216372" role=""/>
    <member type="way" ref="659216389" role=""/>
    <member type="way" ref="799533765" role=""/>
    <member type="way" ref="799533755" role=""/>
    <member type="way" ref="799533760" role=""/>
    <member type="way" ref="799533768" role=""/>
    <member type="way" ref="818594435" role=""/>
    <member type="way" ref="659216393" role=""/>
    <member type="way" ref="659216378" role=""/>
    <member type="way" ref="659216399" role=""/>
    <member type="way" ref="659216337" role=""/>
    <member type="way" ref="818594424" role=""/>
    <member type="way" ref="659216366" role=""/>
    <member type="way" ref="727929694" role=""/>
    <member type="way" ref="818594429" role=""/>
    <member type="way" ref="727929662" role=""/>
    <member type="way" ref="727929691" role=""/>
    <member type="way" ref="818594422" role=""/>
    <member type="way" ref="727929667" role=""/>
    <member type="way" ref="727929684" role=""/>
    <member type="way" ref="727929696" role=""/>
    <member type="way" ref="727929675" role=""/>
    <member type="way" ref="727929682" role=""/>
    <member type="way" ref="727929677" role=""/>
    <member type="way" ref="818594439" role=""/>
    <member type="way" ref="659216363" role=""/>
    <member type="way" ref="818594441" role=""/>
    <member type="way" ref="818594427" role=""/>
    <member type="way" ref="818594440" role=""/>
    <member type="way" ref="659216355" role=""/>
    <member type="way" ref="659216342" role=""/>
    <member type="way" ref="659216360" role=""/>
    <member type="way" ref="799533752" role=""/>
    <member type="way" ref="727929674" role=""/>
    <member type="way" ref="818599343" role=""/>
    <member type="way" ref="727929679" role=""/>
    <member type="way" ref="197753021" role=""/>
    <member type="way" ref="727929685" role=""/>
    <member type="way" ref="818599345" role=""/>
    <member type="way" ref="1169705431" role=""/>
    <member type="way" ref="799513365" role=""/>
    <member type="way" ref="727929669" role=""/>
    <member type="way" ref="818599341" role=""/>
    <member type="way" ref="727929695" role=""/>
    <member type="way" ref="818599344" role=""/>
    <member type="way" ref="50731860" role=""/>
    <member type="way" ref="818599342" role=""/>
    <member type="way" ref="818599346" role=""/>
    <member type="way" ref="727929693" role=""/>
    <member type="way" ref="657765852" role=""/>
    <member type="way" ref="97761741" role=""/>
    <member type="way" ref="4292240" role=""/>
    <member type="way" ref="656819316" role=""/>
    <member type="way" ref="504589197" role=""/>
    <member type="way" ref="656819319" role=""/>
    <member type="way" ref="243778217" role=""/>
    <member type="way" ref="727958161" role=""/>
    <member type="way" ref="727958158" role=""/>
    <member type="way" ref="226588862" role=""/>
    <member type="way" ref="226588853" role=""/>
    <member type="way" ref="4292242" role=""/>
    <member type="way" ref="657763719" role=""/>
    <member type="way" ref="3869020" role=""/>
    <member type="way" ref="727961197" role=""/>
    <member type="way" ref="818603006" role=""/>
    <member type="way" ref="700982263" role=""/>
    <member type="way" ref="653428299" role=""/>
    <member type="way" ref="727934882" role=""/>
    <member type="way" ref="700982261" role=""/>
    <member type="way" ref="818603001" role=""/>
    <member type="way" ref="926410109" role=""/>
    <member type="way" ref="8129676" role=""/>
    <member type="way" ref="818603002" role=""/>
    <member type="way" ref="818603003" role=""/>
    <member type="way" ref="1071903069" role=""/>
    <member type="way" ref="818603007" role=""/>
    <member type="way" ref="727934883" role=""/>
    <member type="way" ref="727940511" role=""/>
    <member type="way" ref="700982266" role=""/>
    <member type="way" ref="926278829" role=""/>
    <member type="way" ref="8120821" role=""/>
    <member type="way" ref="8120826" role=""/>
    <member type="way" ref="1071903068" role=""/>
    <member type="way" ref="700982258" role=""/>
    <member type="way" ref="700982262" role=""/>
    <member type="way" ref="926278827" role=""/>
    <member type="way" ref="926278826" role=""/>
    <member type="way" ref="756380248" role=""/>
    <member type="way" ref="657763717" role=""/>
    <member type="way" ref="926271758" role=""/>
    <member type="way" ref="51180727" role=""/>
    <member type="way" ref="1255917908" role=""/>
    <member type="way" ref="1255917907" role=""/>
    <member type="way" ref="1255917905" role=""/>
    <member type="way" ref="1255917906" role=""/>
    <member type="way" ref="1071903062" role=""/>
    <member type="way" ref="1071903061" role=""/>
    <member type="way" ref="753031931" role=""/>
    <member type="way" ref="753031930" role=""/>
    <member type="way" ref="51180728" role=""/>
    <member type="way" ref="1137298979" role=""/>
    <member type="way" ref="1137298978" role=""/>
    <member type="way" ref="1072612960" role=""/>
    <member type="way" ref="1072612959" role=""/>
    <member type="way" ref="8120818" role=""/>
    <member type="way" ref="40759040" role=""/>
    <member type="way" ref="1072612958" role=""/>
    <member type="way" ref="1071922405" role=""/>
    <member type="way" ref="1072612957" role=""/>
    <member type="way" ref="40759038" role=""/>
    <member type="way" ref="1071922404" role=""/>
    <member type="way" ref="1071922403" role=""/>
    <member type="way" ref="1071922402" role=""/>
    <member type="way" ref="1072612956" role=""/>
    <member type="way" ref="1071922401" role=""/>
    <member type="way" ref="684547496" role=""/>
    <member type="way" ref="1071922400" role=""/>
    <member type="way" ref="1160960571" role=""/>
    <member type="way" ref="1071922399" role=""/>
    <member type="way" ref="1072612955" role=""/>
    <member type="way" ref="1071922398" role=""/>
    <member type="way" ref="230255604" role=""/>
    <member type="way" ref="41911484" role=""/>
    <member type="way" ref="815786057" role=""/>
    <member type="way" ref="815786052" role=""/>
    <member type="way" ref="815786056" role=""/>
    <member type="way" ref="1257329534" role=""/>
    <member type="way" ref="1257329535" role=""/>
    <member type="way" ref="815786067" role=""/>
    <member type="way" ref="815786065" role=""/>
    <member type="way" ref="815786051" role=""/>
    <member type="way" ref="815786066" role=""/>
    <member type="way" ref="815786063" role=""/>
    <member type="way" ref="1053785112" role=""/>
    <member type="way" ref="1053785115" role=""/>
    <member type="way" ref="1053785113" role=""/>
    <member type="way" ref="1053785122" role=""/>
    <member type="way" ref="1053785111" role=""/>
    <member type="way" ref="1071922397" role=""/>
    <member type="way" ref="228057751" role=""/>
    <member type="way" ref="41891794" role=""/>
    <member type="way" ref="1160956884" role=""/>
    <member type="way" ref="1160956880" role=""/>
    <member type="way" ref="586103895" role=""/>
    <member type="way" ref="586103904" role=""/>
    <member type="way" ref="586103894" role=""/>
    <member type="way" ref="1028524540" role=""/>
    <member type="way" ref="64080308" role=""/>
    <member type="way" ref="1028524541" role=""/>
    <member type="way" ref="295939290" role=""/>
    <member type="way" ref="689045633" role=""/>
    <member type="way" ref="586103907" role=""/>
    <member type="way" ref="38166453" role=""/>
    <member type="way" ref="689045634" role=""/>
    <member type="way" ref="1236568073" role=""/>
    <member type="way" ref="841483804" role=""/>
    <member type="way" ref="1084140037" role=""/>
    <member type="way" ref="64080302" role=""/>
    <member type="way" ref="64080307" role=""/>
    <member type="way" ref="689043532" role=""/>
    <member type="way" ref="935649501" role=""/>
    <member type="way" ref="1087366970" role=""/>
    <member type="way" ref="371895212" role=""/>
    <member type="way" ref="371895211" role=""/>
    <member type="way" ref="1064367048" role=""/>
    <member type="way" ref="1064367049" role=""/>
    <member type="way" ref="1064367047" role=""/>
    <member type="way" ref="1064367046" role=""/>
    <member type="way" ref="264916413" role=""/>
    <member type="way" ref="1072693176" role=""/>
    <member type="way" ref="1064367045" role=""/>
    <member type="way" ref="264916414" role=""/>
    <member type="way" ref="1064367044" role=""/>
    <member type="way" ref="1064367043" role=""/>
    <member type="way" ref="1064367042" role=""/>
    <member type="way" ref="1064367041" role=""/>
    <member type="way" ref="1072693175" role=""/>
    <member type="way" ref="1064367040" role=""/>
    <member type="way" ref="1064367039" role=""/>
    <member type="way" ref="1067663299" role=""/>
    <member type="way" ref="1064367038" role=""/>
    <member type="way" ref="1064367037" role=""/>
    <member type="way" ref="622551251" role=""/>
    <member type="way" ref="1156305269" role=""/>
    <member type="way" ref="670850128" role=""/>
    <member type="way" ref="4369629" role=""/>
    <member type="way" ref="622551253" role=""/>
    <member type="way" ref="1156304901" role=""/>
    <member type="way" ref="1095473750" role=""/>
    <member type="way" ref="2622674" role=""/>
    <member type="way" ref="663373637" role=""/>
    <member type="way" ref="210328044" role=""/>
    <member type="way" ref="210328033" role=""/>
    <member type="way" ref="94193354" role=""/>
    <member type="way" ref="185502274" role=""/>
    <member type="way" ref="401308659" role=""/>
    <member type="way" ref="1064367031" role=""/>
    <member type="way" ref="94193337" role=""/>
    <member type="way" ref="43585224" role=""/>
    <member type="way" ref="43585225" role=""/>
    <member type="way" ref="1182143434" role=""/>
    <member type="way" ref="47009069" role=""/>
    <member type="way" ref="667932992" role=""/>
    <member type="way" ref="1182143433" role=""/>
    <member type="way" ref="1182143432" role=""/>
    <member type="way" ref="1182143431" role=""/>
    <member type="way" ref="667932995" role=""/>
    <member type="way" ref="1169696422" role=""/>
    <member type="way" ref="47009149" role=""/>
    <member type="way" ref="1128368793" role=""/>
    <member type="way" ref="2624008" role=""/>
    <member type="way" ref="1219872314" role=""/>
    <member type="way" ref="1128368792" role=""/>
    <member type="way" ref="1064367030" role=""/>
    <member type="way" ref="1128352691" role=""/>
    <member type="way" ref="210321007" role=""/>
    <member type="way" ref="1211276411" role=""/>
    <member type="way" ref="210322343" role=""/>
    <member type="way" ref="239268119" role=""/>
    <member type="way" ref="1128352683" role=""/>
    <member type="way" ref="1211276412" role=""/>
    <member type="way" ref="239268116" role=""/>
    <member type="way" ref="1128352684" role=""/>
    <member type="way" ref="1128352685" role=""/>
    <member type="way" ref="1128352686" role=""/>
    <member type="way" ref="1128352687" role=""/>
    <member type="way" ref="1128352688" role=""/>
    <member type="way" ref="1128352694" role=""/>
    <member type="way" ref="1182853554" role=""/>
    <member type="way" ref="1128352695" role=""/>
    <member type="way" ref="1128352696" role=""/>
    <member type="way" ref="1128352697" role=""/>
    <member type="way" ref="239268118" role=""/>
    <member type="way" ref="259918585" role=""/>
    <member type="way" ref="1128352698" role=""/>
    <member type="way" ref="1128352699" role=""/>
    <member type="way" ref="1130517552" role=""/>
    <member type="way" ref="1128352701" role=""/>
    <member type="way" ref="2624007" role=""/>
    <member type="way" ref="1128116458" role=""/>
    <member type="way" ref="1128352702" role=""/>
    <member type="way" ref="239268117" role=""/>
    <member type="way" ref="1205357956" role=""/>
    <member type="way" ref="1128352706" role=""/>
    <member type="way" ref="828620490" role=""/>
    <member type="way" ref="61904424" role=""/>
    <member type="way" ref="1215192400" role=""/>
    <member type="way" ref="1064384199" role=""/>
    <member type="way" ref="828620488" role=""/>
    <member type="way" ref="1128116457" role=""/>
    <member type="way" ref="1128116456" role=""/>
    <member type="way" ref="1130517553" role=""/>
    <member type="way" ref="723904028" role=""/>
    <member type="way" ref="1064384198" role=""/>
    <member type="way" ref="1130517556" role=""/>
    <member type="way" ref="1130517555" role=""/>
    <member type="way" ref="1229195336" role=""/>
    <member type="way" ref="1128361267" role=""/>
    <member type="way" ref="1128361268" role=""/>
    <member type="way" ref="1130517558" role=""/>
    <member type="way" ref="246017141" role=""/>
    <member type="way" ref="1130517562" role=""/>
    <member type="way" ref="1130517560" role=""/>
    <member type="way" ref="1130517561" role=""/>
    <member type="way" ref="1128360287" role=""/>
    <member type="way" ref="1262141759" role=""/>
    <member type="way" ref="39188797" role=""/>
    <member type="way" ref="1128360288" role=""/>
    <member type="way" ref="1064384196" role=""/>
    <member type="way" ref="1226726182" role=""/>
    <member type="way" ref="39188793" role=""/>
    <member type="way" ref="1130517566" role=""/>
    <member type="way" ref="1130517567" role=""/>
    <member type="way" ref="1127405489" role=""/>
    <member type="way" ref="1130517568" role=""/>
    <member type="way" ref="224181528" role=""/>
    <member type="way" ref="663246995" role=""/>
    <member type="way" ref="253359887" role=""/>
    <member type="way" ref="224181525" role=""/>
    <member type="way" ref="224180983" role=""/>
    <member type="way" ref="224180988" role=""/>
    <member type="way" ref="224181625" role=""/>
    <member type="way" ref="1064384186" role=""/>
    <member type="way" ref="1064384187" role=""/>
    <member type="way" ref="224180985" role=""/>
    <member type="way" ref="224181623" role=""/>
    <member type="way" ref="224181624" role=""/>
    <member type="way" ref="224182172" role=""/>
    <member type="way" ref="49707461" role=""/>
    <member type="way" ref="82566810" role=""/>
    <member type="way" ref="224182170" role=""/>
    <member type="way" ref="1069301612" role=""/>
    <member type="way" ref="2624003" role=""/>
    <member type="way" ref="1064895264" role=""/>
    <member type="way" ref="1064895263" role=""/>
    <member type="way" ref="224184412" role=""/>
    <member type="way" ref="49706311" role=""/>
    <member type="way" ref="224184406" role=""/>
    <member type="way" ref="224184403" role=""/>
    <member type="way" ref="224184409" role=""/>
    <member type="way" ref="253356188" role=""/>
    <member type="way" ref="253356189" role=""/>
    <member type="way" ref="331073466" role=""/>
    <member type="way" ref="758888959" role=""/>
    <member type="way" ref="47048977" role=""/>
    <member type="way" ref="758888958" role=""/>
    <member type="way" ref="48379511" role=""/>
    <member type="way" ref="140635085" role=""/>
    <member type="way" ref="48379510" role=""/>
    <member type="way" ref="253360359" role=""/>
    <member type="way" ref="51954143" role=""/>
    <member type="way" ref="47048979" role=""/>
    <member type="way" ref="1069301602" role=""/>
    <member type="way" ref="1069301601" role=""/>
    <member type="way" ref="253360360" role=""/>
    <member type="way" ref="4367360" role=""/>
    <member type="way" ref="586649845" role=""/>
    <member type="way" ref="211950233" role=""/>
    <member type="way" ref="1074324493" role=""/>
    <member type="way" ref="586151544" role=""/>
    <member type="way" ref="1074324494" role=""/>
    <member type="way" ref="41383226" role=""/>
    <member type="way" ref="237414591" role=""/>
    <member type="way" ref="4680883" role=""/>
    <member type="way" ref="396325643" role=""/>
    <member type="way" ref="396325642" role=""/>
    <member type="way" ref="211956502" role=""/>
    <member type="way" ref="8591250" role=""/>
    <member type="way" ref="4680851" role=""/>
    <member type="way" ref="26781036" role=""/>
    <member type="way" ref="1221761910" role=""/>
    <member type="way" ref="1305477373" role=""/>
    <member type="way" ref="823011291" role=""/>
    <member type="way" ref="107190663" role=""/>
    <member type="way" ref="694352948" role=""/>
    <member type="way" ref="1305477374" role=""/>
    <member type="way" ref="1274293169" role=""/>
    <member type="way" ref="139291982" role=""/>
    <member type="way" ref="1232168831" role=""/>
    <member type="way" ref="816032227" role=""/>
    <member type="way" ref="122056180" role=""/>
    <member type="way" ref="224187706" role=""/>
    <member type="way" ref="1220850245" role=""/>
    <member type="way" ref="122056182" role=""/>
    <member type="way" ref="1065258314" role=""/>
    <member type="way" ref="224187822" role=""/>
    <member type="way" ref="542829556" role=""/>
    <member type="way" ref="842037663" role=""/>
    <member type="way" ref="823014694" role=""/>
    <member type="way" ref="542829550" role=""/>
    <member type="way" ref="18309856" role=""/>
    <member type="way" ref="823014695" role=""/>
    <member type="way" ref="224187819" role=""/>
    <member type="way" ref="823014693" role=""/>
    <member type="way" ref="823014696" role=""/>
    <member type="way" ref="224187818" role=""/>
    <member type="way" ref="1065258313" role=""/>
    <member type="way" ref="800368765" role=""/>
    <member type="way" ref="800368764" role=""/>
    <member type="way" ref="823014690" role=""/>
    <member type="way" ref="1220936827" role=""/>
    <member type="way" ref="823014691" role=""/>
    <member type="way" ref="823014697" role=""/>
    <member type="way" ref="841063098" role=""/>
    <member type="way" ref="817022210" role=""/>
    <member type="way" ref="817022211" role=""/>
    <member type="way" ref="207529550" role=""/>
    <member type="way" ref="1220936828" role=""/>
    <member type="way" ref="1272580385" role=""/>
    <member type="way" ref="842037662" role=""/>
    <member type="way" ref="1272580384" role=""/>
    <member type="way" ref="1220936829" role=""/>
    <member type="way" ref="817019468" role=""/>
    <member type="way" ref="207529549" role=""/>
    <member type="way" ref="1220936830" role=""/>
    <member type="way" ref="817019467" role=""/>
    <member type="way" ref="1220936831" role=""/>
    <member type="way" ref="817019469" role=""/>
    <member type="way" ref="116974799" role=""/>
    <member type="way" ref="1220936832" role=""/>
    <member type="way" ref="840009278" role=""/>
    <member type="way" ref="817019466" role=""/>
    <member type="way" ref="817019465" role=""/>
    <member type="way" ref="817019464" role=""/>
    <member type="way" ref="605078472" role=""/>
    <member type="way" ref="817019470" role=""/>
    <member type="way" ref="279154275" role=""/>
    <member type="way" ref="527125967" role=""/>
    <member type="way" ref="279154279" role=""/>
    <member type="way" ref="279154281" role=""/>
    <member type="way" ref="279154278" role=""/>
    <member type="way" ref="685100528" role=""/>
    <member type="way" ref="279154280" role=""/>
    <member type="way" ref="674756318" role=""/>
    <member type="way" ref="685020271" role=""/>
    <member type="way" ref="589640599" role=""/>
    <member type="way" ref="41588174" role=""/>
    <member type="way" ref="303559648" role=""/>
    <member type="way" ref="685020269" role=""/>
    <member type="way" ref="674756319" role=""/>
    <member type="way" ref="996665162" role=""/>
    <member type="way" ref="17929789" role=""/>
    <member type="way" ref="996665163" role=""/>
    <member type="way" ref="913020667" role=""/>
    <member type="way" ref="587317657" role=""/>
    <member type="way" ref="996664292" role=""/>
    <member type="way" ref="996664293" role=""/>
    <member type="way" ref="678745736" role=""/>
    <member type="way" ref="381411919" role=""/>
    <member type="way" ref="303559647" role=""/>
    <member type="way" ref="674795487" role=""/>
    <member type="way" ref="1067635355" role=""/>
    <member type="way" ref="48465026" role=""/>
    <member type="way" ref="48465025" role=""/>
    <member type="way" ref="1271099762" role=""/>
    <member type="way" ref="299682133" role=""/>
    <member type="way" ref="912201551" role=""/>
    <member type="way" ref="264965257" role=""/>
    <member type="way" ref="264965256" role=""/>
    <member type="way" ref="667745342" role=""/>
    <member type="way" ref="1067635356" role=""/>
    <member type="way" ref="299682132" role=""/>
    <member type="way" ref="685020270" role=""/>
    <member type="way" ref="564099715" role=""/>
    <member type="way" ref="101982008" role=""/>
    <member type="way" ref="1065177553" role=""/>
    <member type="way" ref="31039" role=""/>
    <member type="way" ref="1049590080" role=""/>
    <member type="way" ref="315631030" role=""/>
    <member type="way" ref="293637093" role=""/>
    <member type="way" ref="233075058" role=""/>
    <member type="way" ref="116615382" role=""/>
    <member type="way" ref="1049590470" role=""/>
    <member type="way" ref="242166996" role=""/>
    <member type="way" ref="1049590471" role=""/>
    <member type="way" ref="628429131" role=""/>
    <member type="way" ref="628429129" role=""/>
    <member type="way" ref="271816293" role=""/>
    <member type="way" ref="5003469" role=""/>
    <member type="way" ref="585785135" role=""/>
    <member type="way" ref="4382814" role=""/>
    <member type="way" ref="4382813" role=""/>
    <member type="way" ref="4082596" role=""/>
    <member type="way" ref="49798450" role=""/>
    <member type="way" ref="49798167" role=""/>
    <member type="way" ref="647037416" role=""/>
    <member type="way" ref="647037415" role=""/>
    <member type="way" ref="647037414" role=""/>
    <member type="way" ref="267213248" role=""/>
    <member type="way" ref="267213404" role=""/>
    <tag k="from" v="Waltham Cross Bus Station"/>
    <tag k="name" v="London Buses route N279 → Trafalgar Square"/>
    <tag k="network" v="London Buses"/>
    <tag k="network:wikidata" v="Q1192411"/>
    <tag k="network:wikipedia" v="en:London Buses"/>
    <tag k="operator" v="Arriva London"/>
    <tag k="public_transport:version" v="2"/>
    <tag k="ref" v="N279"/>
    <tag k="route" v="bus"/>
    <tag k="to" v="Trafalgar Square / Charing Cross Station"/>
    <tag k="type" v="route"/>
  </relation>
  <relation id="8211794" version="216" timestamp="2024-08-04T15:03:06Z" changeset="154816597" uid="953779" user="Adam Edwards">
    <member type="node" ref="3810553690" role="stop_entry_only"/>
    <member type="node" ref="5364578860" role="stop"/>
    <member type="node" ref="5364578865" role="stop"/>
    <member type="node" ref="5364578866" role="stop"/>
    <member type="node" ref="5434424322" role="stop"/>
    <member type="node" ref="469760233" role="platform"/>
    <member type="node" ref="5440856682" role="stop"/>
    <member type="node" ref="4543005956" role="stop"/>
    <member type="node" ref="4543005964" role="stop"/>
    <member type="node" ref="469776972" role="platform"/>
    <member type="node" ref="469760433" role="platform"/>
    <member type="node" ref="469765190" role="platform"/>
    <member type="node" ref="5678978839" role="stop"/>
    <member type="node" ref="469760044" role="platform"/>
    <member type="node" ref="469761215" role="platform"/>
    <member type="node" ref="469780554" role="platform"/>
    <member type="node" ref="469779364" role="platform"/>
    <member type="node" ref="469779698" role="platform"/>
    <member type="node" ref="469765191" role="platform"/>
    <member type="node" ref="469764280" role="platform"/>
    <member type="node" ref="469786542" role="platform"/>
    <member type="node" ref="469771259" role="platform"/>
    <member type="node" ref="469765633" role="platform"/>
    <member type="node" ref="469771476" role="platform"/>
    <member type="node" ref="4665582609" role="stop"/>
    <member type="node" ref="4665582608" role="stop"/>
    <member type="node" ref="2204070118" role="stop"/>
    <member type="node" ref="4665582604" role="stop"/>
    <member type="node" ref="4796120083" role="stop"/>
    <member type="node" ref="4037464685" role="stop"/>
    <member type="node" ref="4037464683" role="stop"/>
    <member type="node" ref="469761453" role="platform"/>
    <member type="node" ref="469786461" role="platform"/>
    <member type="node" ref="469762694" role="platform"/>
    <member type="node" ref="469785871" role="platform"/>
    <member type="node" ref="469772009" role="platform"/>
    <member type="node" ref="469782020" role="platform"/>
    <member type="node" ref="469787566" role="platform"/>
    <member type="node" ref="469765556" role="platform"/>
    <member type="node" ref="469760597" role="platform"/>
    <member type="node" ref="469786579" role="platform"/>
    <member type="node" ref="61877474" role="stop"/>
    <member type="node" ref="469785463" role="platform"/>
    <member type="node" ref="4927234791" role="platform"/>
    <member type="node" ref="469773343" role="platform"/>
    <member type="node" ref="469785465" role="platform"/>
    <member type="node" ref="469785460" role="platform"/>
    <member type="node" ref="3906877109" role="stop"/>
    <member type="node" ref="469764262" role="platform"/>
    <member type="node" ref="469767503" role="platform"/>
    <member type="node" ref="469767835" role="platform"/>
    <member type="node" ref="469777841" role="platform"/>
    <member type="node" ref="5344095721" role="platform"/>
    <member type="node" ref="469780100" role="platform"/>
    <member type="node" ref="469768284" role="platform"/>
    <member type="node" ref="469768278" role="platform"/>
    <member type="node" ref="469775226" role="platform"/>
    <member type="node" ref="469775232" role="platform"/>
    <member type="node" ref="469763713" role="platform"/>
    <member type="node" ref="469768166" role="platform"/>
    <member type="node" ref="469772122" role="platform"/>
    <member type="node" ref="469782079" role="platform"/>
    <member type="node" ref="469766847" role="platform"/>
    <member type="node" ref="469770334" role="platform"/>
    <member type="node" ref="469781897" role="platform"/>
    <member type="node" ref="469778113" role="platform"/>
    <member type="node" ref="469789197" role="platform"/>
    <member type="node" ref="469789196" role="platform"/>
    <member type="node" ref="469768631" role="platform"/>
    <member type="node" ref="469784217" role="platform"/>
    <member type="node" ref="469764357" role="platform"/>
    <member type="node" ref="469766284" role="platform"/>
    <member type="node" ref="469780827" role="platform"/>
    <member type="node" ref="469767653" role="platform"/>
    <member type="node" ref="3418282843" role="platform"/>
    <member type="node" ref="5341082873" role="stop"/>
    <member type="node" ref="5341082874" role="stop"/>
    <member type="node" ref="5341082876" role="stop"/>
    <member type="node" ref="5341082878" role="stop"/>
    <member type="node" ref="469762810" role="platform"/>
    <member type="node" ref="4956637576" role="stop_exit_only"/>
    <member type="way" ref="480094742" role=""/>
    <member type="way" ref="267213537" role=""/>
    <member type="way" ref="267213403" role=""/>
    <member type="way" ref="647037414" role=""/>
    <member type="way" ref="647037415" role=""/>
    <member type="way" ref="647037416" role=""/>
    <member type="way" ref="49798167" role=""/>
    <member type="way" ref="49798450" role=""/>
    <member type="way" ref="4082596" role=""/>
    <member type="way" ref="4382813" role=""/>
    <member type="way" ref="4382814" role=""/>
    <member type="way" ref="585785135" role=""/>
    <member type="way" ref="5003469" role=""/>
    <member type="way" ref="271816293" role=""/>
    <member type="way" ref="264966078" role=""/>
    <member type="way" ref="628429131" role=""/>
    <member type="way" ref="1049590471" role=""/>
    <member type="way" ref="242166996" role=""/>
    <member type="way" ref="1049590470" role=""/>
    <member type="way" ref="116615382" role=""/>
    <member type="way" ref="233075058" role=""/>
    <member type="way" ref="293637093" role=""/>
    <member type="way" ref="315631030" role=""/>
    <member type="way" ref="1049590080" role=""/>
    <member type="way" ref="31039" role=""/>
    <member type="way" ref="1065177553" role=""/>
    <member type="way" ref="101982008" role=""/>
    <member type="way" ref="564099715" role=""/>
    <member type="way" ref="685020270" role=""/>
    <member type="way" ref="299682132" role=""/>
    <member type="way" ref="1067635356" role=""/>
    <member type="way" ref="667745342" role=""/>
    <member type="way" ref="264965256" role=""/>
    <member type="way" ref="264965257" role=""/>
    <member type="way" ref="912201551" role=""/>
    <member type="way" ref="299682133" role=""/>
    <member type="way" ref="1271099762" role=""/>
    <member type="way" ref="48465025" role=""/>
    <member type="way" ref="48465026" role=""/>
    <member type="way" ref="1067635355" role=""/>
    <member type="way" ref="674795487" role=""/>
    <member type="way" ref="303559647" role=""/>
    <member type="way" ref="381411919" role=""/>
    <member type="way" ref="678745736" role=""/>
    <member type="way" ref="996664293" role=""/>
    <member type="way" ref="996664292" role=""/>
    <member type="way" ref="587317657" role=""/>
    <member type="way" ref="913020667" role=""/>
    <member type="way" ref="996665163" role=""/>
    <member type="way" ref="17929789" role=""/>
    <member type="way" ref="996665162" role=""/>
    <member type="way" ref="674756319" role=""/>
    <member type="way" ref="685020269" role=""/>
    <member type="way" ref="303559648" role=""/>
    <member type="way" ref="41588174" role=""/>
    <member type="way" ref="589640599" role=""/>
    <member type="way" ref="685020271" role=""/>
    <member type="way" ref="674756318" role=""/>
    <member type="way" ref="279154280" role=""/>
    <member type="way" ref="1264391400" role=""/>
    <member type="way" ref="1264391401" role=""/>
    <member type="way" ref="1264391402" role=""/>
    <member type="way" ref="1264391403" role=""/>
    <member type="way" ref="1264391404" role=""/>
    <member type="way" ref="184817705" role=""/>
    <member type="way" ref="279154283" role=""/>
    <member type="way" ref="817019464" role=""/>
    <member type="way" ref="817019465" role=""/>
    <member type="way" ref="817019466" role=""/>
    <member type="way" ref="840009278" role=""/>
    <member type="way" ref="1220936832" role=""/>
    <member type="way" ref="116974799" role=""/>
    <member type="way" ref="817019469" role=""/>
    <member type="way" ref="1220936831" role=""/>
    <member type="way" ref="817019467" role=""/>
    <member type="way" ref="1220936830" role=""/>
    <member type="way" ref="207529549" role=""/>
    <member type="way" ref="817019468" role=""/>
    <member type="way" ref="1220936829" role=""/>
    <member type="way" ref="1272580384" role=""/>
    <member type="way" ref="842037662" role=""/>
    <member type="way" ref="1272580385" role=""/>
    <member type="way" ref="1220936828" role=""/>
    <member type="way" ref="207529550" role=""/>
    <member type="way" ref="817022211" role=""/>
    <member type="way" ref="817022210" role=""/>
    <member type="way" ref="841063098" role=""/>
    <member type="way" ref="823014697" role=""/>
    <member type="way" ref="823014691" role=""/>
    <member type="way" ref="1220936827" role=""/>
    <member type="way" ref="823014690" role=""/>
    <member type="way" ref="800368764" role=""/>
    <member type="way" ref="800368765" role=""/>
    <member type="way" ref="1065258313" role=""/>
    <member type="way" ref="224187818" role=""/>
    <member type="way" ref="823014696" role=""/>
    <member type="way" ref="823014693" role=""/>
    <member type="way" ref="224187819" role=""/>
    <member type="way" ref="823014695" role=""/>
    <member type="way" ref="18309856" role=""/>
    <member type="way" ref="542829550" role=""/>
    <member type="way" ref="9195648" role=""/>
    <member type="way" ref="823014692" role=""/>
    <member type="way" ref="224187822" role=""/>
    <member type="way" ref="1065258314" role=""/>
    <member type="way" ref="122056182" role=""/>
    <member type="way" ref="542829553" role=""/>
    <member type="way" ref="842036425" role=""/>
    <member type="way" ref="9195645" role=""/>
    <member type="way" ref="224187909" role=""/>
    <member type="way" ref="224188123" role=""/>
    <member type="way" ref="1238214140" role=""/>
    <member type="way" ref="842037664" role=""/>
    <member type="way" ref="224188581" role=""/>
    <member type="way" ref="1231955004" role=""/>
    <member type="way" ref="1225463816" role=""/>
    <member type="way" ref="727187706" role=""/>
    <member type="way" ref="4257245" role=""/>
    <member type="way" ref="220412585" role=""/>
    <member type="way" ref="211959862" role=""/>
    <member type="way" ref="224188584" role=""/>
    <member type="way" ref="1026246644" role=""/>
    <member type="way" ref="211956502" role=""/>
    <member type="way" ref="396325642" role=""/>
    <member type="way" ref="211956507" role=""/>
    <member type="way" ref="2372075" role=""/>
    <member type="way" ref="51960889" role=""/>
    <member type="way" ref="1067121888" role=""/>
    <member type="way" ref="168107143" role=""/>
    <member type="way" ref="226098089" role=""/>
    <member type="way" ref="930446026" role=""/>
    <member type="way" ref="38748146" role=""/>
    <member type="way" ref="253360360" role=""/>
    <member type="way" ref="1069301601" role=""/>
    <member type="way" ref="1069301602" role=""/>
    <member type="way" ref="47048979" role=""/>
    <member type="way" ref="51954143" role=""/>
    <member type="way" ref="253360359" role=""/>
    <member type="way" ref="48379510" role=""/>
    <member type="way" ref="140635085" role=""/>
    <member type="way" ref="48379511" role=""/>
    <member type="way" ref="758888958" role=""/>
    <member type="way" ref="47048977" role=""/>
    <member type="way" ref="758888959" role=""/>
    <member type="way" ref="331073466" role=""/>
    <member type="way" ref="253356189" role=""/>
    <member type="way" ref="253356188" role=""/>
    <member type="way" ref="224184409" role=""/>
    <member type="way" ref="224184403" role=""/>
    <member type="way" ref="224184406" role=""/>
    <member type="way" ref="49706311" role=""/>
    <member type="way" ref="224184412" role=""/>
    <member type="way" ref="1064895263" role=""/>
    <member type="way" ref="1064895264" role=""/>
    <member type="way" ref="2624003" role=""/>
    <member type="way" ref="1069301612" role=""/>
    <member type="way" ref="224182170" role=""/>
    <member type="way" ref="82566810" role=""/>
    <member type="way" ref="49707461" role=""/>
    <member type="way" ref="224182172" role=""/>
    <member type="way" ref="224181624" role=""/>
    <member type="way" ref="224181623" role=""/>
    <member type="way" ref="224180985" role=""/>
    <member type="way" ref="1064384187" role=""/>
    <member type="way" ref="1064384186" role=""/>
    <member type="way" ref="224181625" role=""/>
    <member type="way" ref="224180984" role=""/>
    <member type="way" ref="1097201004" role=""/>
    <member type="way" ref="224180986" role=""/>
    <member type="way" ref="1064384188" role=""/>
    <member type="way" ref="1128114464" role=""/>
    <member type="way" ref="1128114465" role=""/>
    <member type="way" ref="663246992" role=""/>
    <member type="way" ref="1064384189" role=""/>
    <member type="way" ref="1064384191" role=""/>
    <member type="way" ref="1064384190" role=""/>
    <member type="way" ref="1128114468" role=""/>
    <member type="way" ref="1128114466" role=""/>
    <member type="way" ref="38809713" role=""/>
    <member type="way" ref="1064384192" role=""/>
    <member type="way" ref="1064384193" role=""/>
    <member type="way" ref="1128354473" role=""/>
    <member type="way" ref="1127405490" role=""/>
    <member type="way" ref="1128114470" role=""/>
    <member type="way" ref="1130423852" role=""/>
    <member type="way" ref="253359701" role=""/>
    <member type="way" ref="1130423851" role=""/>
    <member type="way" ref="1128354476" role=""/>
    <member type="way" ref="1128354475" role=""/>
    <member type="way" ref="172676615" role=""/>
    <member type="way" ref="38809716" role=""/>
    <member type="way" ref="1128354479" role=""/>
    <member type="way" ref="1128354477" role=""/>
    <member type="way" ref="1128354478" role=""/>
    <member type="way" ref="1130423853" role=""/>
    <member type="way" ref="1130423854" role=""/>
    <member type="way" ref="1130423855" role=""/>
    <member type="way" ref="1130423856" role=""/>
    <member type="way" ref="1130423858" role=""/>
    <member type="way" ref="1130423859" role=""/>
    <member type="way" ref="1171800313" role=""/>
    <member type="way" ref="1130423860" role=""/>
    <member type="way" ref="1130423862" role=""/>
    <member type="way" ref="1130423861" role=""/>
    <member type="way" ref="1130423864" role=""/>
    <member type="way" ref="210324553" role=""/>
    <member type="way" ref="1130423865" role=""/>
    <member type="way" ref="1182143425" role=""/>
    <member type="way" ref="1182143426" role=""/>
    <member type="way" ref="164587410" role=""/>
    <member type="way" ref="828621640" role=""/>
    <member type="way" ref="61904423" role=""/>
    <member type="way" ref="1128359702" role=""/>
    <member type="way" ref="1182143427" role=""/>
    <member type="way" ref="1130423871" role=""/>
    <member type="way" ref="210324432" role=""/>
    <member type="way" ref="1128359701" role=""/>
    <member type="way" ref="1128359700" role=""/>
    <member type="way" ref="1200992339" role=""/>
    <member type="way" ref="1128359699" role=""/>
    <member type="way" ref="1130423873" role=""/>
    <member type="way" ref="1128359698" role=""/>
    <member type="way" ref="1130423877" role=""/>
    <member type="way" ref="1128359697" role=""/>
    <member type="way" ref="1130423879" role=""/>
    <member type="way" ref="1128359696" role=""/>
    <member type="way" ref="1130423880" role=""/>
    <member type="way" ref="246018047" role=""/>
    <member type="way" ref="1182143430" role=""/>
    <member type="way" ref="1130423882" role=""/>
    <member type="way" ref="1128359694" role=""/>
    <member type="way" ref="1128359695" role=""/>
    <member type="way" ref="1128359688" role=""/>
    <member type="way" ref="1128359693" role=""/>
    <member type="way" ref="689252818" role=""/>
    <member type="way" ref="1128359692" role=""/>
    <member type="way" ref="1128359691" role=""/>
    <member type="way" ref="1205659429" role=""/>
    <member type="way" ref="1128365321" role=""/>
    <member type="way" ref="1190856658" role=""/>
    <member type="way" ref="1128365325" role=""/>
    <member type="way" ref="1128365326" role=""/>
    <member type="way" ref="210321014" role=""/>
    <member type="way" ref="1206688198" role=""/>
    <member type="way" ref="210321013" role=""/>
    <member type="way" ref="2431024" role=""/>
    <member type="way" ref="47009149" role=""/>
    <member type="way" ref="1169696422" role=""/>
    <member type="way" ref="667932995" role=""/>
    <member type="way" ref="1182143431" role=""/>
    <member type="way" ref="1182143432" role=""/>
    <member type="way" ref="1182143433" role=""/>
    <member type="way" ref="667932992" role=""/>
    <member type="way" ref="47009069" role=""/>
    <member type="way" ref="1182143434" role=""/>
    <member type="way" ref="43585225" role=""/>
    <member type="way" ref="43585224" role=""/>
    <member type="way" ref="94193337" role=""/>
    <member type="way" ref="1064367031" role=""/>
    <member type="way" ref="401308659" role=""/>
    <member type="way" ref="185502274" role=""/>
    <member type="way" ref="94193354" role=""/>
    <member type="way" ref="4323971" role=""/>
    <member type="way" ref="210328121" role=""/>
    <member type="way" ref="195354649" role=""/>
    <member type="way" ref="210328034" role=""/>
    <member type="way" ref="210328036" role=""/>
    <member type="way" ref="663373638" role=""/>
    <member type="way" ref="1064367034" role=""/>
    <member type="way" ref="1064367032" role=""/>
    <member type="way" ref="1064367033" role=""/>
    <member type="way" ref="210328045" role=""/>
    <member type="way" ref="1064367035" role=""/>
    <member type="way" ref="195354653" role=""/>
    <member type="way" ref="1156304145" role=""/>
    <member type="way" ref="206479741" role=""/>
    <member type="way" ref="4369629" role=""/>
    <member type="way" ref="670850128" role=""/>
    <member type="way" ref="1156305269" role=""/>
    <member type="way" ref="622551251" role=""/>
    <member type="way" ref="1064367037" role=""/>
    <member type="way" ref="1064367038" role=""/>
    <member type="way" ref="1067663299" role=""/>
    <member type="way" ref="1064367039" role=""/>
    <member type="way" ref="1064367040" role=""/>
    <member type="way" ref="1072693175" role=""/>
    <member type="way" ref="1064367041" role=""/>
    <member type="way" ref="1064367042" role=""/>
    <member type="way" ref="1064367043" role=""/>
    <member type="way" ref="1064367044" role=""/>
    <member type="way" ref="264916414" role=""/>
    <member type="way" ref="1064367045" role=""/>
    <member type="way" ref="1072693176" role=""/>
    <member type="way" ref="264916413" role=""/>
    <member type="way" ref="1064367046" role=""/>
    <member type="way" ref="1064367047" role=""/>
    <member type="way" ref="1064367049" role=""/>
    <member type="way" ref="1064367048" role=""/>
    <member type="way" ref="371895211" role=""/>
    <member type="way" ref="371895212" role=""/>
    <member type="way" ref="1087366970" role=""/>
    <member type="way" ref="935649501" role=""/>
    <member type="way" ref="689043532" role=""/>
    <member type="way" ref="1084140036" role=""/>
    <member type="way" ref="64080332" role=""/>
    <member type="way" ref="1095471117" role=""/>
    <member type="way" ref="1073936516" role=""/>
    <member type="way" ref="64080328" role=""/>
    <member type="way" ref="38166453" role=""/>
    <member type="way" ref="689045637" role=""/>
    <member type="way" ref="689045633" role=""/>
    <member type="way" ref="295939290" role=""/>
    <member type="way" ref="586103901" role=""/>
    <member type="way" ref="586103894" role=""/>
    <member type="way" ref="586103904" role=""/>
    <member type="way" ref="586103895" role=""/>
    <member type="way" ref="1160956881" role=""/>
    <member type="way" ref="1160956882" role=""/>
    <member type="way" ref="1160956883" role=""/>
    <member type="way" ref="41891794" role=""/>
    <member type="way" ref="228057751" role=""/>
    <member type="way" ref="1071922397" role=""/>
    <member type="way" ref="1053785111" role=""/>
    <member type="way" ref="1053785122" role=""/>
    <member type="way" ref="1053785113" role=""/>
    <member type="way" ref="41911482" role=""/>
    <member type="way" ref="1263728078" role=""/>
    <member type="way" ref="1053785119" role=""/>
    <member type="way" ref="1053785120" role=""/>
    <member type="way" ref="815786061" role=""/>
    <member type="way" ref="1263728079" role=""/>
    <member type="way" ref="815786059" role=""/>
    <member type="way" ref="815786058" role=""/>
    <member type="way" ref="815786062" role=""/>
    <member type="way" ref="261792110" role=""/>
    <member type="way" ref="261792111" role=""/>
    <member type="way" ref="815786054" role=""/>
    <member type="way" ref="815786055" role=""/>
    <member type="way" ref="815786057" role=""/>
    <member type="way" ref="41911484" role=""/>
    <member type="way" ref="230255604" role=""/>
    <member type="way" ref="1071922398" role=""/>
    <member type="way" ref="1072612955" role=""/>
    <member type="way" ref="1071922399" role=""/>
    <member type="way" ref="1160960571" role=""/>
    <member type="way" ref="1071922400" role=""/>
    <member type="way" ref="684547496" role=""/>
    <member type="way" ref="1071922401" role=""/>
    <member type="way" ref="1072612956" role=""/>
    <member type="way" ref="1071922402" role=""/>
    <member type="way" ref="1071922403" role=""/>
    <member type="way" ref="1071922404" role=""/>
    <member type="way" ref="40759038" role=""/>
    <member type="way" ref="1072612957" role=""/>
    <member type="way" ref="1071922405" role=""/>
    <member type="way" ref="1072612958" role=""/>
    <member type="way" ref="40759040" role=""/>
    <member type="way" ref="8120818" role=""/>
    <member type="way" ref="1072612959" role=""/>
    <member type="way" ref="1072612960" role=""/>
    <member type="way" ref="1137298978" role=""/>
    <member type="way" ref="1137298979" role=""/>
    <member type="way" ref="51180728" role=""/>
    <member type="way" ref="753031930" role=""/>
    <member type="way" ref="753031931" role=""/>
    <member type="way" ref="1071903061" role=""/>
    <member type="way" ref="1071903062" role=""/>
    <member type="way" ref="1255917906" role=""/>
    <member type="way" ref="1071903063" role=""/>
    <member type="way" ref="772735079" role=""/>
    <member type="way" ref="772735078" role=""/>
    <member type="way" ref="772735085" role=""/>
    <member type="way" ref="772735081" role=""/>
    <member type="way" ref="926271758" role=""/>
    <member type="way" ref="657763717" role=""/>
    <member type="way" ref="756380248" role=""/>
    <member type="way" ref="926278826" role=""/>
    <member type="way" ref="926278827" role=""/>
    <member type="way" ref="700982262" role=""/>
    <member type="way" ref="700982258" role=""/>
    <member type="way" ref="1071903068" role=""/>
    <member type="way" ref="8120826" role=""/>
    <member type="way" ref="8120821" role=""/>
    <member type="way" ref="926278829" role=""/>
    <member type="way" ref="700982266" role=""/>
    <member type="way" ref="727940511" role=""/>
    <member type="way" ref="727934883" role=""/>
    <member type="way" ref="818603007" role=""/>
    <member type="way" ref="1071903069" role=""/>
    <member type="way" ref="818603003" role=""/>
    <member type="way" ref="818603002" role=""/>
    <member type="way" ref="8129676" role=""/>
    <member type="way" ref="926410109" role=""/>
    <member type="way" ref="818603001" role=""/>
    <member type="way" ref="700982261" role=""/>
    <member type="way" ref="727934882" role=""/>
    <member type="way" ref="653428299" role=""/>
    <member type="way" ref="700982263" role=""/>
    <member type="way" ref="818603006" role=""/>
    <member type="way" ref="727961197" role=""/>
    <member type="way" ref="3869020" role=""/>
    <member type="way" ref="4292241" role=""/>
    <member type="way" ref="657763713" role=""/>
    <member type="way" ref="4292236" role=""/>
    <member type="way" ref="237844321" role=""/>
    <member type="way" ref="237844323" role=""/>
    <member type="way" ref="237844322" role=""/>
    <member type="way" ref="226588862" role=""/>
    <member type="way" ref="98490375" role=""/>
    <member type="way" ref="727958157" role=""/>
    <member type="way" ref="243788192" role=""/>
    <member type="way" ref="376542037" role=""/>
    <member type="way" ref="596475710" role=""/>
    <member type="way" ref="226588860" role=""/>
    <member type="way" ref="98490215" role=""/>
    <member type="way" ref="97761741" role=""/>
    <member type="way" ref="657765852" role=""/>
    <member type="way" ref="727929693" role=""/>
    <member type="way" ref="818599346" role=""/>
    <member type="way" ref="818599342" role=""/>
    <member type="way" ref="50731860" role=""/>
    <member type="way" ref="818599344" role=""/>
    <member type="way" ref="727929695" role=""/>
    <member type="way" ref="818599341" role=""/>
    <member type="way" ref="727929669" role=""/>
    <member type="way" ref="799513365" role=""/>
    <member type="way" ref="1169705431" role=""/>
    <member type="way" ref="799513367" role=""/>
    <member type="way" ref="799513368" role=""/>
    <member type="way" ref="197753021" role=""/>
    <member type="way" ref="727929679" role=""/>
    <member type="way" ref="818599343" role=""/>
    <member type="way" ref="727929674" role=""/>
    <member type="way" ref="799533752" role=""/>
    <member type="way" ref="659216360" role=""/>
    <member type="way" ref="659216342" role=""/>
    <member type="way" ref="659216355" role=""/>
    <member type="way" ref="818594440" role=""/>
    <member type="way" ref="818594427" role=""/>
    <member type="way" ref="818594441" role=""/>
    <member type="way" ref="659216363" role=""/>
    <member type="way" ref="818594439" role=""/>
    <member type="way" ref="727929677" role=""/>
    <member type="way" ref="727929682" role=""/>
    <member type="way" ref="727929675" role=""/>
    <member type="way" ref="727929696" role=""/>
    <member type="way" ref="727929684" role=""/>
    <member type="way" ref="727929667" role=""/>
    <member type="way" ref="818594422" role=""/>
    <member type="way" ref="727929691" role=""/>
    <member type="way" ref="727929662" role=""/>
    <member type="way" ref="818594429" role=""/>
    <member type="way" ref="727929694" role=""/>
    <member type="way" ref="659216366" role=""/>
    <member type="way" ref="818594424" role=""/>
    <member type="way" ref="659216337" role=""/>
    <member type="way" ref="659216399" role=""/>
    <member type="way" ref="659216378" role=""/>
    <member type="way" ref="659216393" role=""/>
    <member type="way" ref="818594435" role=""/>
    <member type="way" ref="799533768" role=""/>
    <member type="way" ref="799533760" role=""/>
    <member type="way" ref="799533755" role=""/>
    <member type="way" ref="799533765" role=""/>
    <member type="way" ref="659216389" role=""/>
    <member type="way" ref="659216372" role=""/>
    <member type="way" ref="659216369" role=""/>
    <member type="way" ref="659216386" role=""/>
    <member type="way" ref="659217858" role=""/>
    <member type="way" ref="818594438" role=""/>
    <member type="way" ref="818594421" role=""/>
    <member type="way" ref="799533759" role=""/>
    <member type="way" ref="772290148" role=""/>
    <member type="way" ref="243787861" role=""/>
    <member type="way" ref="799533764" role=""/>
    <member type="way" ref="197643749" role=""/>
    <member type="way" ref="659300863" role=""/>
    <member type="way" ref="659300860" role=""/>
    <member type="way" ref="818594432" role=""/>
    <member type="way" ref="818594433" role=""/>
    <member type="way" ref="658972268" role=""/>
    <member type="way" ref="238793577" role=""/>
    <member type="way" ref="658972189" role=""/>
    <member type="way" ref="658970949" role=""/>
    <member type="way" ref="658970972" role=""/>
    <member type="way" ref="818594431" role=""/>
    <member type="way" ref="818594430" role=""/>
    <member type="way" ref="658970926" role=""/>
    <member type="way" ref="658970978" role=""/>
    <member type="way" ref="818594426" role=""/>
    <member type="way" ref="818594434" role=""/>
    <member type="way" ref="668567144" role=""/>
    <member type="way" ref="818594436" role=""/>
    <member type="way" ref="818594425" role=""/>
    <member type="way" ref="708340371" role=""/>
    <member type="way" ref="573230685" role=""/>
    <member type="way" ref="668567150" role=""/>
    <member type="way" ref="668567120" role=""/>
    <member type="way" ref="1112807874" role=""/>
    <member type="way" ref="668567099" role=""/>
    <member type="way" ref="727941727" role=""/>
    <member type="way" ref="727941729" role=""/>
    <member type="way" ref="658979898" role=""/>
    <member type="way" ref="1071128252" role=""/>
    <member type="way" ref="1071128253" role=""/>
    <member type="way" ref="668592667" role=""/>
    <member type="way" ref="1071128271" role=""/>
    <member type="way" ref="727941726" role=""/>
    <member type="way" ref="727941728" role=""/>
    <member type="way" ref="1071128270" role=""/>
    <member type="way" ref="1154892745" role=""/>
    <member type="way" ref="772281187" role=""/>
    <member type="way" ref="1154892747" role=""/>
    <member type="way" ref="1160605930" role=""/>
    <member type="way" ref="1154892746" role=""/>
    <member type="way" ref="1071128255" role=""/>
    <member type="way" ref="1071128256" role=""/>
    <member type="way" ref="1071128268" role=""/>
    <member type="way" ref="1071128254" role=""/>
    <member type="way" ref="1071128267" role=""/>
    <member type="way" ref="800182972" role=""/>
    <member type="way" ref="772281184" role=""/>
    <member type="way" ref="766206200" role=""/>
    <member type="way" ref="313193838" role=""/>
    <member type="way" ref="313193839" role=""/>
    <member type="way" ref="313193835" role=""/>
    <member type="way" ref="766206204" role=""/>
    <member type="way" ref="691546299" role=""/>
    <member type="way" ref="1262420237" role=""/>
    <member type="way" ref="1123608393" role=""/>
    <member type="way" ref="1123608394" role=""/>
    <member type="way" ref="772285194" role=""/>
    <member type="way" ref="1123608396" role=""/>
    <member type="way" ref="1123608395" role=""/>
    <member type="way" ref="1123608397" role=""/>
    <member type="way" ref="1123608398" role=""/>
    <member type="way" ref="706656298" role=""/>
    <member type="way" ref="1123608400" role=""/>
    <member type="way" ref="1123608399" role=""/>
    <member type="way" ref="1123608401" role=""/>
    <member type="way" ref="800177206" role=""/>
    <member type="way" ref="800177205" role=""/>
    <member type="way" ref="772285188" role=""/>
    <member type="way" ref="1123608402" role=""/>
    <member type="way" ref="238792726" role=""/>
    <member type="way" ref="1123608403" role=""/>
    <member type="way" ref="1123608404" role=""/>
    <member type="way" ref="1123608405" role=""/>
    <member type="way" ref="772285190" role=""/>
    <member type="way" ref="1123608407" role=""/>
    <member type="way" ref="1123608406" role=""/>
    <member type="way" ref="1123608409" role=""/>
    <member type="way" ref="1123608408" role=""/>
    <member type="way" ref="772285196" role=""/>
    <member type="way" ref="772285202" role=""/>
    <member type="way" ref="1123608411" role=""/>
    <member type="way" ref="1123608412" role=""/>
    <member type="way" ref="1123608413" role=""/>
    <member type="way" ref="1123608414" role=""/>
    <member type="way" ref="772285184" role=""/>
    <member type="way" ref="609015773" role=""/>
    <member type="way" ref="800182971" role=""/>
    <member type="way" ref="1160608383" role=""/>
    <member type="way" ref="800179573" role=""/>
    <member type="way" ref="1071903074" role=""/>
    <member type="way" ref="800179566" role=""/>
    <member type="way" ref="772285207" role=""/>
    <member type="way" ref="1091983021" role=""/>
    <member type="way" ref="1091983020" role=""/>
    <member type="way" ref="800179568" role=""/>
    <member type="way" ref="800179567" role=""/>
    <member type="way" ref="772285185" role=""/>
    <member type="way" ref="925017820" role=""/>
    <member type="way" ref="925017824" role=""/>
    <member type="way" ref="925017825" role=""/>
    <member type="way" ref="925017826" role=""/>
    <member type="way" ref="609015774" role=""/>
    <member type="way" ref="925017823" role=""/>
    <member type="way" ref="925017821" role=""/>
    <member type="way" ref="658346245" role=""/>
    <member type="way" ref="1071903075" role=""/>
    <member type="way" ref="52292315" role=""/>
    <member type="way" ref="800194038" role=""/>
    <member type="way" ref="818614187" role=""/>
    <member type="way" ref="818614180" role=""/>
    <member type="way" ref="658346243" role=""/>
    <member type="way" ref="925017813" role=""/>
    <member type="way" ref="925017811" role=""/>
    <member type="way" ref="925017812" role=""/>
    <member type="way" ref="866758234" role=""/>
    <member type="way" ref="658346244" role=""/>
    <member type="way" ref="243786198" role=""/>
    <member type="way" ref="866758219" role=""/>
    <member type="way" ref="866758230" role=""/>
    <member type="way" ref="866758238" role=""/>
    <member type="way" ref="866758246" role=""/>
    <member type="way" ref="866758254" role=""/>
    <member type="way" ref="866758240" role=""/>
    <member type="way" ref="800194039" role=""/>
    <member type="way" ref="925017806" role=""/>
    <member type="way" ref="800194045" role=""/>
    <member type="way" ref="800194036" role=""/>
    <member type="way" ref="800194049" role=""/>
    <member type="way" ref="866758253" role=""/>
    <member type="way" ref="866758252" role=""/>
    <member type="way" ref="866758231" role=""/>
    <member type="way" ref="1095778652" role=""/>
    <member type="way" ref="1095778651" role=""/>
    <member type="way" ref="243786200" role=""/>
    <member type="way" ref="658348258" role=""/>
    <member type="way" ref="866758220" role=""/>
    <member type="way" ref="1174050078" role=""/>
    <member type="way" ref="866723472" role=""/>
    <member type="way" ref="866723474" role=""/>
    <member type="way" ref="621794566" role=""/>
    <member type="way" ref="1302408565" role=""/>
    <member type="way" ref="1302408564" role=""/>
    <member type="way" ref="866758221" role=""/>
    <member type="way" ref="866758241" role=""/>
    <member type="way" ref="1095782101" role=""/>
    <member type="way" ref="1095782102" role=""/>
    <member type="way" ref="23777521" role=""/>
    <member type="way" ref="866758256" role=""/>
    <member type="way" ref="866758260" role=""/>
    <member type="way" ref="23777520" role=""/>
    <member type="way" ref="233247659" role=""/>
    <member type="way" ref="233247657" role=""/>
    <member type="way" ref="800194041" role=""/>
    <member type="way" ref="866758213" role=""/>
    <member type="way" ref="925017800" role=""/>
    <member type="way" ref="925017801" role=""/>
    <member type="way" ref="925017799" role=""/>
    <member type="way" ref="925030444" role=""/>
    <member type="way" ref="228960025" role=""/>
    <member type="way" ref="925017798" role=""/>
    <member type="way" ref="925017792" role=""/>
    <member type="way" ref="925017791" role=""/>
    <member type="way" ref="925017790" role=""/>
    <member type="way" ref="925017783" role=""/>
    <member type="way" ref="925017782" role=""/>
    <member type="way" ref="800194890" role=""/>
    <member type="way" ref="925017780" role=""/>
    <member type="way" ref="925017779" role=""/>
    <member type="way" ref="925017778" role=""/>
    <member type="way" ref="800194888" role=""/>
    <member type="way" ref="866783714" role=""/>
    <member type="way" ref="866783711" role=""/>
    <member type="way" ref="800196745" role=""/>
    <member type="way" ref="866783710" role=""/>
    <member type="way" ref="925017777" role=""/>
    <member type="way" ref="1096348949" role=""/>
    <member type="way" ref="1096348946" role=""/>
    <member type="way" ref="1096348945" role=""/>
    <member type="way" ref="609011134" role=""/>
    <member type="way" ref="1071903086" role=""/>
    <member type="way" ref="658353730" role=""/>
    <member type="way" ref="609011141" role=""/>
    <member type="way" ref="658353729" role=""/>
    <member type="way" ref="1071903087" role=""/>
    <member type="way" ref="233247011" role=""/>
    <member type="way" ref="336467027" role=""/>
    <member type="way" ref="1107392466" role=""/>
    <member type="way" ref="233247007" role=""/>
    <member type="way" ref="658353734" role=""/>
    <member type="way" ref="1224633284" role=""/>
    <member type="way" ref="98857905" role=""/>
    <member type="way" ref="1242413842" role=""/>
    <member type="way" ref="23742594" role=""/>
    <member type="way" ref="1107610399" role=""/>
    <member type="way" ref="5043222" role=""/>
    <member type="way" ref="5043223" role=""/>
    <member type="way" ref="1217736328" role=""/>
    <member type="way" ref="3630090" role=""/>
    <member type="way" ref="1305573449" role=""/>
    <member type="way" ref="449240891" role=""/>
    <member type="way" ref="37794654" role=""/>
    <member type="way" ref="1292946583" role=""/>
    <member type="way" ref="8044119" role=""/>
    <member type="way" ref="225166380" role=""/>
    <tag k="from" v="Trafalgar Square / Charing Cross Station"/>
    <tag k="name" v="London Buses route N279 → Waltham Cross"/>
    <tag k="network" v="London Buses"/>
    <tag k="network:wikidata" v="Q1192411"/>
    <tag k="network:wikipedia" v="en:London Buses"/>
    <tag k="operator" v="Arriva London"/>
    <tag k="public_transport:version" v="2"/>
    <tag k="ref" v="N279"/>
    <tag k="route" v="bus"/>
    <tag k="to" v="Waltham Cross Bus Station"/>
    <tag k="type" v="route"/>
  </relation>
  <relation id="9375492" version="2" timestamp="2021-02-28T23:17:45Z" changeset="100160118" uid="322039" user="MacLondon">
    <member type="way" ref="30131461" role="from"/>
    <member type="node" ref="8473911117" role="via"/>
    <member type="way" ref="912201551" role="to"/>
    <tag k="restriction" v="no_left_turn"/>
    <tag k="type" v="restriction"/>
  </relation>
  <relation id="9795787" version="184" timestamp="2024-07-23T17:39:54Z" changeset="154317839" uid="322039" user="MacLondon">
    <member type="node" ref="869697014" role=""/>
    <member type="node" ref="885331201" role=""/>
    <member type="node" ref="920087626" role=""/>
    <member type="node" ref="781506147" role=""/>
    <member type="node" ref="4547084070" role=""/>
    <member type="node" ref="839403852" role=""/>
    <member type="node" ref="839403885" role=""/>
    <member type="node" ref="6868215814" role=""/>
    <member type="node" ref="835264541" role=""/>
    <member type="node" ref="848525385" role=""/>
    <member type="node" ref="847316890" role=""/>
    <member type="node" ref="835975578" role=""/>
    <member type="node" ref="835975576" role=""/>
    <member type="node" ref="871825939" role=""/>
    <member type="node" ref="836785682" role=""/>
    <member type="node" ref="874743596" role=""/>
    <member type="node" ref="849488639" role=""/>
    <member type="node" ref="820945916" role=""/>
    <member type="node" ref="857595902" role=""/>
    <member type="node" ref="851841197" role=""/>
    <member type="node" ref="9408996083" role=""/>
    <member type="node" ref="884208380" role=""/>
    <member type="node" ref="849323876" role=""/>
    <member type="node" ref="835975575" role=""/>
    <member type="node" ref="851841216" role=""/>
    <member type="node" ref="772536185" role=""/>
    <member type="node" ref="873543872" role=""/>
    <member type="node" ref="859271046" role=""/>
    <member type="node" ref="1235136890" role=""/>
    <member type="node" ref="108539" role=""/>
    <member type="way" ref="454892954" role=""/>
    <member type="node" ref="844620618" role=""/>
    <member type="node" ref="6530449086" role=""/>
    <member type="node" ref="598093293" role=""/>
    <member type="node" ref="835975572" role=""/>
    <member type="node" ref="836785680" role=""/>
    <member type="node" ref="885331222" role=""/>
    <member type="node" ref="858207997" role=""/>
    <member type="node" ref="6904064085" role=""/>
    <member type="node" ref="5576125015" role=""/>
    <member type="node" ref="847689477" role=""/>
    <member type="node" ref="839403912" role=""/>
    <member type="node" ref="852142196" role=""/>
    <member type="node" ref="839403865" role=""/>
    <member type="node" ref="2452252819" role=""/>
    <member type="node" ref="839403854" role=""/>
    <member type="way" ref="814784271" role=""/>
    <member type="node" ref="862160392" role=""/>
    <member type="node" ref="1973134926" role=""/>
    <member type="node" ref="869696978" role=""/>
    <member type="node" ref="6855587358" role=""/>
    <member type="node" ref="870988533" role=""/>
    <member type="node" ref="854480085" role=""/>
    <member type="node" ref="883627406" role=""/>
    <member type="node" ref="839403895" role=""/>
    <member type="node" ref="847316889" role=""/>
    <member type="node" ref="847868109" role=""/>
    <member type="node" ref="6903978689" role=""/>
    <member type="node" ref="839403893" role=""/>
    <member type="node" ref="925473591" role=""/>
    <member type="node" ref="926239828" role=""/>
    <member type="node" ref="858663819" role=""/>
    <member type="node" ref="848715119" role=""/>
    <member type="node" ref="839471769" role=""/>
    <member type="node" ref="847077749" role=""/>
    <member type="node" ref="847077764" role=""/>
    <member type="node" ref="860044555" role=""/>
    <member type="node" ref="851841220" role=""/>
    <member type="node" ref="869696946" role=""/>
    <member type="node" ref="859317501" role=""/>
    <member type="node" ref="849491443" role=""/>
    <member type="node" ref="857710668" role=""/>
    <member type="node" ref="926239938" role=""/>
    <member type="node" ref="855352141" role=""/>
    <member type="node" ref="839403857" role=""/>
    <member type="node" ref="843559999" role=""/>
    <member type="node" ref="6855539366" role=""/>
    <member type="node" ref="6876122587" role=""/>
    <member type="node" ref="859339510" role=""/>
    <member type="node" ref="851841184" role=""/>
    <member type="node" ref="1816038209" role=""/>
    <member type="node" ref="866383894" role=""/>
    <member type="node" ref="873543873" role=""/>
    <member type="node" ref="833725050" role=""/>
    <member type="node" ref="926239874" role=""/>
    <member type="node" ref="835264548" role=""/>
    <member type="node" ref="851841247" role=""/>
    <member type="node" ref="871834322" role=""/>
    <member type="node" ref="851841249" role=""/>
    <member type="node" ref="926239860" role=""/>
    <member type="node" ref="859339511" role=""/>
    <member type="node" ref="869701649" role=""/>
    <member type="node" ref="834671469" role=""/>
    <member type="node" ref="1092164420" role=""/>
    <member type="node" ref="849485363" role=""/>
    <member type="node" ref="862179889" role=""/>
    <member type="node" ref="851841160" role=""/>
    <member type="node" ref="839403843" role=""/>
    <member type="node" ref="926239911" role=""/>
    <member type="node" ref="854473346" role=""/>
    <member type="node" ref="826488381" role=""/>
    <member type="node" ref="849584974" role=""/>
    <member type="node" ref="945759223" role=""/>
    <member type="node" ref="879566993" role=""/>
    <member type="node" ref="839403913" role=""/>
    <member type="node" ref="6638586455" role=""/>
    <member type="node" ref="877343353" role=""/>
    <member type="node" ref="835975579" role=""/>
    <member type="node" ref="839403897" role=""/>
    <member type="node" ref="836785663" role=""/>
    <member type="node" ref="873543871" role=""/>
    <member type="node" ref="5053068176" role=""/>
    <member type="node" ref="833722576" role=""/>
    <member type="node" ref="826489479" role=""/>
    <member type="node" ref="869361768" role=""/>
    <member type="node" ref="926239889" role=""/>
    <member type="node" ref="858321431" role=""/>
    <member type="node" ref="772541878" role=""/>
    <member type="node" ref="854360954" role=""/>
    <member type="node" ref="884121897" role=""/>
    <member type="node" ref="858208000" role=""/>
    <member type="node" ref="869696995" role=""/>
    <member type="node" ref="862160409" role=""/>
    <member type="node" ref="826142422" role=""/>
    <member type="node" ref="826142862" role=""/>
    <member type="node" ref="854480081" role=""/>
    <member type="node" ref="835975574" role=""/>
    <member type="node" ref="853034092" role=""/>
    <member type="node" ref="848003163" role=""/>
    <member type="node" ref="851841130" role=""/>
    <member type="node" ref="1604294322" role=""/>
    <member type="node" ref="892452189" role=""/>
    <member type="way" ref="403615731" role=""/>
    <member type="node" ref="847077754" role=""/>
    <member type="node" ref="864817644" role=""/>
    <member type="node" ref="6767972810" role=""/>
    <member type="node" ref="852122516" role=""/>
    <member type="node" ref="858321428" role=""/>
    <member type="node" ref="854480084" role=""/>
    <member type="node" ref="839403889" role=""/>
    <member type="node" ref="892452179" role=""/>
    <member type="node" ref="1094813952" role=""/>
    <member type="node" ref="926239935" role=""/>
    <member type="node" ref="891044385" role=""/>
    <member type="node" ref="877311043" role=""/>
    <member type="node" ref="865278029" role=""/>
    <member type="node" ref="858327149" role=""/>
    <member type="node" ref="926239895" role=""/>
    <member type="node" ref="862160404" role=""/>
    <member type="node" ref="884199545" role=""/>
    <member type="node" ref="865196638" role=""/>
    <member type="node" ref="839403884" role=""/>
    <member type="node" ref="1733439277" role=""/>
    <member type="node" ref="892452184" role=""/>
    <member type="node" ref="855682685" role=""/>
    <member type="node" ref="885331209" role=""/>
    <member type="node" ref="836785671" role=""/>
    <member type="node" ref="869361755" role=""/>
    <member type="node" ref="865288904" role=""/>
    <member type="node" ref="877311047" role=""/>
    <member type="node" ref="866558127" role=""/>
    <member type="node" ref="862160455" role=""/>
    <member type="node" ref="879566987" role=""/>
    <member type="node" ref="879566990" role=""/>
    <member type="node" ref="862160361" role=""/>
    <member type="node" ref="862160370" role=""/>
    <member type="node" ref="885331230" role=""/>
    <member type="node" ref="836785692" role=""/>
    <member type="node" ref="869697025" role=""/>
    <member type="node" ref="836785673" role=""/>
    <member type="node" ref="862179913" role=""/>
    <member type="node" ref="3519079529" role=""/>
    <member type="node" ref="1319881904" role=""/>
    <member type="node" ref="6247142378" role=""/>
    <member type="node" ref="879566970" role=""/>
    <member type="node" ref="873554275" role=""/>
    <member type="node" ref="877321720" role=""/>
    <member type="node" ref="852122510" role=""/>
    <member type="node" ref="862160427" role=""/>
    <member type="node" ref="6903983305" role=""/>
    <member type="node" ref="4715048896" role=""/>
    <member type="node" ref="839403915" role=""/>
    <member type="node" ref="877321716" role=""/>
    <member type="node" ref="839403878" role=""/>
    <member type="node" ref="862179883" role=""/>
    <member type="node" ref="839403841" role=""/>
    <member type="node" ref="869701650" role=""/>
    <member type="node" ref="877311051" role=""/>
    <member type="node" ref="850057412" role=""/>
    <member type="way" ref="585788563" role=""/>
    <member type="node" ref="854355948" role=""/>
    <member type="way" ref="965144753" role=""/>
    <member type="node" ref="850158039" role=""/>
    <member type="node" ref="859408757" role=""/>
    <member type="node" ref="886299497" role=""/>
    <member type="node" ref="865137329" role=""/>
    <member type="node" ref="847078262" role=""/>
    <member type="node" ref="839403899" role=""/>
    <member type="node" ref="826490085" role=""/>
    <member type="node" ref="891689335" role=""/>
    <member type="node" ref="783824677" role=""/>
    <member type="node" ref="6876143185" role=""/>
    <member type="node" ref="849328798" role=""/>
    <member type="node" ref="862160440" role=""/>
    <member type="node" ref="839403825" role=""/>
    <member type="node" ref="862160406" role=""/>
    <member type="node" ref="839403846" role=""/>
    <member type="node" ref="862160443" role=""/>
    <member type="node" ref="849584979" role=""/>
    <member type="node" ref="850057427" role=""/>
    <member type="node" ref="852019120" role=""/>
    <member type="node" ref="854480082" role=""/>
    <member type="node" ref="860173739" role=""/>
    <member type="node" ref="835390896" role=""/>
    <member type="node" ref="862179917" role=""/>
    <member type="node" ref="836785688" role=""/>
    <member type="node" ref="862179927" role=""/>
    <member type="node" ref="873554272" role=""/>
    <member type="node" ref="850057432" role=""/>
    <member type="node" ref="836876291" role=""/>
    <member type="node" ref="7081455186" role=""/>
    <member type="node" ref="849584982" role=""/>
    <member type="node" ref="865298223" role=""/>
    <member type="node" ref="869697007" role=""/>
    <member type="node" ref="865288925" role=""/>
    <member type="node" ref="865278027" role=""/>
    <member type="node" ref="850158042" role=""/>
    <member type="node" ref="860209065" role=""/>
    <member type="node" ref="865278021" role=""/>
    <member type="node" ref="865288912" role=""/>
    <member type="node" ref="869701651" role=""/>
    <member type="node" ref="926239929" role=""/>
    <member type="node" ref="870291703" role=""/>
    <member type="node" ref="4784325813" role=""/>
    <member type="node" ref="839403914" role=""/>
    <member type="node" ref="857595900" role=""/>
    <member type="node" ref="854355949" role=""/>
    <member type="node" ref="839403839" role=""/>
    <member type="node" ref="845373775" role=""/>
    <member type="node" ref="857051585" role=""/>
    <member type="node" ref="877321712" role=""/>
    <member type="node" ref="850072943" role=""/>
    <member type="node" ref="877826859" role=""/>
    <member type="node" ref="850057428" role=""/>
    <member type="node" ref="1012775602" role=""/>
    <member type="node" ref="862179903" role=""/>
    <member type="node" ref="906172939" role=""/>
    <member type="node" ref="3013557455" role=""/>
    <member type="way" ref="285588652" role=""/>
    <member type="node" ref="869696981" role=""/>
    <member type="node" ref="839403908" role=""/>
    <member type="node" ref="3141575429" role=""/>
    <member type="node" ref="839403826" role=""/>
    <member type="node" ref="862179945" role=""/>
    <member type="node" ref="6907279835" role=""/>
    <member type="node" ref="869361727" role=""/>
    <member type="node" ref="860243740" role=""/>
    <member type="node" ref="884908925" role=""/>
    <member type="node" ref="835264545" role=""/>
    <member type="node" ref="869696963" role=""/>
    <member type="node" ref="848255910" role=""/>
    <member type="node" ref="860209061" role=""/>
    <member type="node" ref="858321429" role=""/>
    <member type="node" ref="877311044" role=""/>
    <member type="node" ref="832644861" role=""/>
    <member type="node" ref="926239859" role=""/>
    <member type="node" ref="844186473" role=""/>
    <member type="node" ref="6876143685" role=""/>
    <member type="node" ref="885331227" role=""/>
    <member type="node" ref="1319881926" role=""/>
    <member type="node" ref="859187369" role=""/>
    <member type="node" ref="850057438" role=""/>
    <member type="node" ref="834364172" role=""/>
    <member type="node" ref="839560972" role=""/>
    <member type="node" ref="862179900" role=""/>
    <member type="node" ref="873554273" role=""/>
    <member type="node" ref="857051590" role=""/>
    <member type="node" ref="865284683" role=""/>
    <member type="node" ref="858321427" role=""/>
    <member type="node" ref="6878372976" role=""/>
    <member type="node" ref="839403891" role=""/>
    <member type="node" ref="851841191" role=""/>
    <member type="node" ref="862160389" role=""/>
    <member type="node" ref="851841244" role=""/>
    <member type="node" ref="7081455185" role=""/>
    <member type="node" ref="878050423" role=""/>
    <member type="node" ref="862160434" role=""/>
    <member type="node" ref="891044386" role=""/>
    <member type="node" ref="831714284" role=""/>
    <member type="node" ref="1319954811" role=""/>
    <member type="node" ref="836785695" role=""/>
    <member type="node" ref="885429481" role=""/>
    <member type="node" ref="837172153" role=""/>
    <member type="node" ref="873554274" role=""/>
    <member type="node" ref="865278033" role=""/>
    <member type="node" ref="839403907" role=""/>
    <member type="node" ref="3470021932" role=""/>
    <member type="node" ref="945328509" role=""/>
    <member type="node" ref="836785685" role=""/>
    <member type="node" ref="1168835190" role=""/>
    <member type="node" ref="852148487" role=""/>
    <member type="node" ref="836876287" role=""/>
    <member type="node" ref="873549219" role=""/>
    <member type="node" ref="926239949" role=""/>
    <member type="node" ref="851841270" role=""/>
    <member type="node" ref="839403876" role=""/>
    <member type="node" ref="851841154" role=""/>
    <member type="node" ref="848611702" role=""/>
    <member type="node" ref="839403837" role=""/>
    <member type="node" ref="7081455285" role=""/>
    <member type="node" ref="1012775609" role=""/>
    <member type="node" ref="852142211" role=""/>
    <member type="node" ref="849492478" role=""/>
    <member type="node" ref="877311049" role=""/>
    <member type="node" ref="836094160" role=""/>
    <member type="node" ref="1607725704" role=""/>
    <member type="node" ref="1737276099" role=""/>
    <member type="node" ref="872350881" role=""/>
    <member type="node" ref="865298225" role=""/>
    <member type="node" ref="847689799" role=""/>
    <member type="node" ref="2362224337" role=""/>
    <member type="node" ref="2362220934" role=""/>
    <member type="node" ref="839403850" role=""/>
    <member type="node" ref="877648513" role=""/>
    <member type="node" ref="787313764" role=""/>
    <member type="node" ref="892452182" role=""/>
    <member type="node" ref="849584972" role=""/>
    <member type="node" ref="1733427047" role=""/>
    <member type="node" ref="835975577" role=""/>
    <member type="node" ref="1733427049" role=""/>
    <member type="node" ref="849584984" role=""/>
    <member type="node" ref="865284682" role=""/>
    <member type="node" ref="850960062" role=""/>
    <member type="node" ref="857051575" role=""/>
    <member type="node" ref="865288929" role=""/>
    <member type="node" ref="869696960" role=""/>
    <member type="node" ref="862179921" role=""/>
    <member type="node" ref="930444596" role=""/>
    <member type="node" ref="932738012" role=""/>
    <member type="node" ref="852142208" role=""/>
    <member type="node" ref="941912649" role=""/>
    <member type="node" ref="1149076003" role=""/>
    <member type="node" ref="2246184901" role=""/>
    <member type="node" ref="6907279834" role=""/>
    <member type="node" ref="2548780930" role=""/>
    <member type="node" ref="8237274200" role=""/>
    <member type="node" ref="1668506604" role=""/>
    <member type="node" ref="1138900719" role=""/>
    <member type="node" ref="1027116180" role=""/>
    <member type="node" ref="1057788698" role=""/>
    <member type="node" ref="861022204" role=""/>
    <member type="node" ref="3519079531" role=""/>
    <member type="node" ref="1198124738" role=""/>
    <member type="node" ref="4729472710" role=""/>
    <member type="node" ref="1043546978" role=""/>
    <member type="node" ref="2354702484" role=""/>
    <member type="node" ref="6914065989" role=""/>
    <member type="node" ref="942839375" role=""/>
    <member type="node" ref="4213705590" role=""/>
    <member type="node" ref="6878265489" role=""/>
    <member type="node" ref="1337361592" role=""/>
    <member type="node" ref="6615417682" role=""/>
    <member type="node" ref="1493298003" role=""/>
    <member type="node" ref="1176800594" role=""/>
    <member type="node" ref="1733439231" role=""/>
    <member type="node" ref="1057788707" role=""/>
    <member type="node" ref="1282224691" role=""/>
    <member type="node" ref="3519079528" role=""/>
    <member type="node" ref="860209060" role=""/>
    <member type="node" ref="884199543" role=""/>
    <member type="node" ref="1176800535" role=""/>
    <member type="node" ref="1132306194" role=""/>
    <member type="node" ref="1176758997" role=""/>
    <member type="node" ref="1145342414" role=""/>
    <member type="node" ref="1176800575" role=""/>
    <member type="node" ref="1143868391" role=""/>
    <member type="node" ref="4456938913" role=""/>
    <member type="node" ref="1253816021" role=""/>
    <member type="node" ref="1237467405" role=""/>
    <member type="node" ref="1322525370" role=""/>
    <member type="node" ref="1176759014" role=""/>
    <member type="node" ref="1258483287" role=""/>
    <member type="node" ref="1319881901" role=""/>
    <member type="node" ref="6903983304" role=""/>
    <member type="node" ref="6606225601" role=""/>
    <member type="node" ref="1229122159" role=""/>
    <member type="node" ref="1217881039" role=""/>
    <member type="node" ref="1176868173" role=""/>
    <member type="node" ref="1322524169" role=""/>
    <member type="node" ref="1229122150" role=""/>
    <member type="node" ref="3506817918" role=""/>
    <member type="node" ref="839403834" role=""/>
    <member type="node" ref="814136668" role=""/>
    <member type="node" ref="835975573" role=""/>
    <member type="node" ref="823375879" role=""/>
    <member type="node" ref="6878122476" role=""/>
    <member type="node" ref="6878122475" role=""/>
    <member type="node" ref="1337361593" role=""/>
    <member type="node" ref="1645747634" role=""/>
    <member type="node" ref="1337361591" role=""/>
    <member type="node" ref="7330673685" role=""/>
    <member type="node" ref="6808235887" role=""/>
    <member type="node" ref="4537514061" role=""/>
    <member type="node" ref="1419168250" role=""/>
    <member type="node" ref="1419168259" role=""/>
    <member type="node" ref="862160376" role=""/>
    <member type="node" ref="3063176037" role=""/>
    <member type="node" ref="6876143585" role=""/>
    <member type="node" ref="3287099461" role=""/>
    <member type="node" ref="845982802" role=""/>
    <member type="node" ref="1906555327" role=""/>
    <member type="node" ref="3890126460" role=""/>
    <member type="node" ref="1667424273" role=""/>
    <member type="node" ref="2498719152" role=""/>
    <member type="node" ref="1662347070" role=""/>
    <member type="node" ref="3306058954" role=""/>
    <member type="node" ref="3519269751" role=""/>
    <member type="node" ref="1667351698" role=""/>
    <member type="node" ref="1667424274" role=""/>
    <member type="node" ref="3049582196" role=""/>
    <member type="node" ref="1699845054" role=""/>
    <member type="node" ref="3532898227" role=""/>
    <member type="node" ref="1818779251" role=""/>
    <member type="node" ref="6871772943" role=""/>
    <member type="node" ref="1818789625" role=""/>
    <member type="node" ref="2748387557" role=""/>
    <member type="node" ref="3655633118" role=""/>
    <member type="way" ref="1241452656" role=""/>
    <member type="node" ref="6868614256" role=""/>
    <member type="node" ref="6907279833" role=""/>
    <member type="node" ref="1631976807" role=""/>
    <member type="node" ref="6865264344" role=""/>
    <member type="node" ref="1666672999" role=""/>
    <member type="node" ref="2028840378" role=""/>
    <member type="node" ref="3658106696" role=""/>
    <member type="node" ref="2970870305" role=""/>
    <member type="node" ref="3147207127" role=""/>
    <member type="node" ref="1818789626" role=""/>
    <member type="node" ref="1759051168" role=""/>
    <member type="node" ref="5998125983" role=""/>
    <member type="node" ref="4478899792" role=""/>
    <member type="node" ref="1690165259" role=""/>
    <member type="node" ref="6868679581" role=""/>
    <member type="node" ref="6612417475" role=""/>
    <member type="node" ref="1690165256" role=""/>
    <member type="node" ref="1747152923" role=""/>
    <member type="node" ref="3623488837" role=""/>
    <member type="node" ref="3356856275" role=""/>
    <member type="node" ref="1818809542" role=""/>
    <member type="node" ref="1818809538" role=""/>
    <member type="node" ref="1818813206" role=""/>
    <member type="node" ref="2024044310" role=""/>
    <member type="node" ref="8010782670" role=""/>
    <member type="node" ref="3655634825" role=""/>
    <member type="node" ref="3655633122" role=""/>
    <member type="node" ref="3655633123" role=""/>
    <member type="node" ref="1616499953" role=""/>
    <member type="node" ref="3551695140" role=""/>
    <member type="node" ref="6868633363" role=""/>
    <member type="node" ref="2324723803" role=""/>
    <member type="node" ref="6876072239" role=""/>
    <member type="node" ref="3099059412" role=""/>
    <member type="way" ref="240639748" role=""/>
    <member type="node" ref="1693769250" role=""/>
    <member type="node" ref="3551666625" role=""/>
    <member type="node" ref="6634446957" role=""/>
    <member type="node" ref="6865223991" role=""/>
    <member type="node" ref="2914775100" role=""/>
    <member type="node" ref="4595511681" role=""/>
    <member type="way" ref="394994570" role=""/>
    <member type="node" ref="1606981227" role=""/>
    <member type="node" ref="1693801788" role=""/>
    <member type="node" ref="1682162286" role=""/>
    <member type="node" ref="3196013350" role=""/>
    <member type="node" ref="1673417617" role=""/>
    <member type="way" ref="1071065062" role=""/>
    <member type="node" ref="2060550141" role=""/>
    <member type="node" ref="6871715401" role=""/>
    <member type="node" ref="1818779257" role=""/>
    <member type="node" ref="6685466336" role=""/>
    <member type="node" ref="1818779246" role=""/>
    <member type="node" ref="2904986613" role=""/>
    <member type="node" ref="5830929616" role=""/>
    <member type="way" ref="846815130" role=""/>
    <member type="node" ref="6871755156" role=""/>
    <member type="node" ref="3658047890" role=""/>
    <member type="node" ref="973101833" role=""/>
    <member type="way" ref="475261122" role=""/>
    <member type="node" ref="6865238362" role=""/>
    <member type="node" ref="1650397689" role=""/>
    <member type="node" ref="6868662758" role=""/>
    <member type="node" ref="2305795598" role=""/>
    <member type="node" ref="6879017137" role=""/>
    <member type="node" ref="2018936736" role=""/>
    <member type="node" ref="1818789627" role=""/>
    <member type="node" ref="1726420906" role=""/>
    <member type="node" ref="6871207755" role=""/>
    <member type="node" ref="3075629423" role=""/>
    <member type="node" ref="1818789624" role=""/>
    <member type="node" ref="1893422788" role=""/>
    <member type="node" ref="1861588881" role=""/>
    <member type="node" ref="2881505350" role=""/>
    <member type="node" ref="9622712338" role=""/>
    <member type="node" ref="3655633120" role=""/>
    <member type="node" ref="2376356131" role=""/>
    <member type="node" ref="1706915422" role=""/>
    <member type="node" ref="6903983303" role=""/>
    <member type="node" ref="2070604812" role=""/>
    <member type="node" ref="1693769245" role=""/>
    <member type="way" ref="411082088" role=""/>
    <member type="node" ref="1690165252" role=""/>
    <member type="node" ref="6852954006" role=""/>
    <member type="node" ref="6199868580" role=""/>
    <member type="node" ref="2392888343" role=""/>
    <member type="node" ref="5188912371" role=""/>
    <member type="node" ref="4714326717" role=""/>
    <member type="node" ref="2622422139" role=""/>
    <member type="node" ref="1706915441" role=""/>
    <member type="node" ref="2028902501" role=""/>
    <member type="node" ref="6914056395" role=""/>
    <member type="node" ref="6903983302" role=""/>
    <member type="node" ref="6814923021" role=""/>
    <member type="node" ref="1816038212" role=""/>
    <member type="node" ref="5188912370" role=""/>
    <member type="node" ref="6019344418" role=""/>
    <member type="node" ref="2467649380" role=""/>
    <member type="node" ref="3028063100" role=""/>
    <member type="node" ref="6472846807" role=""/>
    <member type="node" ref="3594966809" role=""/>
    <member type="node" ref="1657755626" role=""/>
    <member type="node" ref="6871216572" role=""/>
    <member type="node" ref="1699845059" role=""/>
    <member type="node" ref="3655633119" role=""/>
    <member type="node" ref="1664365106" role=""/>
    <member type="node" ref="4391753171" role=""/>
    <member type="node" ref="1706931098" role=""/>
    <member type="node" ref="1699845120" role=""/>
    <member type="node" ref="5930309088" role=""/>
    <member type="node" ref="1700009669" role=""/>
    <member type="node" ref="3655633121" role=""/>
    <member type="node" ref="6903983301" role=""/>
    <member type="node" ref="6871732756" role=""/>
    <member type="node" ref="1699845057" role=""/>
    <member type="node" ref="1741083540" role=""/>
    <member type="node" ref="1690165261" role=""/>
    <member type="node" ref="1812472437" role=""/>
    <member type="node" ref="1711184243" role=""/>
    <member type="node" ref="2141849208" role=""/>
    <member type="node" ref="3896102441" role=""/>
    <member type="node" ref="1711525281" role=""/>
    <member type="node" ref="3655633124" role=""/>
    <member type="node" ref="1865745220" role=""/>
    <member type="node" ref="3551695139" role=""/>
    <member type="node" ref="1763582349" role=""/>
    <member type="node" ref="6849010069" role=""/>
    <member type="node" ref="1724521404" role=""/>
    <member type="way" ref="1083766765" role=""/>
    <member type="node" ref="1741083541" role=""/>
    <member type="node" ref="2028840379" role=""/>
    <member type="node" ref="3147328734" role=""/>
    <member type="node" ref="3307383205" role=""/>
    <member type="node" ref="1345247428" role=""/>
    <member type="node" ref="4830830660" role=""/>
    <member type="node" ref="6878041618" role=""/>
    <member type="node" ref="1741083539" role=""/>
    <member type="node" ref="6903983300" role=""/>
    <member type="node" ref="3148325760" role=""/>
    <member type="node" ref="2821874024" role=""/>
    <member type="node" ref="4329814892" role=""/>
    <member type="node" ref="6865198855" role=""/>
    <member type="node" ref="6865250272" role=""/>
    <member type="node" ref="5497806700" role=""/>
    <member type="node" ref="6848979189" role=""/>
    <member type="node" ref="6868131662" role=""/>
    <member type="node" ref="6914066485" role=""/>
    <member type="node" ref="4212936699" role=""/>
    <member type="node" ref="4561001510" role=""/>
    <member type="node" ref="6903983299" role=""/>
    <member type="node" ref="4623458572" role=""/>
    <member type="node" ref="6903984689" role=""/>
    <member type="node" ref="2821874025" role=""/>
    <member type="node" ref="2717533182" role=""/>
    <member type="node" ref="5188039128" role=""/>
    <member type="node" ref="6708146798" role=""/>
    <member type="node" ref="4427675897" role=""/>
    <member type="way" ref="383309239" role=""/>
    <member type="node" ref="8530538364" role=""/>
    <member type="node" ref="6868023815" role=""/>
    <member type="node" ref="6867890614" role=""/>
    <member type="node" ref="6865176741" role=""/>
    <member type="node" ref="4677086112" role=""/>
    <member type="node" ref="4329814779" role=""/>
    <member type="node" ref="5853544518" role=""/>
    <member type="node" ref="2527934822" role=""/>
    <member type="node" ref="6914066385" role=""/>
    <member type="node" ref="2578203332" role=""/>
    <member type="node" ref="6914065988" role=""/>
    <member type="node" ref="6903983298" role=""/>
    <member type="node" ref="6645392420" role=""/>
    <member type="node" ref="6037246111" role=""/>
    <member type="node" ref="6865219055" role=""/>
    <member type="node" ref="6903984590" role=""/>
    <member type="node" ref="6914056394" role=""/>
    <member type="node" ref="4274175084" role=""/>
    <member type="node" ref="3667784996" role=""/>
    <member type="node" ref="6914056393" role=""/>
    <member type="node" ref="5247920389" role=""/>
    <member type="node" ref="6867973097" role=""/>
    <member type="node" ref="5199460794" role=""/>
    <member type="node" ref="6914066286" role=""/>
    <member type="node" ref="6903984589" role=""/>
    <member type="node" ref="4677113221" role=""/>
    <member type="node" ref="5625578921" role=""/>
    <member type="node" ref="6914065987" role=""/>
    <member type="node" ref="6903983297" role=""/>
    <member type="node" ref="6868198427" role=""/>
    <member type="node" ref="6914056392" role=""/>
    <member type="node" ref="2504847312" role=""/>
    <member type="node" ref="3013557454" role=""/>
    <member type="node" ref="6914056391" role=""/>
    <member type="node" ref="6865232643" role=""/>
    <member type="node" ref="3890101248" role=""/>
    <member type="node" ref="6868165187" role=""/>
    <member type="node" ref="3890101249" role=""/>
    <member type="node" ref="6868070689" role=""/>
    <member type="node" ref="3466625805" role=""/>
    <member type="node" ref="2830430191" role=""/>
    <member type="node" ref="5745685500" role=""/>
    <member type="node" ref="6865232498" role=""/>
    <member type="way" ref="980428377" role=""/>
    <member type="node" ref="6037246108" role=""/>
    <member type="node" ref="7012993671" role=""/>
    <member type="node" ref="6914056390" role=""/>
    <member type="node" ref="6868188817" role=""/>
    <member type="node" ref="5198842668" role=""/>
    <member type="node" ref="6868106148" role=""/>
    <member type="node" ref="4301387954" role=""/>
    <member type="node" ref="6903983296" role=""/>
    <member type="node" ref="6879210887" role=""/>
    <member type="node" ref="1715074674" role=""/>
    <member type="node" ref="6865246591" role=""/>
    <member type="node" ref="6615446785" role=""/>
    <member type="node" ref="2717530825" role=""/>
    <member type="node" ref="6865148139" role=""/>
    <member type="node" ref="2578207986" role=""/>
    <member type="node" ref="3470012962" role=""/>
    <member type="node" ref="6907117585" role=""/>
    <member type="node" ref="6652862499" role=""/>
    <member type="node" ref="5348737815" role=""/>
    <member type="node" ref="6037246110" role=""/>
    <member type="node" ref="6903983295" role=""/>
    <member type="node" ref="5853544517" role=""/>
    <member type="node" ref="3470265857" role=""/>
    <member type="node" ref="3581895443" role=""/>
    <member type="node" ref="6868031116" role=""/>
    <member type="node" ref="3667784991" role=""/>
    <member type="node" ref="2717537066" role=""/>
    <member type="node" ref="6645392421" role=""/>
    <member type="node" ref="2905805804" role=""/>
    <member type="node" ref="6914056389" role=""/>
    <member type="node" ref="6903984885" role=""/>
    <member type="node" ref="2527936501" role=""/>
    <member type="node" ref="3813137610" role=""/>
    <member type="node" ref="4677106589" role=""/>
    <member type="node" ref="2822486952" role=""/>
    <member type="node" ref="3470021933" role=""/>
    <member type="node" ref="4006231739" role=""/>
    <member type="node" ref="2942121114" role=""/>
    <member type="node" ref="6645392419" role=""/>
    <member type="node" ref="6642363979" role=""/>
    <member type="node" ref="3516416989" role=""/>
    <member type="node" ref="6577766609" role=""/>
    <member type="node" ref="3470265856" role=""/>
    <member type="node" ref="3466625802" role=""/>
    <member type="node" ref="3116736276" role=""/>
    <member type="node" ref="2688194610" role=""/>
    <member type="node" ref="3888986279" role=""/>
    <member type="node" ref="6903984688" role=""/>
    <member type="node" ref="4389041889" role=""/>
    <member type="node" ref="6914066285" role=""/>
    <member type="node" ref="3470021934" role=""/>
    <member type="node" ref="5919574847" role=""/>
    <member type="node" ref="6037246109" role=""/>
    <member type="node" ref="6867906923" role=""/>
    <member type="node" ref="6868777095" role=""/>
    <member type="node" ref="4478899791" role=""/>
    <member type="node" ref="6914065986" role=""/>
    <member type="node" ref="6868665654" role=""/>
    <member type="node" ref="6871194346" role=""/>
    <member type="node" ref="3701640108" role=""/>
    <member type="node" ref="6577766607" role=""/>
    <member type="node" ref="6577766608" role=""/>
    <member type="node" ref="6914066185" role=""/>
    <member type="node" ref="4291287823" role=""/>
    <member type="node" ref="6871764664" role=""/>
    <member type="node" ref="2813735666" role=""/>
    <member type="node" ref="4006234489" role=""/>
    <member type="node" ref="6338822997" role=""/>
    <member type="node" ref="6903983294" role=""/>
    <member type="node" ref="6865193601" role=""/>
    <member type="node" ref="6903984588" role=""/>
    <member type="node" ref="6868020029" role=""/>
    <member type="node" ref="3581886901" role=""/>
    <member type="node" ref="6865223544" role=""/>
    <member type="node" ref="6711365858" role=""/>
    <member type="node" ref="3624986738" role=""/>
    <member type="node" ref="2578207984" role=""/>
    <member type="node" ref="2578207987" role=""/>
    <member type="node" ref="6868062041" role=""/>
    <member type="node" ref="4677109172" role=""/>
    <member type="node" ref="6903983293" role=""/>
    <member type="node" ref="6903983292" role=""/>
    <member type="node" ref="6868114743" role=""/>
    <member type="node" ref="6868115880" role=""/>
    <member type="node" ref="6868180371" role=""/>
    <member type="node" ref="6903983291" role=""/>
    <member type="node" ref="6903983290" role=""/>
    <member type="node" ref="6903984587" role=""/>
    <member type="node" ref="6903984586" role=""/>
    <member type="node" ref="6903984787" role=""/>
    <member type="node" ref="3701640109" role=""/>
    <member type="node" ref="3516416990" role=""/>
    <member type="node" ref="4591193989" role=""/>
    <member type="node" ref="3266150943" role=""/>
    <member type="node" ref="9622712337" role=""/>
    <member type="node" ref="6907353885" role=""/>
    <member type="node" ref="6868119702" role=""/>
    <member type="node" ref="6903984786" role=""/>
    <member type="node" ref="4112448142" role=""/>
    <member type="node" ref="5551997838" role=""/>
    <member type="node" ref="6868193586" role=""/>
    <member type="node" ref="3749158813" role=""/>
    <member type="node" ref="6867973858" role=""/>
    <member type="node" ref="5273526518" role=""/>
    <member type="node" ref="6852917563" role=""/>
    <member type="way" ref="656126517" role=""/>
    <member type="node" ref="4537517403" role=""/>
    <member type="node" ref="6903984785" role=""/>
    <member type="node" ref="3888986121" role=""/>
    <member type="node" ref="3977244772" role=""/>
    <member type="node" ref="3750681028" role=""/>
    <member type="node" ref="6914066085" role=""/>
    <member type="node" ref="6204029685" role=""/>
    <member type="node" ref="4345137644" role=""/>
    <member type="node" ref="4387228849" role=""/>
    <member type="node" ref="6865208032" role=""/>
    <member type="node" ref="3790320557" role=""/>
    <member type="node" ref="4870735279" role=""/>
    <member type="node" ref="6914056388" role=""/>
    <member type="node" ref="3822117603" role=""/>
    <member type="node" ref="5659380118" role=""/>
    <member type="node" ref="3811101992" role=""/>
    <member type="node" ref="4677116099" role=""/>
    <member type="node" ref="4291284916" role=""/>
    <member type="node" ref="4162937208" role=""/>
    <member type="node" ref="4692548549" role=""/>
    <member type="node" ref="2803500873" role=""/>
    <member type="node" ref="4162937207" role=""/>
    <member type="node" ref="4185862209" role=""/>
    <member type="relation" ref="11502426" role=""/>
    <member type="node" ref="2526874689" role=""/>
    <member type="node" ref="6914056387" role=""/>
    <member type="node" ref="6469776080" role=""/>
    <member type="node" ref="8011014085" role=""/>
    <member type="node" ref="6141132106" role=""/>
    <member type="node" ref="6903983288" role=""/>
    <member type="node" ref="6903984686" role=""/>
    <member type="node" ref="6469751893" role=""/>
    <member type="node" ref="6903983287" role=""/>
    <member type="node" ref="6903984685" role=""/>
    <member type="node" ref="6731291481" role=""/>
    <member type="node" ref="4222394693" role=""/>
    <member type="way" ref="810617496" role=""/>
    <member type="node" ref="4120739487" role=""/>
    <member type="node" ref="6868204151" role=""/>
    <member type="node" ref="7191440743" role=""/>
    <member type="node" ref="6868224349" role=""/>
    <member type="node" ref="6688236864" role=""/>
    <member type="node" ref="8372303718" role=""/>
    <member type="node" ref="4597809671" role=""/>
    <member type="node" ref="4335940089" role=""/>
    <member type="node" ref="4635513331" role=""/>
    <member type="node" ref="5912780844" role=""/>
    <member type="node" ref="6914056386" role=""/>
    <member type="node" ref="4346355413" role=""/>
    <member type="node" ref="4707342286" role=""/>
    <member type="node" ref="5912780845" role=""/>
    <member type="node" ref="4456940518" role=""/>
    <member type="node" ref="6868218081" role=""/>
    <member type="node" ref="1733421821" role=""/>
    <member type="node" ref="5121513755" role=""/>
    <member type="node" ref="5885044833" role=""/>
    <member type="node" ref="6904046385" role=""/>
    <member type="node" ref="6848950322" role=""/>
    <member type="node" ref="6848969585" role=""/>
    <member type="node" ref="6848943552" role=""/>
    <member type="node" ref="6865238361" role=""/>
    <member type="node" ref="6848944562" role=""/>
    <member type="node" ref="6848940828" role=""/>
    <member type="node" ref="6776333901" role=""/>
    <member type="node" ref="6903984585" role=""/>
    <member type="node" ref="6828843865" role=""/>
    <member type="node" ref="6865288784" role=""/>
    <member type="node" ref="3785509724" role=""/>
    <member type="node" ref="6914065985" role=""/>
    <member type="node" ref="7330673585" role=""/>
    <member type="node" ref="7330673485" role=""/>
    <member type="node" ref="7191440744" role=""/>
    <member type="node" ref="7330673586" role=""/>
    <member type="node" ref="7007319909" role=""/>
    <member type="node" ref="10069015984" role=""/>
    <member type="node" ref="10069015985" role=""/>
    <member type="node" ref="10270470491" role=""/>
    <member type="node" ref="10270470490" role=""/>
    <member type="node" ref="10270470489" role=""/>
    <member type="node" ref="10270470488" role=""/>
    <member type="node" ref="10270470487" role=""/>
    <member type="node" ref="10703072512" role=""/>
    <member type="node" ref="11226022461" role=""/>
    <member type="node" ref="11511558485" role=""/>
    <member type="node" ref="839403863" role=""/>
    <member type="node" ref="851841210" role=""/>
    <member type="node" ref="1772682562" role=""/>
    <member type="node" ref="6876122586" role=""/>
    <member type="node" ref="3906382157" role=""/>
    <member type="node" ref="879566981" role=""/>
    <member type="node" ref="6907279836" role=""/>
    <member type="node" ref="839403859" role=""/>
    <member type="node" ref="6878282083" role=""/>
    <member type="node" ref="1645747628" role=""/>
    <member type="node" ref="1708674398" role=""/>
    <member type="node" ref="6917070869" role=""/>
    <member type="node" ref="6917070870" role=""/>
    <member type="node" ref="1812472436" role=""/>
    <member type="node" ref="4274238864" role=""/>
    <member type="node" ref="2578207985" role=""/>
    <member type="node" ref="6876135986" role=""/>
    <member type="node" ref="6903983289" role=""/>
    <member type="node" ref="6615417684" role=""/>
    <member type="node" ref="4285803744" role=""/>
    <member type="node" ref="6615417683" role=""/>
    <member type="node" ref="6907283084" role=""/>
    <member type="node" ref="11737807620" role=""/>
    <member type="node" ref="12070279112" role=""/>
    <tag k="bicycle:min_age" v="14"/>
    <tag k="brand" v="Santander Cycles"/>
    <tag k="brand:wikidata" v="Q807961"/>
    <tag k="charge:city_bike" v="1.65 GBP/30 minutes"/>
    <tag k="charge:description" v="£1.65 for each 30m ride. Day Pass for £3 (unlimited 30-minute rides; £1 extra for each e-bike ride). Monthly membership for £20 which offers unlimited rides up to 60 minutes for 30 days."/>
    <tag k="charge:electric_bicycle" v="3.30 GBP/30 minutes"/>
    <tag k="charge:url" v="https://tfl.gov.uk/modes/cycling/santander-cycles/what-you-pay"/>
    <tag k="colour" v="#EC0000"/>
    <tag k="description" v="Santander Cycles docking stations. Santander Cycles (formerly Barclays Cycle Hire) is a public bicycle hire scheme in London with more than 11500 bikes available. It is used by 10 million people annually."/>
    <tag k="fee" v="yes"/>
    <tag k="membership" v="optional"/>
    <tag k="name" v="Santander Cycles"/>
    <tag k="network" v="tfl_cycle_hire"/>
    <tag k="note" v="Payment details etc. added to this single network relation rather than need to tag on each node"/>
    <tag k="opening_hours" v="24/7"/>
    <tag k="operator" v="Serco"/>
    <tag k="operator:wikidata" v="Q499104"/>
    <tag k="payment:american_express" v="yes"/>
    <tag k="payment:cash" v="no"/>
    <tag k="payment:cryptocurrencies" v="no"/>
    <tag k="payment:electronic_purses" v="no"/>
    <tag k="payment:jcb" v="yes"/>
    <tag k="payment:mastercard" v="yes"/>
    <tag k="payment:min_age" v="18"/>
    <tag k="payment:oyster" v="no"/>
    <tag k="payment:visa" v="yes"/>
    <tag k="payment:visa_debit" v="yes"/>
    <tag k="payment:visa_electron" v="yes"/>
    <tag k="ref" v="Cycles"/>
    <tag k="ref:colour" v="white"/>
    <tag k="ref:colour_bg" v="#EC0000"/>
    <tag k="ref:colour_tx" v="#EC0000"/>
    <tag k="rental" v="city_bike;ebike"/>
    <tag k="type" v="network"/>
    <tag k="was:charge" v="2 GBP/24 hours"/>
    <tag k="website" v="https://tfl.gov.uk/modes/cycling/santander-cycles"/>
    <tag k="wikidata" v="Q807961"/>
    <tag k="wikipedia" v="en:Santander Cycles"/>
  </relation>
  <relation id="13494176" version="13" timestamp="2024-11-22T10:34:34Z" changeset="159452535" uid="3951648" user="rskedgell">
    <member type="way" ref="303559647" role=""/>
    <member type="way" ref="674795487" role=""/>
    <member type="way" ref="1067635355" role=""/>
    <member type="way" ref="48465026" role=""/>
    <member type="way" ref="48465025" role=""/>
    <member type="way" ref="1271099762" role=""/>
    <member type="way" ref="299682133" role=""/>
    <member type="way" ref="912201551" role=""/>
    <member type="way" ref="264965257" role=""/>
    <member type="way" ref="264965256" role=""/>
    <member type="way" ref="667745342" role=""/>
    <member type="way" ref="1067635356" role=""/>
    <member type="way" ref="299682132" role=""/>
    <member type="way" ref="685020270" role=""/>
    <member type="way" ref="564099715" role=""/>
    <member type="way" ref="101982008" role=""/>
    <member type="way" ref="1065177553" role=""/>
    <member type="way" ref="31039" role=""/>
    <member type="way" ref="1049590080" role=""/>
    <member type="way" ref="315631030" role=""/>
    <member type="way" ref="293637093" role=""/>
    <member type="way" ref="233075058" role=""/>
    <member type="way" ref="116615382" role=""/>
    <member type="way" ref="1049590470" role=""/>
    <member type="way" ref="242166996" role=""/>
    <member type="way" ref="1049590471" role=""/>
    <member type="way" ref="628429131" role=""/>
    <member type="way" ref="628429129" role="forward"/>
    <member type="way" ref="264966078" role="forward"/>
    <member type="way" ref="271816293" role=""/>
    <member type="way" ref="5003469" role=""/>
    <member type="way" ref="585785135" role=""/>
    <member type="way" ref="4382814" role=""/>
    <member type="way" ref="4382813" role=""/>
    <member type="way" ref="4082596" role=""/>
    <member type="way" ref="49798450" role=""/>
    <member type="way" ref="49798167" role=""/>
    <member type="way" ref="647037416" role=""/>
    <member type="way" ref="647037415" role=""/>
    <member type="way" ref="647037414" role=""/>
    <member type="way" ref="267213248" role="forward"/>
    <member type="way" ref="267213404" role="forward"/>
    <member type="way" ref="480094743" role="forward"/>
    <member type="way" ref="1065112863" role="forward"/>
    <member type="way" ref="230506725" role="forward"/>
    <member type="way" ref="43154948" role="forward"/>
    <member type="way" ref="230506728" role="forward"/>
    <member type="way" ref="43118734" role="forward"/>
    <member type="way" ref="451852747" role="forward"/>
    <member type="way" ref="43365536" role="forward"/>
    <member type="way" ref="23715305" role="forward"/>
    <member type="way" ref="267213403" role="forward"/>
    <member type="way" ref="267213537" role="forward"/>
    <member type="way" ref="480094742" role="forward"/>
    <member type="way" ref="267213247" role="forward"/>
    <member type="way" ref="23715312" role="forward"/>
    <member type="way" ref="43118739" role="forward"/>
    <member type="way" ref="43118738" role="forward"/>
    <member type="way" ref="49796163" role="forward"/>
    <member type="way" ref="230506722" role="forward"/>
    <member type="way" ref="4256531" role="forward"/>
    <member type="way" ref="23715304" role="forward"/>
    <member type="way" ref="39093506" role=""/>
    <member type="way" ref="1008674254" role=""/>
    <member type="way" ref="483872217" role="forward"/>
    <member type="way" ref="230503367" role="forward"/>
    <member type="way" ref="1008674252" role=""/>
    <member type="way" ref="1008674253" role=""/>
    <member type="way" ref="217573431" role="forward"/>
    <member type="way" ref="482974061" role="forward"/>
    <member type="way" ref="1065112868" role="forward"/>
    <member type="way" ref="43157301" role="forward"/>
    <member type="way" ref="230500846" role="forward"/>
    <member type="way" ref="901000130" role="forward"/>
    <member type="way" ref="1336796686" role="forward"/>
    <member type="way" ref="230503683" role="forward"/>
    <member type="way" ref="230500145" role="forward"/>
    <member type="way" ref="901000131" role="forward"/>
    <member type="way" ref="230500143" role="forward"/>
    <member type="way" ref="230503557" role="forward"/>
    <member type="way" ref="1128951597" role="forward"/>
    <member type="way" ref="245384250" role="forward"/>
    <member type="way" ref="406370789" role="forward"/>
    <member type="way" ref="192093366" role="forward"/>
    <member type="way" ref="908096240" role="forward"/>
    <member type="way" ref="431794369" role="forward"/>
    <member type="way" ref="908096236" role="forward"/>
    <member type="way" ref="838933552" role="forward"/>
    <member type="way" ref="230503556" role="forward"/>
    <member type="way" ref="1070252768" role="forward"/>
    <member type="way" ref="230500144" role="forward"/>
    <member type="way" ref="245384251" role="forward"/>
    <member type="way" ref="43157300" role="forward"/>
    <member type="way" ref="260763235" role="forward"/>
    <member type="way" ref="888773919" role="forward"/>
    <member type="way" ref="300869142" role="forward"/>
    <member type="way" ref="886869658" role="forward"/>
    <member type="way" ref="230502961" role="forward"/>
    <member type="way" ref="1263687030" role=""/>
    <member type="way" ref="1263687029" role=""/>
    <member type="way" ref="230502962" role="forward"/>
    <member type="way" ref="23715300" role="forward"/>
    <member type="way" ref="1065112867" role="forward"/>
    <member type="way" ref="230500560" role="forward"/>
    <member type="way" ref="482974060" role="forward"/>
    <member type="way" ref="230500556" role="forward"/>
    <member type="way" ref="230503680" role="forward"/>
    <member type="way" ref="230500146" role="forward"/>
    <tag k="cycle_network" v="GB:London Cycle Network"/>
    <tag k="network" v="lcn"/>
    <tag k="route" v="bicycle"/>
    <tag k="type" v="route"/>
  </relation>
  <relation id="13494177" version="1" timestamp="2021-11-30T05:44:24Z" changeset="114386932" uid="322039" user="MacLondon">
    <member type="relation" ref="13494176" role=""/>
    <member type="relation" ref="8830546" role=""/>
    <member type="relation" ref="12239284" role=""/>
    <member type="relation" ref="11192022" role=""/>
    <tag k="network" v="lcn"/>
    <tag k="route" v="bicycle"/>
    <tag k="type" v="superroute"/>
  </relation>
  <relation id="15555506" version="1" timestamp="2023-03-04T10:58:11Z" changeset="133284839" uid="251688" user="Molko">
    <member type="way" ref="1151194610" role="outer"/>
    <member type="way" ref="1151194611" role="inner"/>
    <member type="way" ref="747150853" role="inner"/>
    <member type="way" ref="948884628" role="inner"/>
    <member type="way" ref="1151194609" role="inner"/>
    <member type="way" ref="1151194608" role="inner"/>
    <tag k="highway" v="pedestrian"/>
    <tag k="name" v="Alfred Place"/>
    <tag k="surface" v="paving_stones"/>
    <tag k="type" v="multipolygon"/>
  </relation>

</osm>
